run_id,round,n_samples,depth,scheme,scheme_position,sample_index,prove_call_s,verify_call_s,validation_call_s
20260911_131106_302206,1,8,3,NM,1,0,0.6793406000360847,0.4640970006585121,0.46414020005613565
20260911_131106_302206,1,8,3,NM,1,1,0.6704851994290948,0.48964110016822815,0.48968440014868975
20260911_131106_302206,1,8,3,NM,1,2,0.7530389996245503,0.5108899995684624,0.510920500382781
20260911_131106_302206,1,8,3,NM,1,3,0.7693664999678731,0.4766905000433326,0.4767554998397827
20260911_131106_302206,1,8,3,NM,1,4,0.733517300337553,0.4776458004489541,0.47773140016943216
20260911_131106_302206,1,8,3,NM,1,5,0.7020960999652743,0.4975065002217889,0.497592699714005
20260911_131106_302206,1,8,3,NM,1,6,0.7097915001213551,0.4930900000035763,0.4931576997041702
20260911_131106_302206,1,8,3,NM,1,7,0.7122613005340099,0.5045948000624776,0.5046600000932813
20260911_131106_302206,1,8,3,M,2,0,0.8189569003880024,0.5011138999834657,0.5012147994711995
20260911_131106_302206,1,8,3,M,2,1,0.7890782002359629,0.516953700222075,0.5170199992135167
20260911_131106_302206,1,8,3,M,2,2,0.7938630003482103,0.5421267999336123,0.542199700139463
20260911_131106_302206,1,8,3,M,2,3,0.8281263001263142,0.5543114999309182,0.55437729973346
20260911_131106_302206,1,8,3,M,2,4,0.8102658996358514,0.5635877996683121,0.5636526998132467
20260911_131106_302206,1,8,3,M,2,5,0.9038300001993775,0.5677038002759218,0.5677706003189087
20260911_131106_302206,1,8,3,M,2,6,1.1125160995870829,0.5901493998244405,0.590225899592042
20260911_131106_302206,1,8,3,M,2,7,0.9529956001788378,0.561103199608624,0.5612114006653428
20260911_131106_302206,1,16,4,NM,1,0,0.7589055998250842,0.4952476006001234,0.49531059991568327
20260911_131106_302206,1,16,4,NM,1,1,0.8556952998042107,0.5352737996727228,0.5353170000016689
20260911_131106_302206,1,16,4,NM,1,2,0.8262828001752496,0.4974132999777794,0.4974798997864127
20260911_131106_302206,1,16,4,NM,1,3,0.832247699610889,0.5036882003769279,0.5037524001672864
20260911_131106_302206,1,16,4,NM,1,4,0.7640041001141071,0.5778942005708814,0.5779627002775669
20260911_131106_302206,1,16,4,NM,1,5,0.8656603004783392,0.534043200314045,0.5341550996527076
20260911_131106_302206,1,16,4,NM,1,6,0.8325356002897024,0.4995557004585862,0.4996014004573226
20260911_131106_302206,1,16,4,NM,1,7,0.7667568000033498,0.5674869008362293,0.5675564995035529
20260911_131106_302206,1,16,4,NM,1,8,0.8700672006234527,0.5725208995863795,0.572579599916935
20260911_131106_302206,1,16,4,NM,1,9,0.8354981997981668,0.5537869995459914,0.5538675999268889
20260911_131106_302206,1,16,4,NM,1,10,0.7696522008627653,0.5322952996939421,0.5323783000931144
20260911_131106_302206,1,16,4,NM,1,11,0.8908087005838752,0.6380722001194954,0.6381374998018146
20260911_131106_302206,1,16,4,NM,1,12,0.8827607994899154,0.5440617995336652,0.544115100055933
20260911_131106_302206,1,16,4,NM,1,13,0.8302020002156496,0.5264336997643113,0.526503499597311
20260911_131106_302206,1,16,4,NM,1,14,0.7913354998454452,0.4801401998847723,0.48020439967513084
20260911_131106_302206,1,16,4,NM,1,15,0.7909757997840643,0.5676721995696425,0.5678340001031756
20260911_131106_302206,1,16,4,M,2,0,0.997287199832499,0.5374784003943205,0.5375673994421959
20260911_131106_302206,1,16,4,M,2,1,0.9088009996339679,0.5217455001547933,0.5218187998980284
20260911_131106_302206,1,16,4,M,2,2,0.8670207001268864,0.5943875005468726,0.5944501999765635
20260911_131106_302206,1,16,4,M,2,3,0.9790853001177311,0.5729913003742695,0.5730632999911904
20260911_131106_302206,1,16,4,M,2,4,0.8850041003897786,0.5198102993890643,0.5198694001883268
20260911_131106_302206,1,16,4,M,2,5,0.8850977001711726,0.5037949997931719,0.5038717994466424
20260911_131106_302206,1,16,4,M,2,6,0.9293637005612254,0.5996979996562004,0.5997633999213576
20260911_131106_302206,1,16,4,M,2,7,0.9550646003335714,0.5020852005109191,0.5021537998691201
20260911_131106_302206,1,16,4,M,2,8,0.9267504997551441,0.5358774000778794,0.5359401004388928
20260911_131106_302206,1,16,4,M,2,9,1.044085300527513,0.6498349001631141,0.6499074995517731
20260911_131106_302206,1,16,4,M,2,10,1.23034100048244,0.6740516005083919,0.6741372998803854
20260911_131106_302206,1,16,4,M,2,11,1.2250216994434595,0.7891164002940059,0.7891810992732644
20260911_131106_302206,1,16,4,M,2,12,1.5513796005398035,0.8060654001310468,0.8061310006305575
20260911_131106_302206,1,16,4,M,2,13,1.1049145003780723,0.6193761993199587,0.6194414999336004
20260911_131106_302206,1,16,4,M,2,14,1.06399380043149,0.7591019002720714,0.7592046000063419
20260911_131106_302206,1,16,4,M,2,15,1.1939420998096466,0.6610463997349143,0.6611163998022676
20260911_131106_302206,1,32,5,NM,1,0,0.8543199999257922,0.579976100474596,0.5800357004627585
20260911_131106_302206,1,32,5,NM,1,1,0.8673962997272611,0.6602596007287502,0.6603239998221397
20260911_131106_302206,1,32,5,NM,1,2,1.0457223001867533,0.5782891996204853,0.578337199985981
20260911_131106_302206,1,32,5,NM,1,3,0.8483087001368403,0.49308119993656874,0.4931242996826768
20260911_131106_302206,1,32,5,NM,1,4,0.7650536000728607,0.5028239004313946,0.5028654001653194
20260911_131106_302206,1,32,5,NM,1,5,0.7742405999451876,0.4839353999122977,0.4839701000601053
20260911_131106_302206,1,32,5,NM,1,6,0.7627645991742611,0.5016907006502151,0.5017510997131467
20260911_131106_302206,1,32,5,NM,1,7,0.8189043002203107,0.5293862000107765,0.5294338995590806
20260911_131106_302206,1,32,5,NM,1,8,0.8131301002576947,0.5562736000865698,0.5563140995800495
20260911_131106_302206,1,32,5,NM,1,9,0.8038003006950021,0.5017699003219604,0.5018257005140185
20260911_131106_302206,1,32,5,NM,1,10,0.756198899820447,0.49097440019249916,0.4910203004255891
20260911_131106_302206,1,32,5,NM,1,11,0.798687600530684,0.5439743995666504,0.5440408000722528
20260911_131106_302206,1,32,5,NM,1,12,0.8584762001410127,0.5873247999697924,0.587411199696362
20260911_131106_302206,1,32,5,NM,1,13,0.8161807004362345,0.652020700275898,0.6521311001852155
20260911_131106_302206,1,32,5,NM,1,14,1.1006762003526092,0.595477900467813,0.5955491997301579
20260911_131106_302206,1,32,5,NM,1,15,0.89158880058676,0.5591009994968772,0.5591804999858141
20260911_131106_302206,1,32,5,NM,1,16,0.8447436997666955,0.5446057999506593,0.544705200009048
20260911_131106_302206,1,32,5,NM,1,17,0.7824273994192481,0.502305599860847,0.502365100197494
20260911_131106_302206,1,32,5,NM,1,18,0.7789035001769662,0.5144618004560471,0.5145333996042609
20260911_131106_302206,1,32,5,NM,1,19,0.817098299972713,0.516495899297297,0.5165827004238963
20260911_131106_302206,1,32,5,NM,1,20,0.7746819006279111,0.5359273999929428,0.53599669970572
20260911_131106_302206,1,32,5,NM,1,21,0.8403075998649001,0.5421986998990178,0.5423461999744177
20260911_131106_302206,1,32,5,NM,1,22,0.770770600065589,0.5192713001742959,0.5193378999829292
20260911_131106_302206,1,32,5,NM,1,23,0.7857013000175357,0.5184271996840835,0.5185101004317403
20260911_131106_302206,1,32,5,NM,1,24,0.8227260001003742,0.522227599285543,0.522291999310255
20260911_131106_302206,1,32,5,NM,1,25,0.797822299413383,0.6393778994679451,0.6394464001059532
20260911_131106_302206,1,32,5,NM,1,26,0.8920935997739434,0.5381240993738174,0.538204500451684
20260911_131106_302206,1,32,5,NM,1,27,0.7889026002958417,0.5714795999228954,0.5715429000556469
20260911_131106_302206,1,32,5,NM,1,28,0.8897905992344022,0.5291281994432211,0.5292167998850346
20260911_131106_302206,1,32,5,NM,1,29,0.8061913996934891,0.5174290994182229,0.5175104001536965
20260911_131106_302206,1,32,5,NM,1,30,0.7913143998011947,0.5207062000408769,0.5207722000777721
20260911_131106_302206,1,32,5,NM,1,31,0.7892721006646752,0.5121744005009532,0.5122515996918082
20260911_131106_302206,1,32,5,M,2,0,0.9545573005452752,0.5812376998364925,0.5813111001625657
20260911_131106_302206,1,32,5,M,2,1,1.0556616997346282,0.6103101996704936,0.6103846998885274
20260911_131106_302206,1,32,5,M,2,2,1.0477766003459692,0.5843006009235978,0.5843926006928086
20260911_131106_302206,1,32,5,M,2,3,1.139044700190425,0.674668500199914,0.6748522995039821
20260911_131106_302206,1,32,5,M,2,4,1.1354157999157906,0.6095294002443552,0.6096112001687288
20260911_131106_302206,1,32,5,M,2,5,1.0419177003204823,0.6445291992276907,0.6446000002324581
20260911_131106_302206,1,32,5,M,2,6,1.072599700652063,0.5709378002211452,0.5710185999050736
20260911_131106_302206,1,32,5,M,2,7,1.0742190992459655,0.5732965003699064,0.57335289940238
20260911_131106_302206,1,32,5,M,2,8,0.9464189996942878,0.566168999299407,0.5662692999467254
20260911_131106_302206,1,32,5,M,2,9,1.103354400023818,0.6632633004337549,0.6633532997220755
20260911_131106_302206,1,32,5,M,2,10,1.0955544002354145,0.6247321991249919,0.6247982997447252
20260911_131106_302206,1,32,5,M,2,11,1.0537849003449082,0.5771257998421788,0.5772096002474427
20260911_131106_302206,1,32,5,M,2,12,0.9968379000201821,0.6115268999710679,0.611604799516499
20260911_131106_302206,1,32,5,M,2,13,1.1045458000153303,0.6765349991619587,0.6766055999323726
20260911_131106_302206,1,32,5,M,2,14,0.9873135993257165,0.5779884997755289,0.5780785996466875
20260911_131106_302206,1,32,5,M,2,15,1.0177213996648788,0.6201868997886777,0.6202510995790362
20260911_131106_302206,1,32,5,M,2,16,1.1206252006813884,0.6173454001545906,0.6174101000651717
20260911_131106_302206,1,32,5,M,2,17,0.9441988002508879,0.5070078996941447,0.5070855002850294
20260911_131106_302206,1,32,5,M,2,18,0.909863299690187,0.5522994995117188,0.5523698003962636
20260911_131106_302206,1,32,5,M,2,19,1.0560799995437264,0.5679660998284817,0.5680594006553292
20260911_131106_302206,1,32,5,M,2,20,0.9405888998880982,0.5059725996106863,0.5060355998575687
20260911_131106_302206,1,32,5,M,2,21,0.8917864002287388,0.519043399952352,0.5191118000075221
20260911_131106_302206,1,32,5,M,2,22,0.9030496999621391,0.5154480999335647,0.5155295003205538
20260911_131106_302206,1,32,5,M,2,23,0.8891508998349309,0.5279745999723673,0.5280414996668696
20260911_131106_302206,1,32,5,M,2,24,0.863374499604106,0.511238900013268,0.5113073997199535
20260911_131106_302206,1,32,5,M,2,25,0.9028836004436016,0.5222960999235511,0.5223682001233101
20260911_131106_302206,1,32,5,M,2,26,0.8733745999634266,0.5246572997421026,0.5247349003329873
20260911_131106_302206,1,32,5,M,2,27,0.903808300383389,0.61033880058676,0.6104266000911593
20260911_131106_302206,1,32,5,M,2,28,1.0080757001414895,0.5491221994161606,0.5492025995627046
20260911_131106_302206,1,32,5,M,2,29,0.9582003001123667,0.5799802001565695,0.5800912007689476
20260911_131106_302206,1,32,5,M,2,30,0.9684162000194192,0.5504526002332568,0.5505186002701521
20260911_131106_302206,1,32,5,M,2,31,0.8789350995793939,0.5024867001920938,0.5025573000311852
20260911_131106_302206,1,64,6,NM,1,0,0.82301240041852,0.5499168001115322,0.549978400580585
20260911_131106_302206,1,64,6,NM,1,1,0.7737998999655247,0.5201773000881076,0.5204264000058174
20260911_131106_302206,1,64,6,NM,1,2,0.8277092995122075,0.5424878001213074,0.5425529005005956
20260911_131106_302206,1,64,6,NM,1,3,0.8661917997524142,0.55836489982903,0.5584471002221107
20260911_131106_302206,1,64,6,NM,1,4,0.8824620004743338,0.5847960999235511,0.5848876005038619
20260911_131106_302206,1,64,6,NM,1,5,0.8703322000801563,0.598518299870193,0.598590100184083
20260911_131106_302206,1,64,6,NM,1,6,0.7926055006682873,0.5334275001659989,0.533491799607873
20260911_131106_302206,1,64,6,NM,1,7,0.814419699832797,0.5579189006239176,0.5579915996640921
20260911_131106_302206,1,64,6,NM,1,8,0.8433889001607895,0.52285569999367,0.5229246001690626
20260911_131106_302206,1,64,6,NM,1,9,1.1151645993813872,0.6136224996298552,0.6136930007487535
20260911_131106_302206,1,64,6,NM,1,10,0.9509586999192834,0.5724357003346086,0.5725119998678565
20260911_131106_302206,1,64,6,NM,1,11,0.8572754003107548,0.5548283997923136,0.5549284992739558
20260911_131106_302206,1,64,6,NM,1,12,0.8634120998904109,0.5690297996625304,0.5690999003127217
20260911_131106_302206,1,64,6,NM,1,13,0.8388052005320787,0.5481262998655438,0.5481949998065829
20260911_131106_302206,1,64,6,NM,1,14,0.8272219002246857,0.6270222002640367,0.6270983004942536
20260911_131106_302206,1,64,6,NM,1,15,0.9468449000269175,0.6643583998084068,0.6644227998331189
20260911_131106_302206,1,64,6,NM,1,16,0.8619235996156931,0.5343400994315743,0.5343945007771254
20260911_131106_302206,1,64,6,NM,1,17,0.8035880997776985,0.5159196006134152,0.5159678002819419
20260911_131106_302206,1,64,6,NM,1,18,0.8175937002524734,0.524040300399065,0.5240825992077589
20260911_131106_302206,1,64,6,NM,1,19,0.7826346000656486,0.523475999943912,0.5235370993614197
20260911_131106_302206,1,64,6,NM,1,20,0.7774219997227192,0.510644800029695,0.5107041001319885
20260911_131106_302206,1,64,6,NM,1,21,0.8320931000635028,0.49415200017392635,0.4941909993067384
20260911_131106_302206,1,64,6,NM,1,22,0.7978908000513911,0.5209853993728757,0.5210499009117484
20260911_131106_302206,1,64,6,NM,1,23,0.7782290996983647,0.5242848005145788,0.5243298001587391
20260911_131106_302206,1,64,6,NM,1,24,0.8057129997760057,0.535195299424231,0.5352365002036095
20260911_131106_302206,1,64,6,NM,1,25,0.8338483003899455,0.5490004001185298,0.5490496996790171
20260911_131106_302206,1,64,6,NM,1,26,0.8636996001005173,0.5696999998763204,0.5697423005476594
20260911_131106_302206,1,64,6,NM,1,27,1.0010925997048616,0.7087130006402731,0.7088099997490644
20260911_131106_302206,1,64,6,NM,1,28,1.1335420003160834,0.6577265998348594,0.6578083001077175
20260911_131106_302206,1,64,6,NM,1,29,1.0313984006643295,0.6333427997305989,0.6334138000383973
20260911_131106_302206,1,64,6,NM,1,30,1.0253870002925396,0.6473895004019141,0.6474828999489546
20260911_131106_302206,1,64,6,NM,1,31,0.9940664004534483,0.6677598999813199,0.6678339000791311
20260911_131106_302206,1,64,6,NM,1,32,1.0123283006250858,0.6731197005137801,0.6731941001489758
20260911_131106_302206,1,64,6,NM,1,33,1.3021590001881123,0.7042778003960848,0.7044702991843224
20260911_131106_302206,1,64,6,NM,1,34,1.0825582006946206,0.7154184998944402,0.7155079999938607
20260911_131106_302206,1,64,6,NM,1,35,1.0973912999033928,0.768826000392437,0.7704247999936342
20260911_131106_302206,1,64,6,NM,1,36,1.0514710005372763,0.6799738993868232,0.680090700276196
20260911_131106_302206,1,64,6,NM,1,37,1.0113605000078678,0.5905639994889498,0.5906408997252584
20260911_131106_302206,1,64,6,NM,1,38,0.9802529001608491,0.5994195993989706,0.5995126999914646
20260911_131106_302206,1,64,6,NM,1,39,1.1387126008048654,0.6688504992052913,0.6689856993034482
20260911_131106_302206,1,64,6,NM,1,40,0.9134694002568722,0.5880153002217412,0.5880992002785206
20260911_131106_302206,1,64,6,NM,1,41,0.9316638000309467,0.6479414002969861,0.6480857999995351
20260911_131106_302206,1,64,6,NM,1,42,0.891325700096786,0.5778414001688361,0.5779347997158766
20260911_131106_302206,1,64,6,NM,1,43,0.8757591992616653,0.5988312000408769,0.5989063000306487
20260911_131106_302206,1,64,6,NM,1,44,0.9316226001828909,0.7346323998644948,0.7347108004614711
20260911_131106_302206,1,64,6,NM,1,45,1.1401046998798847,0.5786187006160617,0.5786837004125118
20260911_131106_302206,1,64,6,NM,1,46,0.8884024005383253,0.5772728994488716,0.5773736005648971
20260911_131106_302206,1,64,6,NM,1,47,0.8363667000085115,0.5733463997021317,0.5734593998640776
20260911_131106_302206,1,64,6,NM,1,48,0.8851442001760006,0.5792575003579259,0.5793797001242638
20260911_131106_302206,1,64,6,NM,1,49,0.89301129989326,0.6233320003375411,0.6234020004048944
20260911_131106_302206,1,64,6,NM,1,50,0.9420964000746608,0.5394870992749929,0.5395626993849874
20260911_131106_302206,1,64,6,NM,1,51,0.8285780996084213,0.5784542001783848,0.5785680999979377
20260911_131106_302206,1,64,6,NM,1,52,0.8932119999080896,0.5797899002209306,0.5798640996217728
20260911_131106_302206,1,64,6,NM,1,53,0.8787524998188019,0.5708916001021862,0.5709625007584691
20260911_131106_302206,1,64,6,NM,1,54,0.8844870002940297,0.6433606008067727,0.6434888998046517
20260911_131106_302206,1,64,6,NM,1,55,0.8815155997872353,0.5772819006815553,0.5773582002148032
20260911_131106_302206,1,64,6,NM,1,56,0.9176668003201485,0.5648349998518825,0.5649092001840472
20260911_131106_302206,1,64,6,NM,1,57,0.8906388003379107,0.5715217003598809,0.5716232005506754
20260911_131106_302206,1,64,6,NM,1,58,0.8261569999158382,0.5648929998278618,0.5649589002132416
20260911_131106_302206,1,64,6,NM,1,59,0.8846746003255248,0.561680699698627,0.5617931000888348
20260911_131106_302206,1,64,6,NM,1,60,0.8782090004533529,0.5736442999914289,0.5737111996859312
20260911_131106_302206,1,64,6,NM,1,61,0.8830708991736174,0.5748792001977563,0.5749896997585893
20260911_131106_302206,1,64,6,NM,1,62,0.886965099722147,0.5745724001899362,0.5746485004201531
20260911_131106_302206,1,64,6,NM,1,63,0.9097495004534721,0.567662799730897,0.5677765998989344
20260911_131106_302206,1,64,6,M,2,0,1.1745686000213027,0.5637141996994615,0.5638473993167281
20260911_131106_302206,1,64,6,M,2,1,1.1231940006837249,0.677357199601829,0.6775545002892613
20260911_131106_302206,1,64,6,M,2,2,1.2176951002329588,0.6147865001112223,0.61485980078578
20260911_131106_302206,1,64,6,M,2,3,1.10472990013659,0.6060002995654941,0.6060907999053597
20260911_131106_302206,1,64,6,M,2,4,1.173517200164497,0.6579464999958873,0.6580210998654366
20260911_131106_302206,1,64,6,M,2,5,1.1605435004457831,0.6055511003360152,0.6056784000247717
20260911_131106_302206,1,64,6,M,2,6,1.2343763001263142,0.5801081005483866,0.5801729997619987
20260911_131106_302206,1,64,6,M,2,7,1.1988117005676031,0.6268140999600291,0.6268798001110554
20260911_131106_302206,1,64,6,M,2,8,1.2347152000293136,0.6277218004688621,0.6278352001681924
20260911_131106_302206,1,64,6,M,2,9,1.1556541994214058,0.6535031003877521,0.6535729998722672
20260911_131106_302206,1,64,6,M,2,10,1.2639655992388725,0.6924347002059221,0.6925126994028687
20260911_131106_302206,1,64,6,M,2,11,1.2518559005111456,0.6394243994727731,0.6397412996739149
20260911_131106_302206,1,64,6,M,2,12,1.2211950002238154,0.6865098997950554,0.6865751994773746
20260911_131106_302206,1,64,6,M,2,13,1.4180796993896365,0.654449500143528,0.654522099532187
20260911_131106_302206,1,64,6,M,2,14,1.211471799761057,0.640591399744153,0.6406562998890877
20260911_131106_302206,1,64,6,M,2,15,1.2276847995817661,0.6733889998868108,0.6734563997015357
20260911_131106_302206,1,64,6,M,2,16,1.3442581007257104,0.7463517999276519,0.7464343002066016
20260911_131106_302206,1,64,6,M,2,17,1.406398800201714,0.8917371006682515,0.8918163003399968
20260911_131106_302206,1,64,6,M,2,18,1.3880716999992728,0.7181670004501939,0.7182463994249701
20260911_131106_302206,1,64,6,M,2,19,1.3352857995778322,1.111221699975431,1.1112883007153869
20260911_131106_302206,1,64,6,M,2,20,1.8284764997661114,0.8702138001099229,0.8704238003119826
20260911_131106_302206,1,64,6,M,2,21,1.9152672002092004,0.8962885998189449,0.8965283995494246
20260911_131106_302206,1,64,6,M,2,22,1.4061273001134396,0.6593968002125621,0.6594943003728986
20260911_131106_302206,1,64,6,M,2,23,1.3035305002704263,0.7537562996149063,0.7538416003808379
20260911_131106_302206,1,64,6,M,2,24,1.1597769996151328,0.5991949001327157,0.5993066998198628
20260911_131106_302206,1,64,6,M,2,25,1.1665408005937934,0.7830352997407317,0.7831081999465823
20260911_131106_302206,1,64,6,M,2,26,1.408529800362885,0.6492327991873026,0.6493180003017187
20260911_131106_302206,1,64,6,M,2,27,1.1840105997398496,0.7056321995332837,0.7057309998199344
20260911_131106_302206,1,64,6,M,2,28,1.3069094000384212,0.6665882999077439,0.6666927002370358
20260911_131106_302206,1,64,6,M,2,29,1.172096099704504,0.6026864005252719,0.6028286991640925
20260911_131106_302206,1,64,6,M,2,30,1.2274718005210161,0.5785428006201982,0.5786207001656294
20260911_131106_302206,1,64,6,M,2,31,1.1800975995138288,0.609315799549222,0.6094470005482435
20260911_131106_302206,1,64,6,M,2,32,1.1401444002985954,0.62773900013417,0.6278603002429008
20260911_131106_302206,1,64,6,M,2,33,1.265929900109768,0.6174272997304797,0.6175112007185817
20260911_131106_302206,1,64,6,M,2,34,1.189521299675107,0.6423498997464776,0.6424128003418446
20260911_131106_302206,1,64,6,M,2,35,1.144133299589157,0.5994000006467104,0.5994686996564269
20260911_131106_302206,1,64,6,M,2,36,1.1565148001536727,0.599668400362134,0.5998323000967503
20260911_131106_302206,1,64,6,M,2,37,1.1919592004269361,0.5852132001891732,0.5852939998731017
20260911_131106_302206,1,64,6,M,2,38,1.1545732002705336,0.7453723000362515,0.745465200394392
20260911_131106_302206,1,64,6,M,2,39,1.2570915995165706,0.6123079992830753,0.6123718004673719
20260911_131106_302206,1,64,6,M,2,40,1.1842500995844603,0.6067854994907975,0.6068609999492764
20260911_131106_302206,1,64,6,M,2,41,1.1463473998010159,0.6325880000367761,0.6327391993254423
20260911_131106_302206,1,64,6,M,2,42,1.1639249995350838,0.7398880999535322,0.739966799505055
20260911_131106_302206,1,64,6,M,2,43,1.208193900063634,0.6446046996861696,0.6446764003485441
20260911_131106_302206,1,64,6,M,2,44,1.205681899562478,0.6242423998191953,0.6244099996984005
20260911_131106_302206,1,64,6,M,2,45,1.1990697998553514,0.6359284995123744,0.6360076004639268
20260911_131106_302206,1,64,6,M,2,46,1.3801437001675367,0.7595436004921794,0.7597253005951643
20260911_131106_302206,1,64,6,M,2,47,1.5044575994834304,0.8465710002928972,0.8466557003557682
20260911_131106_302206,1,64,6,M,2,48,1.3286429001018405,0.6820947006344795,0.682159099727869
20260911_131106_302206,1,64,6,M,2,49,1.299041399732232,0.8387981001287699,0.8388596000149846
20260911_131106_302206,1,64,6,M,2,50,1.3807406006380916,0.6309837000444531,0.6310738995671272
20260911_131106_302206,1,64,6,M,2,51,1.2028046995401382,0.590514900162816,0.5906429002061486
20260911_131106_302206,1,64,6,M,2,52,1.1581455999985337,0.6317002000287175,0.6318079996854067
20260911_131106_302206,1,64,6,M,2,53,1.327856699936092,0.786829499527812,0.7869031997397542
20260911_131106_302206,1,64,6,M,2,54,1.2318599997088313,0.7709049005061388,0.7709739999845624
20260911_131106_302206,1,64,6,M,2,55,1.3003954999148846,0.7068816004320979,0.7070072004571557
20260911_131106_302206,1,64,6,M,2,56,1.2202265001833439,0.653069700114429,0.6531360000371933
20260911_131106_302206,1,64,6,M,2,57,1.1877439003437757,0.7611764008179307,0.761247499845922
20260911_131106_302206,1,64,6,M,2,58,1.289265999570489,0.6467472007498145,0.646820499561727
20260911_131106_302206,1,64,6,M,2,59,1.2399856001138687,0.5728965001180768,0.5730119999498129
20260911_131106_302206,1,64,6,M,2,60,1.1337995007634163,0.7132875993847847,0.7133812000975013
20260911_131106_302206,1,64,6,M,2,61,1.2113147005438805,0.6093055997043848,0.6094780005514622
20260911_131106_302206,1,64,6,M,2,62,1.3201197003945708,0.7112720999866724,0.7113509001210332
20260911_131106_302206,1,64,6,M,2,63,1.359325099736452,0.7541033001616597,0.7541963001713157
20260911_131106_302206,1,128,7,NM,1,0,0.7089315000921488,0.4526898004114628,0.45273400004953146
20260911_131106_302206,1,128,7,NM,1,1,0.7139131994917989,0.4802017007023096,0.4802319994196296
20260911_131106_302206,1,128,7,NM,1,2,0.7227204004302621,0.4590885993093252,0.4591171005740762
20260911_131106_302206,1,128,7,NM,1,3,0.7125989003106952,0.4704307997599244,0.47046069987118244
20260911_131106_302206,1,128,7,NM,1,4,0.735478600487113,0.46808720007538795,0.4681280003860593
20260911_131106_302206,1,128,7,NM,1,5,0.7338352994993329,0.4765612995252013,0.47659269999712706
20260911_131106_302206,1,128,7,NM,1,6,0.7163353003561497,0.463676399551332,0.4637078996747732
20260911_131106_302206,1,128,7,NM,1,7,0.7255808999761939,0.46174739953130484,0.4617770006880164
20260911_131106_302206,1,128,7,NM,1,8,0.7216349001973867,0.475118400529027,0.4751468999311328
20260911_131106_302206,1,128,7,NM,1,9,0.7230265997350216,0.4622341999784112,0.4622606998309493
20260911_131106_302206,1,128,7,NM,1,10,0.7042927006259561,0.47210280038416386,0.4721408998593688
20260911_131106_302206,1,128,7,NM,1,11,0.7216065004467964,0.4758335994556546,0.47586300037801266
20260911_131106_302206,1,128,7,NM,1,12,0.7235398003831506,0.4685242995619774,0.46856370009481907
20260911_131106_302206,1,128,7,NM,1,13,0.7220019996166229,0.466839199885726,0.46686509996652603
20260911_131106_302206,1,128,7,NM,1,14,0.7237106999382377,0.47386519983410835,0.4738931003957987
20260911_131106_302206,1,128,7,NM,1,15,0.7259601000696421,0.4773367000743747,0.47736670076847076
20260911_131106_302206,1,128,7,NM,1,16,0.7263441998511553,0.4666609996929765,0.46669069956988096
20260911_131106_302206,1,128,7,NM,1,17,0.7194845005869865,0.4697471000254154,0.46977549977600574
20260911_131106_302206,1,128,7,NM,1,18,0.738897199742496,0.4690167000517249,0.46905680000782013
20260911_131106_302206,1,128,7,NM,1,19,0.7160804998129606,0.47214239928871393,0.4721756000071764
20260911_131106_302206,1,128,7,NM,1,20,0.7108682999387383,0.48459860030561686,0.4846315998584032
20260911_131106_302206,1,128,7,NM,1,21,0.7138240998610854,0.47678729984909296,0.4768190998584032
20260911_131106_302206,1,128,7,NM,1,22,0.7109441999346018,0.4843672998249531,0.48440060019493103
20260911_131106_302206,1,128,7,NM,1,23,0.7305102003738284,0.4713745005428791,0.4714045999571681
20260911_131106_302206,1,128,7,NM,1,24,0.7065769992768764,0.4698580000549555,0.46988730039447546
20260911_131106_302206,1,128,7,NM,1,25,0.7697540000081062,0.5259655006229877,0.5259993998333812
20260911_131106_302206,1,128,7,NM,1,26,0.7306870007887483,0.48113799933344126,0.4811678007245064
20260911_131106_302206,1,128,7,NM,1,27,0.7168537005782127,0.47603860031813383,0.47606889996677637
20260911_131106_302206,1,128,7,NM,1,28,0.7099360004067421,0.48692329972982407,0.4869555998593569
20260911_131106_302206,1,128,7,NM,1,29,0.7289672996848822,0.4690436003729701,0.469072500243783
20260911_131106_302206,1,128,7,NM,1,30,0.7219704994931817,0.487393899820745,0.48742369934916496
20260911_131106_302206,1,128,7,NM,1,31,0.7131031006574631,0.48352829925715923,0.48355890065431595
20260911_131106_302206,1,128,7,NM,1,32,0.7219700003042817,0.48893710039556026,0.4889674000442028
20260911_131106_302206,1,128,7,NM,1,33,0.7225016998127103,0.4754678001627326,0.4754969999194145
20260911_131106_302206,1,128,7,NM,1,34,0.7527764001861215,0.49449740070849657,0.49453180003911257
20260911_131106_302206,1,128,7,NM,1,35,0.7478679995983839,0.48065519984811544,0.48068480007350445
20260911_131106_302206,1,128,7,NM,1,36,0.7621093997731805,0.508695600554347,0.508729999884963
20260911_131106_302206,1,128,7,NM,1,37,0.8279032008722425,0.5109844002872705,0.5110235000029206
20260911_131106_302206,1,128,7,NM,1,38,0.8380710007622838,0.5122140003368258,0.512249399907887
20260911_131106_302206,1,128,7,NM,1,39,0.7680374998599291,0.5008241999894381,0.5008581997826695
20260911_131106_302206,1,128,7,NM,1,40,0.8828509002923965,0.5526597006246448,0.5526956999674439
20260911_131106_302206,1,128,7,NM,1,41,0.8505873000249267,0.5105733992531896,0.5106077995151281
20260911_131106_302206,1,128,7,NM,1,42,0.7954932004213333,0.5533811999484897,0.5534198004752398
20260911_131106_302206,1,128,7,NM,1,43,0.8302175998687744,0.5028040995821357,0.5028372006490827
20260911_131106_302206,1,128,7,NM,1,44,0.8228740999475121,0.5122537994757295,0.5122910002246499
20260911_131106_302206,1,128,7,NM,1,45,0.7865159995853901,0.5336921000853181,0.533729899674654
20260911_131106_302206,1,128,7,NM,1,46,0.773543999530375,0.5305815003812313,0.5306181004270911
20260911_131106_302206,1,128,7,NM,1,47,0.8358041001483798,0.5007135001942515,0.5007485002279282
20260911_131106_302206,1,128,7,NM,1,48,0.7844393998384476,0.52845189999789,0.5284863002598286
20260911_131106_302206,1,128,7,NM,1,49,0.7948890998959541,0.4855605000630021,0.48559550009667873
20260911_131106_302206,1,128,7,NM,1,50,0.8083343002945185,0.5073437998071313,0.5073765004053712
20260911_131106_302206,1,128,7,NM,1,51,0.7802769998088479,0.5137929990887642,0.5138282002881169
20260911_131106_302206,1,128,7,NM,1,52,0.8143588006496429,0.48413840029388666,0.48419350013136864
20260911_131106_302206,1,128,7,NM,1,53,0.8164494000375271,0.47796839941293,0.4780027000233531
20260911_131106_302206,1,128,7,NM,1,54,0.7829604996368289,0.5086479000747204,0.5086832996457815
20260911_131106_302206,1,128,7,NM,1,55,0.7977044004946947,0.4925309997051954,0.49256599973887205
20260911_131106_302206,1,128,7,NM,1,56,0.7913303002715111,0.5372481001541018,0.5372863998636603
20260911_131106_302206,1,128,7,NM,1,57,0.7809177003800869,0.5096615999937057,0.5096962992101908
20260911_131106_302206,1,128,7,NM,1,58,0.7728746002539992,0.5163783002644777,0.5164186004549265
20260911_131106_302206,1,128,7,NM,1,59,0.7579477997496724,0.534090400673449,0.5341266999021173
20260911_131106_302206,1,128,7,NM,1,60,0.7608256004750729,0.4973351005464792,0.4973726999014616
20260911_131106_302206,1,128,7,NM,1,61,0.800216100178659,0.49205479957163334,0.4920884007588029
20260911_131106_302206,1,128,7,NM,1,62,0.7989493999630213,0.48067659977823496,0.48071030061692
20260911_131106_302206,1,128,7,NM,1,63,0.776622399687767,0.49541550036519766,0.4954504007473588
20260911_131106_302206,1,128,7,NM,1,64,0.822643400169909,0.5063280006870627,0.5063650999218225
20260911_131106_302206,1,128,7,NM,1,65,0.7865540999919176,0.5222816998139024,0.522320699878037
20260911_131106_302206,1,128,7,NM,1,66,0.7856692997738719,0.5118050994351506,0.5118403993546963
20260911_131106_302206,1,128,7,NM,1,67,0.7952776001766324,0.5026245005428791,0.5026602996513247
20260911_131106_302206,1,128,7,NM,1,68,0.759549000300467,0.5199498999863863,0.5199846001341939
20260911_131106_302206,1,128,7,NM,1,69,0.7807123996317387,0.5047334004193544,0.5047712000086904
20260911_131106_302206,1,128,7,NM,1,70,0.7881276998668909,0.515111199580133,0.5151471002027392
20260911_131106_302206,1,128,7,NM,1,71,0.7686402006074786,0.5027668001130223,0.5028125001117587
20260911_131106_302206,1,128,7,NM,1,72,0.786124300211668,0.5077591007575393,0.5077948002144694
20260911_131106_302206,1,128,7,NM,1,73,0.7942559998482466,0.5147291999310255,0.5147799998521805
20260911_131106_302206,1,128,7,NM,1,74,0.7917440999299288,0.5093852998688817,0.5094202002510428
20260911_131106_302206,1,128,7,NM,1,75,0.7962145004421473,0.514265600591898,0.514300100505352
20260911_131106_302206,1,128,7,NM,1,76,0.8187905000522733,0.48672949988394976,0.4867636999115348
20260911_131106_302206,1,128,7,NM,1,77,0.7752653006464243,0.5174270998686552,0.5174673004075885
20260911_131106_302206,1,128,7,NM,1,78,0.7865180000662804,0.5036893002688885,0.503727599978447
20260911_131106_302206,1,128,7,NM,1,79,0.7839268008247018,0.5262531992048025,0.5262884004041553
20260911_131106_302206,1,128,7,NM,1,80,0.7578783007338643,0.49919790029525757,0.4992367997765541
20260911_131106_302206,1,128,7,NM,1,81,0.8171845003962517,0.4961664006114006,0.4961996003985405
20260911_131106_302206,1,128,7,NM,1,82,0.7835742002353072,0.5150400996208191,0.5150747001171112
20260911_131106_302206,1,128,7,NM,1,83,0.7750954004004598,0.48691989947110415,0.48695529997348785
20260911_131106_302206,1,128,7,NM,1,84,0.7827465999871492,0.496955499984324,0.4969905000180006
20260911_131106_302206,1,128,7,NM,1,85,0.7862585997208953,0.5005041006952524,0.5005385000258684
20260911_131106_302206,1,128,7,NM,1,86,0.7863595001399517,0.48967939987778664,0.48972580023109913
20260911_131106_302206,1,128,7,NM,1,87,0.8005211995914578,0.48649470042437315,0.486531900241971
20260911_131106_302206,1,128,7,NM,1,88,0.7470434997230768,0.5207358002662659,0.5207703998312354
20260911_131106_302206,1,128,7,NM,1,89,0.7624527998268604,0.5100227994844317,0.5100586004555225
20260911_131106_302206,1,128,7,NM,1,90,0.7837152006104589,0.5207583997398615,0.5207944996654987
20260911_131106_302206,1,128,7,NM,1,91,0.7546645998954773,0.5076782004907727,0.5077133998274803
20260911_131106_302206,1,128,7,NM,1,92,0.8114318996667862,0.49126309994608164,0.491296399384737
20260911_131106_302206,1,128,7,NM,1,93,0.7652366003021598,0.511706099845469,0.511740599758923
20260911_131106_302206,1,128,7,NM,1,94,0.7753037000074983,0.4995982004329562,0.4996317997574806
20260911_131106_302206,1,128,7,NM,1,95,0.7947188001126051,0.49178069923073053,0.4918150994926691
20260911_131106_302206,1,128,7,NM,1,96,0.7755438005551696,0.5261006001383066,0.5261389007791877
20260911_131106_302206,1,128,7,NM,1,97,0.7794910995289683,0.48861110024154186,0.4886448998004198
20260911_131106_302206,1,128,7,NM,1,98,0.7590020997449756,0.5085394000634551,0.5085779000073671
20260911_131106_302206,1,128,7,NM,1,99,0.7936260998249054,0.536005400121212,0.5360402995720506
20260911_131106_302206,1,128,7,NM,1,100,0.7644064007326961,0.5089351003989577,0.5089712999761105
20260911_131106_302206,1,128,7,NM,1,101,0.7532232003286481,0.5096762999892235,0.5097099002450705
20260911_131106_302206,1,128,7,NM,1,102,0.7786748996004462,0.49988550040870905,0.499923599883914
20260911_131106_302206,1,128,7,NM,1,103,0.7885582000017166,0.49799950048327446,0.4980351999402046
20260911_131106_302206,1,128,7,NM,1,104,0.7894339999184012,0.4813604997470975,0.48139509931206703
20260911_131106_302206,1,128,7,NM,1,105,0.8319568000733852,0.5047244997695088,0.5047606993466616
20260911_131106_302206,1,128,7,NM,1,106,0.7844171999022365,0.49733070004731417,0.4973659999668598
20260911_131106_302206,1,128,7,NM,1,107,0.7867863001301885,0.518006700091064,0.5180446999147534
20260911_131106_302206,1,128,7,NM,1,108,0.7277659000828862,0.4857695000246167,0.48580179922282696
20260911_131106_302206,1,128,7,NM,1,109,0.7645117994397879,0.5299395993351936,0.5299796005710959
20260911_131106_302206,1,128,7,NM,1,110,0.7612330000847578,0.5089044002816081,0.508938199840486
20260911_131106_302206,1,128,7,NM,1,111,0.7680300995707512,0.5262726005166769,0.5263087004423141
20260911_131106_302206,1,128,7,NM,1,112,0.8139879992231727,0.5042843008413911,0.504318599589169
20260911_131106_302206,1,128,7,NM,1,113,0.8014027997851372,0.5062434002757072,0.5062767993658781
20260911_131106_302206,1,128,7,NM,1,114,0.7585289003327489,0.5044373003765941,0.5044713001698256
20260911_131106_302206,1,128,7,NM,1,115,0.7808540994301438,0.489117500372231,0.48915670067071915
20260911_131106_302206,1,128,7,NM,1,116,0.769764800556004,0.5124362008646131,0.51247079949826
20260911_131106_302206,1,128,7,NM,1,117,0.7980491993948817,0.4967624992132187,0.4967951001599431
20260911_131106_302206,1,128,7,NM,1,118,0.7867242004722357,0.47651970013976097,0.4765547001734376
20260911_131106_302206,1,128,7,NM,1,119,0.7720962995663285,0.49371960014104843,0.4937551002949476
20260911_131106_302206,1,128,7,NM,1,120,0.7986572999507189,0.5178279997780919,0.5178622994571924
20260911_131106_302206,1,128,7,NM,1,121,0.7571123000234365,0.5077406000345945,0.5077771991491318
20260911_131106_302206,1,128,7,NM,1,122,0.78570899926126,0.48248220048844814,0.48253569938242435
20260911_131106_302206,1,128,7,NM,1,123,0.8023570999503136,0.48401639983057976,0.48405430000275373
20260911_131106_302206,1,128,7,NM,1,124,0.7735454998910427,0.5171727994456887,0.517208100296557
20260911_131106_302206,1,128,7,NM,1,125,0.7976044993847609,0.4854840999469161,0.4855180997401476
20260911_131106_302206,1,128,7,NM,1,126,0.788493299856782,0.5321818003430963,0.5322173992171884
20260911_131106_302206,1,128,7,NM,1,127,0.8713111001998186,0.5361049994826317,0.5361548000946641
20260911_131106_302206,1,128,7,M,2,0,0.990293700248003,0.5195686994120479,0.5196051998063922
20260911_131106_302206,1,128,7,M,2,1,1.014275399968028,0.5241668997332454,0.5242026001214981
20260911_131106_302206,1,128,7,M,2,2,1.055129699409008,0.5338017996400595,0.5338369999080896
20260911_131106_302206,1,128,7,M,2,3,0.9846494002267718,0.5079752998426557,0.5080126998946071
20260911_131106_302206,1,128,7,M,2,4,1.0018397998064756,0.5216393005102873,0.5216744998469949
20260911_131106_302206,1,128,7,M,2,5,1.000709000043571,0.5189001997932792,0.5189351001754403
20260911_131106_302206,1,128,7,M,2,6,1.0184257999062538,0.5076443003490567,0.5076823001727462
20260911_131106_302206,1,128,7,M,2,7,0.9951267996802926,0.5251002004370093,0.5251517007127404
20260911_131106_302206,1,128,7,M,2,8,1.0241739004850388,0.5143269998952746,0.5143633997067809
20260911_131106_302206,1,128,7,M,2,9,1.0029146000742912,0.5031636999920011,0.5032081995159388
20260911_131106_302206,1,128,7,M,2,10,1.0077943997457623,0.5167140001431108,0.5167493997141719
20260911_131106_302206,1,128,7,M,2,11,1.0288434997200966,0.5062651997432113,0.5063004000112414
20260911_131106_302206,1,128,7,M,2,12,1.0351427998393774,0.5172421000897884,0.517280500382185
20260911_131106_302206,1,128,7,M,2,13,0.9939316995441914,0.5222048005089164,0.522240899503231
20260911_131106_302206,1,128,7,M,2,14,1.0051920004189014,0.5424351999536157,0.5424725003540516
20260911_131106_302206,1,128,7,M,2,15,0.9758644998073578,0.5023107994347811,0.5023451000452042
20260911_131106_302206,1,128,7,M,2,16,0.979654099792242,0.5197748998180032,0.5198096996173263
20260911_131106_302206,1,128,7,M,2,17,1.0102380001917481,0.5114815998822451,0.5115625998005271
20260911_131106_302206,1,128,7,M,2,18,1.0232052002102137,0.507905500009656,0.5079437997192144
20260911_131106_302206,1,128,7,M,2,19,1.0136730000376701,0.5315185002982616,0.5315530998632312
20260911_131106_302206,1,128,7,M,2,20,0.9771576002240181,0.5215133000165224,0.5215485002845526
20260911_131106_302206,1,128,7,M,2,21,1.0564346006140113,0.5062555000185966,0.5062908995896578
20260911_131106_302206,1,128,7,M,2,22,1.0039001991972327,0.5116111002862453,0.5116535006090999
20260911_131106_302206,1,128,7,M,2,23,1.003841600380838,0.500912799499929,0.5009490996599197
20260911_131106_302206,1,128,7,M,2,24,0.9846804002299905,0.5261473003774881,0.5261830007657409
20260911_131106_302206,1,128,7,M,2,25,0.9809086993336678,0.5360248005017638,0.5360620999708772
20260911_131106_302206,1,128,7,M,2,26,1.0913378996774554,0.5406066998839378,0.5406474992632866
20260911_131106_302206,1,128,7,M,2,27,0.9853240000084043,0.4979557003825903,0.49799100030213594
20260911_131106_302206,1,128,7,M,2,28,1.0245515005663037,0.5007024994120002,0.5007381001487374
20260911_131106_302206,1,128,7,M,2,29,0.9932773998007178,0.5255580004304647,0.5255919005721807
20260911_131106_302206,1,128,7,M,2,30,1.0429841000586748,0.5008388999849558,0.500874599441886
20260911_131106_302206,1,128,7,M,2,31,1.0053669000044465,0.5817084005102515,0.5817460995167494
20260911_131106_302206,1,128,7,M,2,32,1.0329870004206896,0.5517269000411034,0.5517640998587012
20260911_131106_302206,1,128,7,M,2,33,0.9742791000753641,0.518385499715805,0.518422800116241
20260911_131106_302206,1,128,7,M,2,34,1.0005803992971778,0.4934713998809457,0.49350980017334223
20260911_131106_302206,1,128,7,M,2,35,1.0001940000802279,0.5106131993234158,0.5106490002945065
20260911_131106_302206,1,128,7,M,2,36,1.0163206001743674,0.5073286006227136,0.507362199947238
20260911_131106_302206,1,128,7,M,2,37,1.0419970005750656,0.5142622999846935,0.5143069000914693
20260911_131106_302206,1,128,7,M,2,38,1.032378999516368,0.5216108001768589,0.5216474002227187
20260911_131106_302206,1,128,7,M,2,39,0.981538500636816,0.5091763995587826,0.5092142997309566
20260911_131106_302206,1,128,7,M,2,40,0.9953227005898952,0.5018947003409266,0.5019309995695949
20260911_131106_302206,1,128,7,M,2,41,0.9900511996820569,0.5121651999652386,0.5122020998969674
20260911_131106_302206,1,128,7,M,2,42,1.0216659000143409,0.5146045004948974,0.5146404001861811
20260911_131106_302206,1,128,7,M,2,43,1.0188803002238274,0.5109873991459608,0.5110253999009728
20260911_131106_302206,1,128,7,M,2,44,1.0327457999810576,0.508916400372982,0.5089622996747494
20260911_131106_302206,1,128,7,M,2,45,0.9817722998559475,0.5080719999969006,0.50810999982059
20260911_131106_302206,1,128,7,M,2,46,1.0345171000808477,0.519734799861908,0.5197719000279903
20260911_131106_302206,1,128,7,M,2,47,0.9615144999697804,0.5203200997784734,0.5203555999323726
20260911_131106_302206,1,128,7,M,2,48,1.0064891995862126,0.49846869986504316,0.4985032007098198
20260911_131106_302206,1,128,7,M,2,49,1.0079011004418135,0.4970249002799392,0.4970611007884145
20260911_131106_302206,1,128,7,M,2,50,0.9794080005958676,0.5009669996798038,0.501010499894619
20260911_131106_302206,1,128,7,M,2,51,1.0130222998559475,0.5245406003668904,0.5245813000947237
20260911_131106_302206,1,128,7,M,2,52,0.9647568007931113,0.508474400267005,0.5085104005411267
20260911_131106_302206,1,128,7,M,2,53,0.935619099996984,0.53456199914217,0.5345997996628284
20260911_131106_302206,1,128,7,M,2,54,1.0156840002164245,0.5071022994816303,0.5071362005546689
20260911_131106_302206,1,128,7,M,2,55,0.9577660001814365,0.5092893997207284,0.5093256998807192
20260911_131106_302206,1,128,7,M,2,56,0.9288851004093885,0.5272359000518918,0.5272722002118826
20260911_131106_302206,1,128,7,M,2,57,0.9922191994264722,0.5057140998542309,0.5057504000142217
20260911_131106_302206,1,128,7,M,2,58,0.9898454993963242,0.5175574002787471,0.5175967998802662
20260911_131106_302206,1,128,7,M,2,59,0.9656744999811053,0.4884421993046999,0.48847620002925396
20260911_131106_302206,1,128,7,M,2,60,0.9925776002928615,0.5636045001447201,0.5636442992836237
20260911_131106_302206,1,128,7,M,2,61,1.12504249997437,0.5552753005176783,0.5553251998499036
20260911_131106_302206,1,128,7,M,2,62,1.128965999931097,0.5991388997063041,0.599179900251329
20260911_131106_302206,1,128,7,M,2,63,1.1131049999967217,0.5718040000647306,0.5718467999249697
20260911_131106_302206,1,128,7,M,2,64,1.085593500174582,0.5246920008212328,0.524732400663197
20260911_131106_302206,1,128,7,M,2,65,0.9851452996954322,0.5355888996273279,0.5356283998116851
20260911_131106_302206,1,128,7,M,2,66,0.9778100000694394,0.5356056001037359,0.535644100047648
20260911_131106_302206,1,128,7,M,2,67,0.9220317993313074,0.4941427996382117,0.49417709931731224
20260911_131106_302206,1,128,7,M,2,68,0.9827859001234174,0.5115160001441836,0.5115552004426718
20260911_131106_302206,1,128,7,M,2,69,1.038392599672079,0.5280124004930258,0.5280550001189113
20260911_131106_302206,1,128,7,M,2,70,0.9549641003832221,0.5134792998433113,0.5135155003517866
20260911_131106_302206,1,128,7,M,2,71,1.0250479001551867,0.5167351001873612,0.5167719004675746
20260911_131106_302206,1,128,7,M,2,72,0.9833032004535198,0.5217395005747676,0.5217757998034358
20260911_131106_302206,1,128,7,M,2,73,0.9534245003014803,0.5011505000293255,0.5011868001893163
20260911_131106_302206,1,128,7,M,2,74,1.0182563997805119,0.5386979002505541,0.5387323005124927
20260911_131106_302206,1,128,7,M,2,75,1.0005965996533632,0.5249967994168401,0.5250324001535773
20260911_131106_302206,1,128,7,M,2,76,0.94322369992733,0.5010683005675673,0.5011026998981833
20260911_131106_302206,1,128,7,M,2,77,0.9928198996931314,0.5204827999696136,0.5205218996852636
20260911_131106_302206,1,128,7,M,2,78,0.9933049995452166,0.5083420006558299,0.508377599529922
20260911_131106_302206,1,128,7,M,2,79,0.9618095997720957,0.4990890994668007,0.4991230992600322
20260911_131106_302206,1,128,7,M,2,80,1.0070932004600763,0.4947021994739771,0.4947353005409241
20260911_131106_302206,1,128,7,M,2,81,0.9592717001214623,0.5097677996382117,0.5098042003810406
20260911_131106_302206,1,128,7,M,2,82,0.9143601004034281,0.5258395997807384,0.5258860997855663
20260911_131106_302206,1,128,7,M,2,83,0.965879799798131,0.5367107996717095,0.5367467999458313
20260911_131106_302206,1,128,7,M,2,84,0.9727336997166276,0.5065339002758265,0.5065745003521442
20260911_131106_302206,1,128,7,M,2,85,0.9456569999456406,0.4960969006642699,0.4961294000968337
20260911_131106_302206,1,128,7,M,2,86,0.9754144996404648,0.5229944996535778,0.5230310000479221
20260911_131106_302206,1,128,7,M,2,87,0.9826271999627352,0.5119150001555681,0.5119496006518602
20260911_131106_302206,1,128,7,M,2,88,0.9503897000104189,0.5126667004078627,0.5127012003213167
20260911_131106_302206,1,128,7,M,2,89,0.9729767004027963,0.5332094999030232,0.5332466997206211
20260911_131106_302206,1,128,7,M,2,90,1.0133039001375437,0.5206577004864812,0.5206949999555945
20260911_131106_302206,1,128,7,M,2,91,0.9766544001176953,0.5190786002203822,0.5191198997199535
20260911_131106_302206,1,128,7,M,2,92,0.9730781000107527,0.5039555998519063,0.50399149954319
20260911_131106_302206,1,128,7,M,2,93,0.9814691999927163,0.5323866996914148,0.532421300187707
20260911_131106_302206,1,128,7,M,2,94,0.9332181001082063,0.5016751997172832,0.5017097005620599
20260911_131106_302206,1,128,7,M,2,95,1.0421818001195788,0.506042200140655,0.5060811005532742
20260911_131106_302206,1,128,7,M,2,96,0.9723478993400931,0.5117151997983456,0.5117509998381138
20260911_131106_302206,1,128,7,M,2,97,0.9675025995820761,0.5075984997674823,0.5076338993385434
20260911_131106_302206,1,128,7,M,2,98,0.9986949004232883,0.522308699786663,0.5223463997244835
20260911_131106_302206,1,128,7,M,2,99,1.0227368995547295,0.5122370002791286,0.5122729996219277
20260911_131106_302206,1,128,7,M,2,100,0.9599075000733137,0.5283503998070955,0.5283915996551514
20260911_131106_302206,1,128,7,M,2,101,0.9747396996244788,0.5436583999544382,0.5436941999942064
20260911_131106_302206,1,128,7,M,2,102,0.9886143999174237,0.4994508996605873,0.49948620051145554
20260911_131106_302206,1,128,7,M,2,103,0.9415357001125813,0.5072291996330023,0.5072653004899621
20260911_131106_302206,1,128,7,M,2,104,1.020657300017774,0.5081030000001192,0.5081404000520706
20260911_131106_302206,1,128,7,M,2,105,0.9860296994447708,0.5140254003927112,0.5140621000900865
20260911_131106_302206,1,128,7,M,2,106,0.9294044999405742,0.5313373999670148,0.5313727995380759
20260911_131106_302206,1,128,7,M,2,107,0.9731405004858971,0.5230245999991894,0.5230620000511408
20260911_131106_302206,1,128,7,M,2,108,0.9691933002322912,0.5094189001247287,0.509455299936235
20260911_131106_302206,1,128,7,M,2,109,0.9394846996292472,0.5190997002646327,0.5191429005935788
20260911_131106_302206,1,128,7,M,2,110,0.985890599898994,0.5331829003989697,0.5332175996154547
20260911_131106_302206,1,128,7,M,2,111,0.9943351000547409,0.507680700160563,0.5077174995094538
20260911_131106_302206,1,128,7,M,2,112,0.9468796998262405,0.522542399354279,0.5225768005475402
20260911_131106_302206,1,128,7,M,2,113,0.9711944991722703,0.5043505998328328,0.5043855998665094
20260911_131106_302206,1,128,7,M,2,114,0.979449599981308,0.5077882995828986,0.5078254006803036
20260911_131106_302206,1,128,7,M,2,115,0.9502597004175186,0.5209661005064845,0.5210008006542921
20260911_131106_302206,1,128,7,M,2,116,1.010092300362885,0.514380999840796,0.5144199002534151
20260911_131106_302206,1,128,7,M,2,117,0.9974799007177353,0.5156584000214934,0.5156930005177855
20260911_131106_302206,1,128,7,M,2,118,0.9434927999973297,0.492773100733757,0.4928096001967788
20260911_131106_302206,1,128,7,M,2,119,0.9809543993324041,0.5208917995914817,0.5209349999204278
20260911_131106_302206,1,128,7,M,2,120,0.9877503998577595,0.5061202002689242,0.5061563001945615
20260911_131106_302206,1,128,7,M,2,121,0.9578773006796837,0.5122523996978998,0.5122865997254848
20260911_131106_302206,1,128,7,M,2,122,0.9799391999840736,0.5209838002920151,0.5210201004520059
20260911_131106_302206,1,128,7,M,2,123,0.9922206001356244,0.5087052993476391,0.5087481997907162
20260911_131106_302206,1,128,7,M,2,124,0.959982399828732,0.5019282000139356,0.501961899921298
20260911_131106_302206,1,128,7,M,2,125,0.9755827998742461,0.5461208000779152,0.5461566001176834
20260911_131106_302206,1,128,7,M,2,126,0.975454899482429,0.5222972007468343,0.5223324997350574
20260911_131106_302206,1,128,7,M,2,127,0.9424187997356057,0.5094015998765826,0.5094368997961283
20260911_131106_302206,1,256,8,NM,1,0,0.7164870006963611,0.49409629963338375,0.4941328000277281
20260911_131106_302206,1,256,8,NM,1,1,0.7318740002810955,0.48525580018758774,0.48528890032321215
20260911_131106_302206,1,256,8,NM,1,2,0.7413197001442313,0.47801269963383675,0.478053099475801
20260911_131106_302206,1,256,8,NM,1,3,0.7532344004139304,0.4743852997198701,0.47442290000617504
20260911_131106_302206,1,256,8,NM,1,4,0.7256057001650333,0.4740744000300765,0.4741091001778841
20260911_131106_302206,1,256,8,NM,1,5,0.710219700820744,0.47288449946790934,0.4729223996400833
20260911_131106_302206,1,256,8,NM,1,6,0.7189993001520634,0.47870049998164177,0.47874080017209053
20260911_131106_302206,1,256,8,NM,1,7,0.7285912008956075,0.46972080040723085,0.4697498995810747
20260911_131106_302206,1,256,8,NM,1,8,0.7064258996397257,0.46978909987956285,0.4698248999193311
20260911_131106_302206,1,256,8,NM,1,9,0.7196448994800448,0.5004382999613881,0.500484399497509
20260911_131106_302206,1,256,8,NM,1,10,0.7336563002318144,0.4805598007515073,0.48060179967433214
20260911_131106_302206,1,256,8,NM,1,11,0.7395007004961371,0.49625249952077866,0.49629379995167255
20260911_131106_302206,1,256,8,NM,1,12,0.7368170991539955,0.484655799344182,0.48471209965646267
20260911_131106_302206,1,256,8,NM,1,13,0.7136829998344183,0.47760360036045313,0.477653999812901
20260911_131106_302206,1,256,8,NM,1,14,0.7273308001458645,0.4726154003292322,0.4726642994210124
20260911_131106_302206,1,256,8,NM,1,15,0.7334587993100286,0.5003158999606967,0.5003583999350667
20260911_131106_302206,1,256,8,NM,1,16,0.7368430001661181,0.5135123003274202,0.5135454004630446
20260911_131106_302206,1,256,8,NM,1,17,0.7527016997337341,0.5165836997330189,0.516618900001049
20260911_131106_302206,1,256,8,NM,1,18,0.7527719000354409,0.49998859968036413,0.500021799467504
20260911_131106_302206,1,256,8,NM,1,19,0.7581238998100162,0.48857450019568205,0.48860369995236397
20260911_131106_302206,1,256,8,NM,1,20,0.734583499841392,0.48689830023795366,0.48693929985165596
20260911_131106_302206,1,256,8,NM,1,21,0.7191524999216199,0.476397099904716,0.47643749974668026
20260911_131106_302206,1,256,8,NM,1,22,0.7113055996596813,0.48519960045814514,0.4852352002635598
20260911_131106_302206,1,256,8,NM,1,23,0.7074814001098275,0.48259919974952936,0.4826376000419259
20260911_131106_302206,1,256,8,NM,1,24,0.7216443996876478,0.48231370002031326,0.4823532998561859
20260911_131106_302206,1,256,8,NM,1,25,0.720970700494945,0.483585000038147,0.48363339994102716
20260911_131106_302206,1,256,8,NM,1,26,0.7368116993457079,0.5059882998466492,0.5060312002897263
20260911_131106_302206,1,256,8,NM,1,27,0.7250843001529574,0.4815401993691921,0.4815694000571966
20260911_131106_302206,1,256,8,NM,1,28,0.7145405001938343,0.4788883002474904,0.4789273999631405
20260911_131106_302206,1,256,8,NM,1,29,0.7259331997483969,0.46640009991824627,0.46642780024558306
20260911_131106_302206,1,256,8,NM,1,30,0.7420812007039785,0.4679689006879926,0.46800450049340725
20260911_131106_302206,1,256,8,NM,1,31,0.7408789005130529,0.4738851999863982,0.47391940001398325
20260911_131106_302206,1,256,8,NM,1,32,0.7351687997579575,0.4755057003349066,0.4755437998101115
20260911_131106_302206,1,256,8,NM,1,33,0.7306649005040526,0.47986890003085136,0.4798995992168784
20260911_131106_302206,1,256,8,NM,1,34,0.7181496005505323,0.4709451999515295,0.4709868002682924
20260911_131106_302206,1,256,8,NM,1,35,0.7281523002311587,0.48898280039429665,0.48902880027890205
20260911_131106_302206,1,256,8,NM,1,36,0.7272429997101426,0.4564800998196006,0.45651690009981394
20260911_131106_302206,1,256,8,NM,1,37,0.7183110006153584,0.47625770047307014,0.476298900321126
20260911_131106_302206,1,256,8,NM,1,38,0.7261047996580601,0.46887579932808876,0.4689255002886057
20260911_131106_302206,1,256,8,NM,1,39,0.7356062000617385,0.4930431004613638,0.49307289998978376
20260911_131106_302206,1,256,8,NM,1,40,0.7334547005593777,0.473030399531126,0.4730740003287792
20260911_131106_302206,1,256,8,NM,1,41,0.7384707005694509,0.48594800010323524,0.48598819971084595
20260911_131106_302206,1,256,8,NM,1,42,0.7274217996746302,0.49164360016584396,0.4916825005784631
20260911_131106_302206,1,256,8,NM,1,43,0.7261474998667836,0.4826833000406623,0.48271350003778934
20260911_131106_302206,1,256,8,NM,1,44,0.7496711006388068,0.47133269999176264,0.4713623998686671
20260911_131106_302206,1,256,8,NM,1,45,0.7329914001747966,0.48392200004309416,0.48397000040858984
20260911_131106_302206,1,256,8,NM,1,46,0.7488875007256866,0.5062691001221538,0.5063117993995547
20260911_131106_302206,1,256,8,NM,1,47,0.7695153998211026,0.5031179003417492,0.503159100189805
20260911_131106_302206,1,256,8,NM,1,48,0.7510887002572417,0.509040099568665,0.509073100052774
20260911_131106_302206,1,256,8,NM,1,49,0.7419280996546149,0.4886752003803849,0.4887076998129487
20260911_131106_302206,1,256,8,NM,1,50,0.7566033992916346,0.49340710043907166,0.4934557992964983
20260911_131106_302206,1,256,8,NM,1,51,0.7869337005540729,0.4800380999222398,0.48008549958467484
20260911_131106_302206,1,256,8,NM,1,52,0.7688843999058008,0.48845710046589375,0.48850859981030226
20260911_131106_302206,1,256,8,NM,1,53,0.7643152996897697,0.480859000235796,0.48090749979019165
20260911_131106_302206,1,256,8,NM,1,54,0.7496784003451467,0.49716939963400364,0.4972165999934077
20260911_131106_302206,1,256,8,NM,1,55,0.734098999761045,0.4785529999062419,0.4786020005121827
20260911_131106_302206,1,256,8,NM,1,56,0.732820300385356,0.4783239997923374,0.47835469990968704
20260911_131106_302206,1,256,8,NM,1,57,0.7332483995705843,0.4695021007210016,0.4695471003651619
20260911_131106_302206,1,256,8,NM,1,58,0.7489281008020043,0.48338199965655804,0.4834145000204444
20260911_131106_302206,1,256,8,NM,1,59,0.7517890995368361,0.5040581002831459,0.5040996000170708
20260911_131106_302206,1,256,8,NM,1,60,0.7968573998659849,0.5298694996163249,0.5299056004732847
20260911_131106_302206,1,256,8,NM,1,61,0.8000480998307467,0.5231128996238112,0.5231638001278043
20260911_131106_302206,1,256,8,NM,1,62,0.8190293004736304,0.5175163000822067,0.517553299665451
20260911_131106_302206,1,256,8,NM,1,63,0.773488100618124,0.49666319973766804,0.496713200584054
20260911_131106_302206,1,256,8,NM,1,64,0.7579666003584862,0.47381759993731976,0.4738673008978367
20260911_131106_302206,1,256,8,NM,1,65,0.7174755996093154,0.4807652998715639,0.48081229999661446
20260911_131106_302206,1,256,8,NM,1,66,0.7303874995559454,0.4879382001236081,0.487971399910748
20260911_131106_302206,1,256,8,NM,1,67,0.7277360996231437,0.4595221998170018,0.4595549004152417
20260911_131106_302206,1,256,8,NM,1,68,0.7151889996603131,0.476342199370265,0.4763748999685049
20260911_131106_302206,1,256,8,NM,1,69,0.743758900091052,0.4639232000336051,0.46395420003682375
20260911_131106_302206,1,256,8,NM,1,70,0.736761899664998,0.46439369954168797,0.46444089990109205
20260911_131106_302206,1,256,8,NM,1,71,0.7411654004827142,0.5161161003634334,0.5161659000441432
20260911_131106_302206,1,256,8,NM,1,72,0.8782715005800128,0.541048800572753,0.5410851007327437
20260911_131106_302206,1,256,8,NM,1,73,0.8402039995416999,0.5273863999173045,0.5274216998368502
20260911_131106_302206,1,256,8,NM,1,74,0.8006472000852227,0.5257109999656677,0.5257487008348107
20260911_131106_302206,1,256,8,NM,1,75,0.8110452005639672,0.5209441995248199,0.5209829993546009
20260911_131106_302206,1,256,8,NM,1,76,0.7806243002414703,0.5021754996851087,0.5022114003077149
20260911_131106_302206,1,256,8,NM,1,77,0.7909035999327898,0.5137235997244716,0.513761299662292
20260911_131106_302206,1,256,8,NM,1,78,0.7993557006120682,0.5227935006842017,0.5228286003693938
20260911_131106_302206,1,256,8,NM,1,79,0.829135300591588,0.5173405995592475,0.5173798995092511
20260911_131106_302206,1,256,8,NM,1,80,0.7472959002479911,0.4962020004168153,0.4962369007989764
20260911_131106_302206,1,256,8,NM,1,81,0.7444209000095725,0.4680550005286932,0.4680921994149685
20260911_131106_302206,1,256,8,NM,1,82,0.7276274999603629,0.4629342993721366,0.4629681995138526
20260911_131106_302206,1,256,8,NM,1,83,0.7222279999405146,0.4772947998717427,0.47733020037412643
20260911_131106_302206,1,256,8,NM,1,84,0.7355484999716282,0.5023540006950498,0.5023904992267489
20260911_131106_302206,1,256,8,NM,1,85,0.7348774001002312,0.4760138997808099,0.4760443000122905
20260911_131106_302206,1,256,8,NM,1,86,0.7418702002614737,0.4683942999690771,0.4684365000575781
20260911_131106_302206,1,256,8,NM,1,87,0.7252278001978993,0.468184900470078,0.46821899991482496
20260911_131106_302206,1,256,8,NM,1,88,0.721594899892807,0.4773615002632141,0.47739269956946373
20260911_131106_302206,1,256,8,NM,1,89,0.7190203005447984,0.4830638002604246,0.4830996999517083
20260911_131106_302206,1,256,8,NM,1,90,0.7183230994269252,0.47937399987131357,0.47940950002521276
20260911_131106_302206,1,256,8,NM,1,91,0.7532885996624827,0.5070877000689507,0.5071226004511118
20260911_131106_302206,1,256,8,NM,1,92,0.7370064994320273,0.47618900053203106,0.4762220000848174
20260911_131106_302206,1,256,8,NM,1,93,0.7338460003957152,0.48879289999604225,0.48883190006017685
20260911_131106_302206,1,256,8,NM,1,94,0.7101385993883014,0.4853921001777053,0.4854232994839549
20260911_131106_302206,1,256,8,NM,1,95,0.7305135000497103,0.4908279003575444,0.4908619001507759
20260911_131106_302206,1,256,8,NM,1,96,0.7321215001866221,0.4748239004984498,0.4748552003875375
20260911_131106_302206,1,256,8,NM,1,97,0.7515508001670241,0.4897571001201868,0.48979329969733953
20260911_131106_302206,1,256,8,NM,1,98,0.7771755000576377,0.5087328003719449,0.5087788002565503
20260911_131106_302206,1,256,8,NM,1,99,0.8129502004012465,0.5378641001880169,0.5379039002582431
20260911_131106_302206,1,256,8,NM,1,100,0.7970209000632167,0.5169366002082825,0.5169723993167281
20260911_131106_302206,1,256,8,NM,1,101,0.7839358001947403,0.49145099986344576,0.49148460011929274
20260911_131106_302206,1,256,8,NM,1,102,0.7398354997858405,0.4858740996569395,0.4859127998352051
20260911_131106_302206,1,256,8,NM,1,103,0.7329516997560859,0.4757120003923774,0.4757439997047186
20260911_131106_302206,1,256,8,NM,1,104,0.7445636000484228,0.47459840029478073,0.47463050018996
20260911_131106_302206,1,256,8,NM,1,105,0.7299376996234059,0.48409080039709806,0.4841339001432061
20260911_131106_302206,1,256,8,NM,1,106,0.7208019001409411,0.4762770002707839,0.47630689945071936
20260911_131106_302206,1,256,8,NM,1,107,0.7333671003580093,0.48666159994900227,0.486697799526155
20260911_131106_302206,1,256,8,NM,1,108,0.7197975004091859,0.4686443991959095,0.468677899800241
20260911_131106_302206,1,256,8,NM,1,109,0.7351202005520463,0.46390199940651655,0.46393790002912283
20260911_131106_302206,1,256,8,NM,1,110,0.7542171999812126,0.48400119971483946,0.4840361000970006
20260911_131106_302206,1,256,8,NM,1,111,0.7162287002429366,0.46941860020160675,0.46945250034332275
20260911_131106_302206,1,256,8,NM,1,112,0.735988199710846,0.48278019949793816,0.4828154006972909
20260911_131106_302206,1,256,8,NM,1,113,0.7370280995965004,0.49318020045757294,0.4932212997227907
20260911_131106_302206,1,256,8,NM,1,114,0.7267474001273513,0.4729539006948471,0.4729880001395941
20260911_131106_302206,1,256,8,NM,1,115,0.7395042004063725,0.4698306005448103,0.46986550092697144
20260911_131106_302206,1,256,8,NM,1,116,0.7213181992992759,0.484357800334692,0.48439040035009384
20260911_131106_302206,1,256,8,NM,1,117,0.739228199236095,0.48078189976513386,0.4808199005201459
20260911_131106_302206,1,256,8,NM,1,118,0.7246928997337818,0.4711023001000285,0.471140299923718
20260911_131106_302206,1,256,8,NM,1,119,0.7106821993365884,0.4824161008000374,0.48245210014283657
20260911_131106_302206,1,256,8,NM,1,120,0.7352220006287098,0.48703529965132475,0.4870689995586872
20260911_131106_302206,1,256,8,NM,1,121,0.774740899913013,0.5161836994811893,0.5162228001281619
20260911_131106_302206,1,256,8,NM,1,122,0.7917363001033664,0.5196295995265245,0.5196657003834844
20260911_131106_302206,1,256,8,NM,1,123,0.7907465994358063,0.5152836004272103,0.5153198000043631
20260911_131106_302206,1,256,8,NM,1,124,0.7667241999879479,0.4981915997341275,0.49822529964149
20260911_131106_302206,1,256,8,NM,1,125,0.7445782003924251,0.4741356000304222,0.4741718992590904
20260911_131106_302206,1,256,8,NM,1,126,0.7431197995319963,0.4873198000714183,0.48735889978706837
20260911_131106_302206,1,256,8,NM,1,127,0.7168600996956229,0.4884967003017664,0.4885315001010895
20260911_131106_302206,1,256,8,NM,1,128,0.7309451000764966,0.48197059985250235,0.48200170043855906
20260911_131106_302206,1,256,8,NM,1,129,0.733848700299859,0.4743724996224046,0.47440269961953163
20260911_131106_302206,1,256,8,NM,1,130,0.7287734998390079,0.47293969988822937,0.47297099977731705
20260911_131106_302206,1,256,8,NM,1,131,0.7239073999226093,0.4717695005238056,0.47180650010704994
20260911_131106_302206,1,256,8,NM,1,132,0.7324032001197338,0.471471999771893,0.47152690030634403
20260911_131106_302206,1,256,8,NM,1,133,0.7529656002297997,0.4879308994859457,0.4879656005650759
20260911_131106_302206,1,256,8,NM,1,134,0.7497445996850729,0.46972080040723085,0.4697558004409075
20260911_131106_302206,1,256,8,NM,1,135,0.7374964999035001,0.47627090010792017,0.4763077003881335
20260911_131106_302206,1,256,8,NM,1,136,0.7260675998404622,0.47675890009850264,0.4767899001017213
20260911_131106_302206,1,256,8,NM,1,137,0.7245657006278634,0.4696418000385165,0.46967480052262545
20260911_131106_302206,1,256,8,NM,1,138,0.7304720999673009,0.46672229934483767,0.46675659995526075
20260911_131106_302206,1,256,8,NM,1,139,0.7319262996315956,0.48301680013537407,0.48305359948426485
20260911_131106_302206,1,256,8,NM,1,140,0.7225319994613528,0.46431060042232275,0.46434290055185556
20260911_131106_302206,1,256,8,NM,1,141,0.7264328002929688,0.4727228991687298,0.47275529988110065
20260911_131106_302206,1,256,8,NM,1,142,0.7997661996632814,0.5361861996352673,0.5362243000417948
20260911_131106_302206,1,256,8,NM,1,143,0.8360313000157475,0.5124332997947931,0.5124720996245742
20260911_131106_302206,1,256,8,NM,1,144,0.7789626996964216,0.522774700075388,0.5228145997971296
20260911_131106_302206,1,256,8,NM,1,145,0.7927721999585629,0.5398319000378251,0.5398666001856327
20260911_131106_302206,1,256,8,NM,1,146,0.766384300775826,0.4916953993961215,0.49173220060765743
20260911_131106_302206,1,256,8,NM,1,147,0.7298515001311898,0.46927119977772236,0.46930509991943836
20260911_131106_302206,1,256,8,NM,1,148,0.7490093996748328,0.47371829953044653,0.47376309987157583
20260911_131106_302206,1,256,8,NM,1,149,0.7322055995464325,0.47746620047837496,0.4774985993281007
20260911_131106_302206,1,256,8,NM,1,150,0.733007999137044,0.4703160999342799,0.47034869994968176
20260911_131106_302206,1,256,8,NM,1,151,0.7232274999842048,0.46744719985872507,0.4674824997782707
20260911_131106_302206,1,256,8,NM,1,152,0.7376078004017472,0.478655899874866,0.47868699952960014
20260911_131106_302206,1,256,8,NM,1,153,0.7655269997194409,0.5112920003011823,0.5113292997702956
20260911_131106_302206,1,256,8,NM,1,154,0.7771683000028133,0.5231175003573298,0.5231518996879458
20260911_131106_302206,1,256,8,NM,1,155,0.7999173998832703,0.5112871006131172,0.5113329002633691
20260911_131106_302206,1,256,8,NM,1,156,0.7552581001073122,0.48642520047724247,0.4864598996937275
20260911_131106_302206,1,256,8,NM,1,157,0.7286367006599903,0.4897539000958204,0.4899209998548031
20260911_131106_302206,1,256,8,NM,1,158,0.7199074998497963,0.47339839953929186,0.47342879977077246
20260911_131106_302206,1,256,8,NM,1,159,0.7226932998746634,0.47643669974058867,0.47647190000861883
20260911_131106_302206,1,256,8,NM,1,160,0.7383911991491914,0.46253470052033663,0.46257090009748936
20260911_131106_302206,1,256,8,NM,1,161,0.728609099984169,0.47028310038149357,0.47031550016254187
20260911_131106_302206,1,256,8,NM,1,162,0.7206458002328873,0.48194670025259256,0.4819833002984524
20260911_131106_302206,1,256,8,NM,1,163,0.7327752998098731,0.4771038992330432,0.4771384997293353
20260911_131106_302206,1,256,8,NM,1,164,0.7230094997212291,0.4635941004380584,0.46362579986453056
20260911_131106_302206,1,256,8,NM,1,165,0.729721799492836,0.4675425998866558,0.4675738997757435
20260911_131106_302206,1,256,8,NM,1,166,0.7217160994186997,0.478290899656713,0.47833169996738434
20260911_131106_302206,1,256,8,NM,1,167,0.7271066997200251,0.5065676998347044,0.5066039999946952
20260911_131106_302206,1,256,8,NM,1,168,0.7376236999407411,0.5019921995699406,0.5020236996933818
20260911_131106_302206,1,256,8,NM,1,169,0.8009051997214556,0.5097730001434684,0.5098103005439043
20260911_131106_302206,1,256,8,NM,1,170,0.8011961998417974,0.5072961999103427,0.5073301000520587
20260911_131106_302206,1,256,8,NM,1,171,0.8185748998075724,0.5082898000255227,0.5083238994702697
20260911_131106_302206,1,256,8,NM,1,172,0.7608441999182105,0.4919066000729799,0.4919394999742508
20260911_131106_302206,1,256,8,NM,1,173,0.7718126997351646,0.4958282997831702,0.4958651000633836
20260911_131106_302206,1,256,8,NM,1,174,0.7585593005642295,0.4869173998013139,0.4869496999308467
20260911_131106_302206,1,256,8,NM,1,175,0.7370409006252885,0.5024953996762633,0.502530999481678
20260911_131106_302206,1,256,8,NM,1,176,0.7895806999877095,0.516172899864614,0.5162118002772331
20260911_131106_302206,1,256,8,NM,1,177,0.7861087992787361,0.516563200391829,0.5165973994880915
20260911_131106_302206,1,256,8,NM,1,178,0.7915273001417518,0.5159250004217029,0.515972500666976
20260911_131106_302206,1,256,8,NM,1,179,0.7432637996971607,0.4849405996501446,0.48497300036251545
20260911_131106_302206,1,256,8,NM,1,180,0.7286145994439721,0.48492789920419455,0.48496089968830347
20260911_131106_302206,1,256,8,NM,1,181,0.7123964000493288,0.46965919993817806,0.46968999970704317
20260911_131106_302206,1,256,8,NM,1,182,0.7244290998205543,0.47963180020451546,0.47966540046036243
20260911_131106_302206,1,256,8,NM,1,183,0.7254592003300786,0.4772570999339223,0.47728690039366484
20260911_131106_302206,1,256,8,NM,1,184,0.715369800105691,0.46377959940582514,0.46380999963730574
20260911_131106_302206,1,256,8,NM,1,185,0.7432679999619722,0.4725894993171096,0.47262279968708754
20260911_131106_302206,1,256,8,NM,1,186,0.7302582003176212,0.4846401000395417,0.4846713999286294
20260911_131106_302206,1,256,8,NM,1,187,0.7136721992865205,0.4984271004796028,0.49845890048891306
20260911_131106_302206,1,256,8,NM,1,188,0.7702445993199944,0.5024986993521452,0.5025332998484373
20260911_131106_302206,1,256,8,NM,1,189,0.7981181005015969,0.5091695999726653,0.5092407995834947
20260911_131106_302206,1,256,8,NM,1,190,0.7894697999581695,0.5173500999808311,0.5173845998942852
20260911_131106_302206,1,256,8,NM,1,191,0.7712233001366258,0.4870034996420145,0.48703689966350794
20260911_131106_302206,1,256,8,NM,1,192,0.7559584993869066,0.4688881002366543,0.4689296009019017
20260911_131106_302206,1,256,8,NM,1,193,0.7285379003733397,0.4704413004219532,0.47047319915145636
20260911_131106_302206,1,256,8,NM,1,194,0.7217028997838497,0.4742967998608947,0.4743282999843359
20260911_131106_302206,1,256,8,NM,1,195,0.7324735000729561,0.47677959967404604,0.4768109004944563
20260911_131106_302206,1,256,8,NM,1,196,0.7286326000466943,0.4773404002189636,0.4773872997611761
20260911_131106_302206,1,256,8,NM,1,197,0.7273916006088257,0.4793263003230095,0.4793590996414423
20260911_131106_302206,1,256,8,NM,1,198,0.7183600002899766,0.4933390999212861,0.4933730997145176
20260911_131106_302206,1,256,8,NM,1,199,0.803757100366056,0.5171801000833511,0.5172144006937742
20260911_131106_302206,1,256,8,NM,1,200,0.7906653005629778,0.5220467001199722,0.522083000279963
20260911_131106_302206,1,256,8,NM,1,201,0.8140969006344676,0.5117322998121381,0.5117693999782205
20260911_131106_302206,1,256,8,NM,1,202,0.7593128001317382,0.49637829978019,0.4964109994471073
20260911_131106_302206,1,256,8,NM,1,203,0.7247832994908094,0.49474749993532896,0.4947832999750972
20260911_131106_302206,1,256,8,NM,1,204,0.7203009994700551,0.48807149939239025,0.4881078004837036
20260911_131106_302206,1,256,8,NM,1,205,0.7288629002869129,0.4572537001222372,0.4573149001225829
20260911_131106_302206,1,256,8,NM,1,206,0.7400631001219153,0.47059700079262257,0.47062830068171024
20260911_131106_302206,1,256,8,NM,1,207,0.7292261002585292,0.46624619979411364,0.4662762004882097
20260911_131106_302206,1,256,8,NM,1,208,0.718648100271821,0.485614400357008,0.48565230052918196
20260911_131106_302206,1,256,8,NM,1,209,0.72031269967556,0.4783373000100255,0.4783680997788906
20260911_131106_302206,1,256,8,NM,1,210,0.7213097000494599,0.4890402005985379,0.4890758004039526
20260911_131106_302206,1,256,8,NM,1,211,0.7827885001897812,0.5132435001432896,0.5132761001586914
20260911_131106_302206,1,256,8,NM,1,212,0.7707884004339576,0.515777200460434,0.5158129995688796
20260911_131106_302206,1,256,8,NM,1,213,0.7799442000687122,0.5090557001531124,0.5090939002111554
20260911_131106_302206,1,256,8,NM,1,214,0.7780637005344033,0.4849833995103836,0.4850137997418642
20260911_131106_302206,1,256,8,NM,1,215,0.7321613002568483,0.48238030076026917,0.48241669964045286
20260911_131106_302206,1,256,8,NM,1,216,0.7298543993383646,0.4840496005490422,0.4840848008170724
20260911_131106_302206,1,256,8,NM,1,217,0.7451769998297095,0.5100031001493335,0.5100382007658482
20260911_131106_302206,1,256,8,NM,1,218,0.7578606000170112,0.49816969968378544,0.4982065996155143
20260911_131106_302206,1,256,8,NM,1,219,0.7703512003645301,0.5170630002394319,0.5170975001528859
20260911_131106_302206,1,256,8,NM,1,220,0.7958019003272057,0.5177451996132731,0.5177809996530414
20260911_131106_302206,1,256,8,NM,1,221,0.8342605996876955,0.5101875001564622,0.5102268997579813
20260911_131106_302206,1,256,8,NM,1,222,0.7782499007880688,0.4752144003286958,0.4752514995634556
20260911_131106_302206,1,256,8,NM,1,223,0.7270565992221236,0.4833356998860836,0.4833715995773673
20260911_131106_302206,1,256,8,NM,1,224,0.7297155000269413,0.4730577999725938,0.4730917001143098
20260911_131106_302206,1,256,8,NM,1,225,0.7235367000102997,0.47629710007458925,0.4763305000960827
20260911_131106_302206,1,256,8,NM,1,226,0.7354288995265961,0.4931429997086525,0.4931804994121194
20260911_131106_302206,1,256,8,NM,1,227,0.7350214999169111,0.4851893000304699,0.48521870002150536
20260911_131106_302206,1,256,8,NM,1,228,0.7331834994256496,0.49099820014089346,0.49102790001779795
20260911_131106_302206,1,256,8,NM,1,229,0.7302895002067089,0.4741781996563077,0.4742128001525998
20260911_131106_302206,1,256,8,NM,1,230,0.727925100363791,0.4873446002602577,0.48737759981304407
20260911_131106_302206,1,256,8,NM,1,231,0.7312997998669744,0.4714198000729084,0.4714529002085328
20260911_131106_302206,1,256,8,NM,1,232,0.7329334998503327,0.49115159921348095,0.491198499687016
20260911_131106_302206,1,256,8,NM,1,233,0.7453130995854735,0.4835966993123293,0.4836261998862028
20260911_131106_302206,1,256,8,NM,1,234,0.7150955004617572,0.48529089987277985,0.48533379938453436
20260911_131106_302206,1,256,8,NM,1,235,0.7151393992826343,0.47043019998818636,0.4704593000933528
20260911_131106_302206,1,256,8,NM,1,236,0.7184044001623988,0.4722017999738455,0.47223079949617386
20260911_131106_302206,1,256,8,NM,1,237,0.7352967001497746,0.4951498992741108,0.49517969973385334
20260911_131106_302206,1,256,8,NM,1,238,0.747171999886632,0.4832800002768636,0.48330910038203
20260911_131106_302206,1,256,8,NM,1,239,0.754411400295794,0.5149726998060942,0.5150087000802159
20260911_131106_302206,1,256,8,NM,1,240,0.8062303001061082,0.5104028005152941,0.5104363998398185
20260911_131106_302206,1,256,8,NM,1,241,0.7732498999685049,0.4939307002350688,0.49396640062332153
20260911_131106_302206,1,256,8,NM,1,242,0.7282273005694151,0.48237970005720854,0.48241869919002056
20260911_131106_302206,1,256,8,NM,1,243,0.7244972996413708,0.4745401991531253,0.47457560058683157
20260911_131106_302206,1,256,8,NM,1,244,0.7321460992097855,0.4714567996561527,0.4715219000354409
20260911_131106_302206,1,256,8,NM,1,245,0.7469220999628305,0.47569650039076805,0.47573000006377697
20260911_131106_302206,1,256,8,NM,1,246,0.7387808002531528,0.4770777001976967,0.4771537994965911
20260911_131106_302206,1,256,8,NM,1,247,0.7369170999154449,0.4988063992932439,0.4988374998793006
20260911_131106_302206,1,256,8,NM,1,248,0.77902099955827,0.4939292995259166,0.4939657999202609
20260911_131106_302206,1,256,8,NM,1,249,0.7680913005024195,0.511930400505662,0.5119655998423696
20260911_131106_302206,1,256,8,NM,1,250,0.7880776999518275,0.5261854007840157,0.5262217000126839
20260911_131106_302206,1,256,8,NM,1,251,0.7330871997401118,0.4830080000683665,0.4830384999513626
20260911_131106_302206,1,256,8,NM,1,252,0.7370555996894836,0.4736314993351698,0.47366509959101677
20260911_131106_302206,1,256,8,NM,1,253,0.8284379998221993,0.5296529000625014,0.529687499627471
20260911_131106_302206,1,256,8,NM,1,254,0.8101956993341446,0.5122178997844458,0.5122523000463843
20260911_131106_302206,1,256,8,NM,1,255,0.8092665998265147,0.5069201001897454,0.5069650998339057
20260911_131106_302206,1,256,8,M,2,0,1.0138276992365718,0.5270020002499223,0.5270389998331666
20260911_131106_302206,1,256,8,M,2,1,0.9762505004182458,0.5194869991391897,0.5195238003507257
20260911_131106_302206,1,256,8,M,2,2,1.017684600315988,0.5277843000367284,0.5278228996321559
20260911_131106_302206,1,256,8,M,2,3,1.0169534999877214,0.5323645994067192,0.532400700263679
20260911_131106_302206,1,256,8,M,2,4,1.0191367994993925,0.5280668996274471,0.5281023001298308
20260911_131106_302206,1,256,8,M,2,5,1.045533299446106,0.526231100782752,0.5262708999216557
20260911_131106_302206,1,256,8,M,2,6,1.0234622992575169,0.5376720000058413,0.5377145996317267
20260911_131106_302206,1,256,8,M,2,7,1.018551499582827,0.5688354996964335,0.5688711004331708
20260911_131106_302206,1,256,8,M,2,8,1.0959630999714136,0.5382081000134349,0.5382497999817133
20260911_131106_302206,1,256,8,M,2,9,1.0388563005253673,0.5446474999189377,0.5446870997548103
20260911_131106_302206,1,256,8,M,2,10,1.0225828997790813,0.5462827002629638,0.54631910007447
20260911_131106_302206,1,256,8,M,2,11,1.046289000660181,0.5210629999637604,0.521097800694406
20260911_131106_302206,1,256,8,M,2,12,1.0197657998651266,0.5261299004778266,0.5261664995923638
20260911_131106_302206,1,256,8,M,2,13,1.032764800824225,0.539465100504458,0.5395061001181602
20260911_131106_302206,1,256,8,M,2,14,1.040647099725902,0.5283634997904301,0.5284003000706434
20260911_131106_302206,1,256,8,M,2,15,1.0288566993549466,0.53171749971807,0.5317577999085188
20260911_131106_302206,1,256,8,M,2,16,1.03021000046283,0.5305594000965357,0.530596099793911
20260911_131106_302206,1,256,8,M,2,17,1.011859499849379,0.5223871003836393,0.5224286997690797
20260911_131106_302206,1,256,8,M,2,18,1.0309359999373555,0.5213238000869751,0.5213593002408743
20260911_131106_302206,1,256,8,M,2,19,1.0226021008566022,0.5186325004324317,0.5186671996489167
20260911_131106_302206,1,256,8,M,2,20,1.0496227005496621,0.5341775007545948,0.534285799600184
20260911_131106_302206,1,256,8,M,2,21,1.0193472998216748,0.5230673998594284,0.5231045996770263
20260911_131106_302206,1,256,8,M,2,22,1.0182595001533628,0.5318829994648695,0.531921399757266
20260911_131106_302206,1,256,8,M,2,23,1.0329004991799593,0.5293479999527335,0.5293952999636531
20260911_131106_302206,1,256,8,M,2,24,1.022593599744141,0.5656703002750874,0.5657091001048684
20260911_131106_302206,1,256,8,M,2,25,1.108665400184691,0.5405239006504416,0.5405599996447563
20260911_131106_302206,1,256,8,M,2,26,1.0371338995173573,0.5337153999134898,0.5337515007704496
20260911_131106_302206,1,256,8,M,2,27,1.006636300124228,0.5505410991609097,0.55058170016855
20260911_131106_302206,1,256,8,M,2,28,1.0065204994753003,0.5415901001542807,0.5416363999247551
20260911_131106_302206,1,256,8,M,2,29,1.0648797992616892,0.5272776000201702,0.5273148994892836
20260911_131106_302206,1,256,8,M,2,30,1.0147186005488038,0.5392267005518079,0.5392665006220341
20260911_131106_302206,1,256,8,M,2,31,1.0145095000043511,0.5320977997034788,0.5321383001282811
20260911_131106_302206,1,256,8,M,2,32,1.0234316000714898,0.5245637996122241,0.5246030008420348
20260911_131106_302206,1,256,8,M,2,33,1.0305145997554064,0.5273853000253439,0.5274245999753475
20260911_131106_302206,1,256,8,M,2,34,1.0334722995758057,0.5195108996704221,0.519573699682951
20260911_131106_302206,1,256,8,M,2,35,1.0278988992795348,0.5239308001473546,0.5239693997427821
20260911_131106_302206,1,256,8,M,2,36,1.0205279001966119,0.5392518993467093,0.5392931997776031
20260911_131106_302206,1,256,8,M,2,37,1.0340411001816392,0.5413135997951031,0.5413509998470545
20260911_131106_302206,1,256,8,M,2,38,1.0691737001761794,0.5208857003599405,0.5209355996921659
20260911_131106_302206,1,256,8,M,2,39,1.0304461000487208,0.5256226006895304,0.5256575001403689
20260911_131106_302206,1,256,8,M,2,40,1.0345258004963398,0.53323769941926,0.5332752000540495
20260911_131106_302206,1,256,8,M,2,41,1.0274766003713012,0.5407114997506142,0.5407474003732204
20260911_131106_302206,1,256,8,M,2,42,1.0434695994481444,0.5219612997025251,0.5220005996525288
20260911_131106_302206,1,256,8,M,2,43,1.0051449993625283,0.5303380992263556,0.5303744999691844
20260911_131106_302206,1,256,8,M,2,44,1.0635011000558734,0.5424961997196078,0.542535500600934
20260911_131106_302206,1,256,8,M,2,45,1.045359999872744,0.5252494001761079,0.5252895997837186
20260911_131106_302206,1,256,8,M,2,46,0.9991179993376136,0.5334042003378272,0.5334425996989012
20260911_131106_302206,1,256,8,M,2,47,1.0135135995224118,0.5315205994993448,0.5315589001402259
20260911_131106_302206,1,256,8,M,2,48,1.008496499620378,0.532264900393784,0.5322991004213691
20260911_131106_302206,1,256,8,M,2,49,1.0210955999791622,0.5217177998274565,0.5217533996328712
20260911_131106_302206,1,256,8,M,2,50,1.0280638001859188,0.5311286998912692,0.5311761004850268
20260911_131106_302206,1,256,8,M,2,51,1.0303223999217153,0.5181252006441355,0.5181622002273798
20260911_131106_302206,1,256,8,M,2,52,0.9983893008902669,0.5296439994126558,0.529678899794817
20260911_131106_302206,1,256,8,M,2,53,1.0210034996271133,0.5343885002657771,0.5344289001077414
20260911_131106_302206,1,256,8,M,2,54,1.0343562997877598,0.5195546001195908,0.5195906991139054
20260911_131106_302206,1,256,8,M,2,55,1.0220184000208974,0.5213235998526216,0.5213595004752278
20260911_131106_302206,1,256,8,M,2,56,1.0283567002043128,0.525237400084734,0.5252839997410774
20260911_131106_302206,1,256,8,M,2,57,1.0111304996535182,0.5260009001940489,0.526036599650979
20260911_131106_302206,1,256,8,M,2,58,1.0504594994708896,0.5071902005001903,0.5072355000302196
20260911_131106_302206,1,256,8,M,2,59,1.0331136006861925,0.5281672002747655,0.5282042995095253
20260911_131106_302206,1,256,8,M,2,60,1.0564781008288264,0.5264963991940022,0.5265370002016425
20260911_131106_302206,1,256,8,M,2,61,1.0184954004362226,0.5230254996567965,0.5230628997087479
20260911_131106_302206,1,256,8,M,2,62,1.0359575003385544,0.5201752996072173,0.5202229004353285
20260911_131106_302206,1,256,8,M,2,63,1.0238557998090982,0.5398209998384118,0.5398619007319212
20260911_131106_302206,1,256,8,M,2,64,1.0272265998646617,0.5290664993226528,0.5291063999757171
20260911_131106_302206,1,256,8,M,2,65,1.0130722001194954,0.5331875998526812,0.5332268998026848
20260911_131106_302206,1,256,8,M,2,66,1.026425700634718,0.5267668999731541,0.5268060993403196
20260911_131106_302206,1,256,8,M,2,67,1.0649342006072402,0.5530607001855969,0.5531066004186869
20260911_131106_302206,1,256,8,M,2,68,1.0579778999090195,0.5418970994651318,0.5419334005564451
20260911_131106_302206,1,256,8,M,2,69,1.04680610075593,0.5361526999622583,0.536192299798131
20260911_131106_302206,1,256,8,M,2,70,1.008038000203669,0.5277605997398496,0.5278023006394506
20260911_131106_302206,1,256,8,M,2,71,1.023943300358951,0.5322608994320035,0.5323000997304916
20260911_131106_302206,1,256,8,M,2,72,1.0172929000109434,0.5433344999328256,0.5433751996606588
20260911_131106_302206,1,256,8,M,2,73,0.9974375003948808,0.5273930998519063,0.527441100217402
20260911_131106_302206,1,256,8,M,2,74,1.0365997003391385,0.5207831002771854,0.5208208002150059
20260911_131106_302206,1,256,8,M,2,75,1.0181703995913267,0.54290940053761,0.542951799929142
20260911_131106_302206,1,256,8,M,2,76,1.0469025997444987,0.5250567998737097,0.5250962004065514
20260911_131106_302206,1,256,8,M,2,77,1.0409781001508236,0.5247194999828935,0.5247688991948962
20260911_131106_302206,1,256,8,M,2,78,1.0239094998687506,0.5194282000884414,0.519476099871099
20260911_131106_302206,1,256,8,M,2,79,1.0112930005416274,0.5314954994246364,0.5315315006300807
20260911_131106_302206,1,256,8,M,2,80,1.0108681004494429,0.5217174999415874,0.5217538997530937
20260911_131106_302206,1,256,8,M,2,81,1.0176084004342556,0.532485599629581,0.5325256995856762
20260911_131106_302206,1,256,8,M,2,82,1.0060430001467466,0.5312367007136345,0.5312812002375722
20260911_131106_302206,1,256,8,M,2,83,1.033707999624312,0.5333059001713991,0.5333441998809576
20260911_131106_302206,1,256,8,M,2,84,1.0412298003211617,0.5739613994956017,0.5740018002688885
20260911_131106_302206,1,256,8,M,2,85,1.130446800030768,0.5240214001387358,0.5240829000249505
20260911_131106_302206,1,256,8,M,2,86,1.0237576998770237,0.528574800118804,0.5286228992044926
20260911_131106_302206,1,256,8,M,2,87,1.0212475005537271,0.528480900451541,0.5285157999023795
20260911_131106_302206,1,256,8,M,2,88,1.0050282999873161,0.527810899540782,0.5278438003733754
20260911_131106_302206,1,256,8,M,2,89,1.017090099863708,0.5552078997716308,0.5552462004125118
20260911_131106_302206,1,256,8,M,2,90,1.0403957003727555,0.5328275002539158,0.5328654004260898
20260911_131106_302206,1,256,8,M,2,91,1.0133911008015275,0.5210727993398905,0.5211076000705361
20260911_131106_302206,1,256,8,M,2,92,1.0180759998038411,0.5248936992138624,0.5249329004436731
20260911_131106_302206,1,256,8,M,2,93,1.0195002993568778,0.531797400675714,0.5318368999287486
20260911_131106_302206,1,256,8,M,2,94,1.0307563999667764,0.5412358995527029,0.541270500048995
20260911_131106_302206,1,256,8,M,2,95,1.0288729006424546,0.5305845001712441,0.5306184999644756
20260911_131106_302206,1,256,8,M,2,96,1.0450510997325182,0.530936099588871,0.5309769995510578
20260911_131106_302206,1,256,8,M,2,97,1.0229839999228716,0.5203613005578518,0.5203964002430439
20260911_131106_302206,1,256,8,M,2,98,1.0083250999450684,0.5405500000342727,0.5405913004651666
20260911_131106_302206,1,256,8,M,2,99,1.0287889000028372,0.5241450006142259,0.5241868998855352
20260911_131106_302206,1,256,8,M,2,100,1.00707000028342,0.5455769998952746,0.5456173997372389
20260911_131106_302206,1,256,8,M,2,101,1.058138300664723,0.5239300997927785,0.5239687003195286
20260911_131106_302206,1,256,8,M,2,102,1.0258257994428277,0.5377711998298764,0.5378067996352911
20260911_131106_302206,1,256,8,M,2,103,1.0108334999531507,0.536820599809289,0.5368569996207952
20260911_131106_302206,1,256,8,M,2,104,1.0412697000429034,0.5240173004567623,0.5240542003884912
20260911_131106_302206,1,256,8,M,2,105,1.0367144998162985,0.5317198000848293,0.5317533006891608
20260911_131106_302206,1,256,8,M,2,106,1.0584834003821015,0.5278382999822497,0.5278726005926728
20260911_131106_302206,1,256,8,M,2,107,1.0185612002387643,0.5355832995846868,0.5356227997690439
20260911_131106_302206,1,256,8,M,2,108,1.070605500601232,0.5445686997845769,0.5446044001728296
20260911_131106_302206,1,256,8,M,2,109,1.0536618996411562,0.5220729997381568,0.522108200006187
20260911_131106_302206,1,256,8,M,2,110,1.0250318003818393,0.5328965997323394,0.5329317003488541
20260911_131106_302206,1,256,8,M,2,111,1.0369388991966844,0.5283741001039743,0.5284126996994019
20260911_131106_302206,1,256,8,M,2,112,1.0023240000009537,0.5278402995318174,0.5278758993372321
20260911_131106_302206,1,256,8,M,2,113,1.032473599538207,0.5255230003967881,0.5255626998841763
20260911_131106_302206,1,256,8,M,2,114,1.0301435003057122,0.5298314997926354,0.5298661002889276
20260911_131106_302206,1,256,8,M,2,115,1.0250112004578114,0.5353245995938778,0.5353645998984575
20260911_131106_302206,1,256,8,M,2,116,1.0250450000166893,0.536985800601542,0.5371252000331879
20260911_131106_302206,1,256,8,M,2,117,1.0348794991150498,0.5339056001976132,0.5339486999437213
20260911_131106_302206,1,256,8,M,2,118,1.0265820007771254,0.5320731000974774,0.532112299464643
20260911_131106_302206,1,256,8,M,2,119,1.0360201001167297,0.5706926006823778,0.5707296999171376
20260911_131106_302206,1,256,8,M,2,120,1.1279225004836917,0.5939771002158523,0.5940158003941178
20260911_131106_302206,1,256,8,M,2,121,1.1186239998787642,0.5607283003628254,0.5607644002884626
20260911_131106_302206,1,256,8,M,2,122,1.0506221000105143,0.5432567000389099,0.5432955995202065
20260911_131106_302206,1,256,8,M,2,123,1.0155309000983834,0.5251481998711824,0.5251861000433564
20260911_131106_302206,1,256,8,M,2,124,1.0081001995131373,0.5262310998514295,0.5262698996812105
20260911_131106_302206,1,256,8,M,2,125,1.0233132997527719,0.5371995996683836,0.5372377997264266
20260911_131106_302206,1,256,8,M,2,126,1.0496493000537157,0.5509494999423623,0.5509926993399858
20260911_131106_302206,1,256,8,M,2,127,1.0530588002875447,0.5364175997674465,0.5364544996991754
20260911_131106_302206,1,256,8,M,2,128,1.048190400004387,0.5347389001399279,0.5347770005464554
20260911_131106_302206,1,256,8,M,2,129,1.002275999635458,0.5355116995051503,0.5355492001399398
20260911_131106_302206,1,256,8,M,2,130,1.012932900339365,0.5331792999058962,0.5332146007567644
20260911_131106_302206,1,256,8,M,2,131,1.046154299750924,0.5249407002702355,0.524978999979794
20260911_131106_302206,1,256,8,M,2,132,1.0658002998679876,0.5337731000036001,0.533814299851656
20260911_131106_302206,1,256,8,M,2,133,0.9959557000547647,0.5170789007097483,0.5171159999445081
20260911_131106_302206,1,256,8,M,2,134,1.041113800369203,0.5271444004029036,0.5271976999938488
20260911_131106_302206,1,256,8,M,2,135,1.0408853003755212,0.5462688002735376,0.5463050007820129
20260911_131106_302206,1,256,8,M,2,136,1.0058377999812365,0.5271316999569535,0.5271661002188921
20260911_131106_302206,1,256,8,M,2,137,1.0213454002514482,0.5430625006556511,0.5431014997884631
20260911_131106_302206,1,256,8,M,2,138,1.0355754001066089,0.5324571002274752,0.5324966004118323
20260911_131106_302206,1,256,8,M,2,139,1.0127313006669283,0.5251124007627368,0.5251559000462294
20260911_131106_302206,1,256,8,M,2,140,1.0387821001932025,0.5456405002623796,0.545677900314331
20260911_131106_302206,1,256,8,M,2,141,1.0310489004477859,0.5365703999996185,0.5366099001839757
20260911_131106_302206,1,256,8,M,2,142,1.0210346998646855,0.5137286996468902,0.513769700191915
20260911_131106_302206,1,256,8,M,2,143,1.0023103998973966,0.5288880998268723,0.5289280004799366
20260911_131106_302206,1,256,8,M,2,144,1.0251401998102665,0.5314132003113627,0.5314522003754973
20260911_131106_302206,1,256,8,M,2,145,1.0447530001401901,0.5102445995435119,0.5102796005085111
20260911_131106_302206,1,256,8,M,2,146,1.030268200673163,0.5337645001709461,0.533810599707067
20260911_131106_302206,1,256,8,M,2,147,1.04818610008806,0.5216045007109642,0.5216442998498678
20260911_131106_302206,1,256,8,M,2,148,1.026249399408698,0.5129450997337699,0.5129794999957085
20260911_131106_302206,1,256,8,M,2,149,1.015655799768865,0.526188500225544,0.5262280004099011
20260911_131106_302206,1,256,8,M,2,150,1.045962099917233,0.5156477997079492,0.5156823992729187
20260911_131106_302206,1,256,8,M,2,151,1.0143964001908898,0.5204106997698545,0.5204451000317931
20260911_131106_302206,1,256,8,M,2,152,1.032294800505042,0.521569300442934,0.5216091005131602
20260911_131106_302206,1,256,8,M,2,153,1.0271925004199147,0.5260209003463387,0.5260584997013211
20260911_131106_302206,1,256,8,M,2,154,1.0173640996217728,0.5145403007045388,0.5145904999226332
20260911_131106_302206,1,256,8,M,2,155,1.032010099850595,0.5351498005911708,0.53518530074507
20260911_131106_302206,1,256,8,M,2,156,1.0646067997440696,0.5331934001296759,0.533228600397706
20260911_131106_302206,1,256,8,M,2,157,0.994794299826026,0.5380039997398853,0.5380420004948974
20260911_131106_302206,1,256,8,M,2,158,1.0299525000154972,0.5125214997678995,0.5125566003844142
20260911_131106_302206,1,256,8,M,2,159,1.0489453002810478,0.5219474993646145,0.5219807997345924
20260911_131106_302206,1,256,8,M,2,160,1.0011566001921892,0.5311046000570059,0.5311413994058967
20260911_131106_302206,1,256,8,M,2,161,1.0218342002481222,0.5198344998061657,0.5198730994015932
20260911_131106_302206,1,256,8,M,2,162,1.0194785995408893,0.5385893993079662,0.5386286992579699
20260911_131106_302206,1,256,8,M,2,163,1.0198317002505064,0.5254718996584415,0.5255102999508381
20260911_131106_302206,1,256,8,M,2,164,1.003107799217105,0.5254048993811011,0.5254450999200344
20260911_131106_302206,1,256,8,M,2,165,1.0037898002192378,0.516282900236547,0.516321299597621
20260911_131106_302206,1,256,8,M,2,166,1.0019613998010755,0.5312642995268106,0.531305099837482
20260911_131106_302206,1,256,8,M,2,167,1.0294246999546885,0.534281000494957,0.5343292001634836
20260911_131106_302206,1,256,8,M,2,168,1.0193747002631426,0.5314004998654127,0.5314383003860712
20260911_131106_302206,1,256,8,M,2,169,1.001541799865663,0.5249926000833511,0.5250268001109362
20260911_131106_302206,1,256,8,M,2,170,1.024363599717617,0.5207792995497584,0.5208179000765085
20260911_131106_302206,1,256,8,M,2,171,1.0150506002828479,0.5410167006775737,0.5410559996962547
20260911_131106_302206,1,256,8,M,2,172,0.9986748993396759,0.5182378003373742,0.518287600018084
20260911_131106_302206,1,256,8,M,2,173,1.0263363001868129,0.5350938001647592,0.5351334000006318
20260911_131106_302206,1,256,8,M,2,174,1.0303106997162104,0.5222086999565363,0.5222519002854824
20260911_131106_302206,1,256,8,M,2,175,0.9951673001050949,0.5213454002514482,0.5213853996247053
20260911_131106_302206,1,256,8,M,2,176,1.0474281003698707,0.514826700091362,0.5148613005876541
20260911_131106_302206,1,256,8,M,2,177,1.0292426003143191,0.5214549992233515,0.5214938996359706
20260911_131106_302206,1,256,8,M,2,178,1.0251211998984218,0.5461181001737714,0.546157700009644
20260911_131106_302206,1,256,8,M,2,179,1.1258601006120443,0.5956788007169962,0.5957174999639392
20260911_131106_302206,1,256,8,M,2,180,1.043800100684166,0.5330469002947211,0.5330824004486203
20260911_131106_302206,1,256,8,M,2,181,1.0033259000629187,0.5256334003061056,0.5256666000932455
20260911_131106_302206,1,256,8,M,2,182,1.0271604992449284,0.5232366994023323,0.5232714004814625
20260911_131106_302206,1,256,8,M,2,183,1.0462178001180291,0.5208523999899626,0.5208887001499534
20260911_131106_302206,1,256,8,M,2,184,1.0090634003281593,0.5369786005467176,0.5370183996856213
20260911_131106_302206,1,256,8,M,2,185,1.0255702994763851,0.5342749003320932,0.5343122994527221
20260911_131106_302206,1,256,8,M,2,186,1.03788570035249,0.5374411996454,0.5374782998114824
20260911_131106_302206,1,256,8,M,2,187,1.0375374993309379,0.525615899823606,0.5256632007658482
20260911_131106_302206,1,256,8,M,2,188,1.0249367002397776,0.5207252996042371,0.5207634000107646
20260911_131106_302206,1,256,8,M,2,189,1.009416799992323,0.5284023005515337,0.5284425001591444
20260911_131106_302206,1,256,8,M,2,190,1.0265205996111035,0.5171916000545025,0.5172256994992495
20260911_131106_302206,1,256,8,M,2,191,1.0246767001226544,0.5250201998278499,0.5250583998858929
20260911_131106_302206,1,256,8,M,2,192,1.027835600078106,0.5233239000663161,0.5233611995354295
20260911_131106_302206,1,256,8,M,2,193,1.0065740998834372,0.5410770000889897,0.541113399900496
20260911_131106_302206,1,256,8,M,2,194,1.0476799001917243,0.5250920001417398,0.5251310998573899
20260911_131106_302206,1,256,8,M,2,195,1.0324680004268885,0.5205824999138713,0.5206164997071028
20260911_131106_302206,1,256,8,M,2,196,1.0124858999624848,0.5273370994254947,0.5273725995793939
20260911_131106_302206,1,256,8,M,2,197,1.0363908996805549,0.5293835001066327,0.5294199995696545
20260911_131106_302206,1,256,8,M,2,198,1.02345069963485,0.5310368994250894,0.531071700155735
20260911_131106_302206,1,256,8,M,2,199,1.0034165000542998,0.5351630998775363,0.5351978996768594
20260911_131106_302206,1,256,8,M,2,200,1.1078610001131892,0.5681364992633462,0.5681771002709866
20260911_131106_302206,1,256,8,M,2,201,1.0635732999071479,0.536442200653255,0.5364782996475697
20260911_131106_302206,1,256,8,M,2,202,1.0494389003142715,0.5398087007924914,0.5398447001352906
20260911_131106_302206,1,256,8,M,2,203,1.0315121002495289,0.5428475001826882,0.5428884997963905
20260911_131106_302206,1,256,8,M,2,204,1.0402718000113964,0.5295839998871088,0.5296194003894925
20260911_131106_302206,1,256,8,M,2,205,1.0051611000671983,0.5278318002820015,0.5278695002198219
20260911_131106_302206,1,256,8,M,2,206,1.0034198993816972,0.5150781003758311,0.5151142999529839
20260911_131106_302206,1,256,8,M,2,207,1.0566599993035197,0.5192884001880884,0.519323299638927
20260911_131106_302206,1,256,8,M,2,208,1.015798100270331,0.5178614994511008,0.5179066006094217
20260911_131106_302206,1,256,8,M,2,209,1.0427599996328354,0.5294089997187257,0.5294447997584939
20260911_131106_302206,1,256,8,M,2,210,1.0124516999348998,0.5347612993791699,0.5347999995574355
20260911_131106_302206,1,256,8,M,2,211,1.0300479996949434,0.5375318005681038,0.5375695005059242
20260911_131106_302206,1,256,8,M,2,212,1.01212149951607,0.5380438007414341,0.5380821004509926
20260911_131106_302206,1,256,8,M,2,213,1.0413405001163483,0.5256540002301335,0.5256928000599146
20260911_131106_302206,1,256,8,M,2,214,1.0033029997721314,0.5287776002660394,0.528813099488616
20260911_131106_302206,1,256,8,M,2,215,1.0060732001438737,0.5289924992248416,0.52903370000422
20260911_131106_302206,1,256,8,M,2,216,1.0174740003421903,0.5277094999328256,0.5277482997626066
20260911_131106_302206,1,256,8,M,2,217,1.0244800997897983,0.5238776998594403,0.5239147003740072
20260911_131106_302206,1,256,8,M,2,218,1.026837700046599,0.5342413997277617,0.5342755001038313
20260911_131106_302206,1,256,8,M,2,219,1.0364490002393723,0.5134658999741077,0.513501800596714
20260911_131106_302206,1,256,8,M,2,220,1.0081070000305772,0.5136863002553582,0.5137296002358198
20260911_131106_302206,1,256,8,M,2,221,1.0309025002643466,0.517492700368166,0.5175336003303528
20260911_131106_302206,1,256,8,M,2,222,1.0179463997483253,0.5177159998565912,0.5177548006176949
20260911_131106_302206,1,256,8,M,2,223,1.0135454004630446,0.5288623003289104,0.528902399353683
20260911_131106_302206,1,256,8,M,2,224,1.0666239997372031,0.5282001998275518,0.5282362997531891
20260911_131106_302206,1,256,8,M,2,225,1.038123500533402,0.5385557999834418,0.5385938007384539
20260911_131106_302206,1,256,8,M,2,226,1.028221900574863,0.5314282001927495,0.5314640998840332
20260911_131106_302206,1,256,8,M,2,227,1.01670360006392,0.5264715999364853,0.5265168007463217
20260911_131106_302206,1,256,8,M,2,228,1.0572651997208595,0.5194647004827857,0.5195001997053623
20260911_131106_302206,1,256,8,M,2,229,0.9988008998334408,0.5274245999753475,0.5274623995646834
20260911_131106_302206,1,256,8,M,2,230,1.0288135996088386,0.5132759995758533,0.513314800336957
20260911_131106_302206,1,256,8,M,2,231,1.0294711999595165,0.5321516003459692,0.5321861002594233
20260911_131106_302206,1,256,8,M,2,232,1.0034490004181862,0.5411869008094072,0.5412247003987432
20260911_131106_302206,1,256,8,M,2,233,1.0562007008120418,0.5163780003786087,0.5164176998659968
20260911_131106_302206,1,256,8,M,2,234,1.034497999586165,0.5263225995004177,0.5263574998825788
20260911_131106_302206,1,256,8,M,2,235,1.0327602000907063,0.522979399189353,0.5230253003537655
20260911_131106_302206,1,256,8,M,2,236,1.0154731003567576,0.5213222997263074,0.521356800571084
20260911_131106_302206,1,256,8,M,2,237,1.0262971995398402,0.5140987001359463,0.5141343008726835
20260911_131106_302206,1,256,8,M,2,238,1.007981799542904,0.541745699942112,0.5417894003912807
20260911_131106_302206,1,256,8,M,2,239,1.0363563001155853,0.5211419994011521,0.5211776001378894
20260911_131106_302206,1,256,8,M,2,240,1.0137225994840264,0.5283765997737646,0.5284180995076895
20260911_131106_302206,1,256,8,M,2,241,1.0196467004716396,0.5450579999014735,0.5450949994847178
20260911_131106_302206,1,256,8,M,2,242,1.0373919000849128,0.5279879001900554,0.5280242003500462
20260911_131106_302206,1,256,8,M,2,243,1.028889199718833,0.5262242993339896,0.5262620002031326
20260911_131106_302206,1,256,8,M,2,244,1.0366912996396422,0.5153087005019188,0.5153435999527574
20260911_131106_302206,1,256,8,M,2,245,1.03481309954077,0.5188293000683188,0.5188671993091702
20260911_131106_302206,1,256,8,M,2,246,1.0068434998393059,0.5312595004215837,0.5312956003472209
20260911_131106_302206,1,256,8,M,2,247,1.0078722005710006,0.5325893005356193,0.5326274996623397
20260911_131106_302206,1,256,8,M,2,248,1.090417000465095,0.531992600299418,0.5320322001352906
20260911_131106_302206,1,256,8,M,2,249,1.0449980003759265,0.5230037001892924,0.5230412995442748
20260911_131106_302206,1,256,8,M,2,250,1.0006163995712996,0.5315840002149343,0.5316241001710296
20260911_131106_302206,1,256,8,M,2,251,1.0308678997680545,0.5123266000300646,0.5123639004305005
20260911_131106_302206,1,256,8,M,2,252,1.016520000062883,0.5346293998882174,0.5346654001623392
20260911_131106_302206,1,256,8,M,2,253,1.0023068003356457,0.5334974993020296,0.5335373999550939
20260911_131106_302206,1,256,8,M,2,254,1.0279879001900554,0.5429352996870875,0.5429718997329473
20260911_131106_302206,1,256,8,M,2,255,1.03990270011127,0.5104455007240176,0.5104813994839787
20260911_131106_302206,2,8,3,M,1,0,0.815382900647819,0.4743968993425369,0.47442520037293434
20260911_131106_302206,2,8,3,M,1,1,0.811345899477601,0.48323539923876524,0.4832640001550317
20260911_131106_302206,2,8,3,M,1,2,0.8203953998163342,0.501503299921751,0.5015495996922255
20260911_131106_302206,2,8,3,M,1,3,0.812772000208497,0.4783432995900512,0.4783731997013092
20260911_131106_302206,2,8,3,M,1,4,0.814725499600172,0.48799030017107725,0.4880213001742959
20260911_131106_302206,2,8,3,M,1,5,0.8270702008157969,0.4755576001480222,0.47558779921382666
20260911_131106_302206,2,8,3,M,1,6,0.8166863992810249,0.4850083999335766,0.48504130076617
20260911_131106_302206,2,8,3,M,1,7,0.8155205994844437,0.4863264998421073,0.4863603999838233
20260911_131106_302206,2,8,3,NM,2,0,0.7483195001259446,0.47544530034065247,0.47548200003802776
20260911_131106_302206,2,8,3,NM,2,1,0.7440789993852377,0.4853839995339513,0.48541679978370667
20260911_131106_302206,2,8,3,NM,2,2,0.7386722005903721,0.4877455001696944,0.48777549993246794
20260911_131106_302206,2,8,3,NM,2,3,0.7799583999440074,0.4878504993394017,0.48791040014475584
20260911_131106_302206,2,8,3,NM,2,4,0.7492356998845935,0.4879367994144559,0.4879834000021219
20260911_131106_302206,2,8,3,NM,2,5,0.7416396997869015,0.4860164998099208,0.4860624000430107
20260911_131106_302206,2,8,3,NM,2,6,0.7482404001057148,0.4786282991990447,0.4786630002781749
20260911_131106_302206,2,8,3,NM,2,7,0.7480845004320145,0.4747850000858307,0.4748213002458215
20260911_131106_302206,2,16,4,M,1,0,0.7978063002228737,0.47329939994961023,0.4733283994719386
20260911_131106_302206,2,16,4,M,1,1,0.8183701001107693,0.4819111004471779,0.48194830026477575
20260911_131106_302206,2,16,4,M,1,2,0.8112575998529792,0.48375540040433407,0.48378669936209917
20260911_131106_302206,2,16,4,M,1,3,0.8193811001256108,0.47738470043987036,0.4774174001067877
20260911_131106_302206,2,16,4,M,1,4,0.8245807997882366,0.48376999981701374,0.483801300637424
20260911_131106_302206,2,16,4,M,1,5,0.8328740000724792,0.4786056997254491,0.47864130046218634
20260911_131106_302206,2,16,4,M,1,6,0.8089660992845893,0.4823210993781686,0.48235800024122
20260911_131106_302206,2,16,4,M,1,7,0.8211289998143911,0.48953270073980093,0.48956040013581514
20260911_131106_302206,2,16,4,M,1,8,0.8216311000287533,0.477984800003469,0.4780171001330018
20260911_131106_302206,2,16,4,M,1,9,0.8500832999125123,0.5078138997778296,0.507841999642551
20260911_131106_302206,2,16,4,M,1,10,0.8491329001262784,0.5018648998811841,0.5018923999741673
20260911_131106_302206,2,16,4,M,1,11,0.8598482999950647,0.49988820031285286,0.49992140009999275
20260911_131106_302206,2,16,4,M,1,12,0.8462458001449704,0.5156941004097462,0.5157460998743773
20260911_131106_302206,2,16,4,M,1,13,0.8426969991996884,0.5006271004676819,0.5006556995213032
20260911_131106_302206,2,16,4,M,1,14,0.8352455999702215,0.5414268001914024,0.5414583999663591
20260911_131106_302206,2,16,4,M,1,15,0.8660768000409007,0.4817842999473214,0.4818174997344613
20260911_131106_302206,2,16,4,NM,2,0,0.7579705007374287,0.4883850999176502,0.4884240999817848
20260911_131106_302206,2,16,4,NM,2,1,0.7679512994363904,0.47837490029633045,0.4784043999388814
20260911_131106_302206,2,16,4,NM,2,2,0.7541791005060077,0.4837852995842695,0.4838148998096585
20260911_131106_302206,2,16,4,NM,2,3,0.7490296997129917,0.48432449996471405,0.48435410019010305
20260911_131106_302206,2,16,4,NM,2,4,0.7340417001396418,0.491325999610126,0.4913701005280018
20260911_131106_302206,2,16,4,NM,2,5,0.7397990003228188,0.49019720032811165,0.49023589957505465
20260911_131106_302206,2,16,4,NM,2,6,0.7548054996877909,0.49650200083851814,0.49653139989823103
20260911_131106_302206,2,16,4,NM,2,7,0.7448318004608154,0.48477490060031414,0.4848043005913496
20260911_131106_302206,2,16,4,NM,2,8,0.7453998001292348,0.5085584996268153,0.5085935993120074
20260911_131106_302206,2,16,4,NM,2,9,0.7664032997563481,0.5095792002975941,0.509612500667572
20260911_131106_302206,2,16,4,NM,2,10,0.768490799702704,0.5065134996548295,0.5065540997311473
20260911_131106_302206,2,16,4,NM,2,11,0.7895541004836559,0.49417930003255606,0.49422879982739687
20260911_131106_302206,2,16,4,NM,2,12,0.7428890001028776,0.5064519001170993,0.5064815003424883
20260911_131106_302206,2,16,4,NM,2,13,0.7442016005516052,0.4913681000471115,0.49140079971402884
20260911_131106_302206,2,16,4,NM,2,14,0.7453025998547673,0.4926518006250262,0.492688100785017
20260911_131106_302206,2,16,4,NM,2,15,0.7334505999460816,0.4831602992489934,0.4831918003037572
20260911_131106_302206,2,32,5,M,1,0,0.8400208000093699,0.495915699750185,0.49594590067863464
20260911_131106_302206,2,32,5,M,1,1,0.84631949942559,0.511243499815464,0.5112794004380703
20260911_131106_302206,2,32,5,M,1,2,0.892467500641942,0.4973002001643181,0.49733079969882965
20260911_131106_302206,2,32,5,M,1,3,0.8654829999431968,0.48706210032105446,0.48709259927272797
20260911_131106_302206,2,32,5,M,1,4,0.8555557001382113,0.48552029952406883,0.4855535002425313
20260911_131106_302206,2,32,5,M,1,5,0.824680800549686,0.47830870002508163,0.4783383999019861
20260911_131106_302206,2,32,5,M,1,6,0.8362467996776104,0.48652200028300285,0.4865512000396848
20260911_131106_302206,2,32,5,M,1,7,0.8530518999323249,0.4871392007917166,0.4871727004647255
20260911_131106_302206,2,32,5,M,1,8,0.8623063992708921,0.4794132001698017,0.4794484004378319
20260911_131106_302206,2,32,5,M,1,9,0.8474834999069571,0.4836674006655812,0.483696099370718
20260911_131106_302206,2,32,5,M,1,10,0.8333941996097565,0.4995744004845619,0.49960740003734827
20260911_131106_302206,2,32,5,M,1,11,0.8352143000811338,0.4889046000316739,0.48894030041992664
20260911_131106_302206,2,32,5,M,1,12,0.8332733996212482,0.4778560996055603,0.4778891000896692
20260911_131106_302206,2,32,5,M,1,13,0.8454495007172227,0.48197090066969395,0.48200440034270287
20260911_131106_302206,2,32,5,M,1,14,0.8506728997454047,0.4934113994240761,0.4934447007253766
20260911_131106_302206,2,32,5,M,1,15,0.8360361997038126,0.4771470995619893,0.4771833997219801
20260911_131106_302206,2,32,5,M,1,16,0.8436214001849294,0.4820769000798464,0.48211400024592876
20260911_131106_302206,2,32,5,M,1,17,0.8432008000090718,0.4876979999244213,0.4877351000905037
20260911_131106_302206,2,32,5,M,1,18,0.8346734996885061,0.47692149970680475,0.47695619985461235
20260911_131106_302206,2,32,5,M,1,19,0.844824600033462,0.48848250042647123,0.48851240053772926
20260911_131106_302206,2,32,5,M,1,20,0.8550809994339943,0.4882319001480937,0.4882650999352336
20260911_131106_302206,2,32,5,M,1,21,0.8403936000540853,0.4879488004371524,0.48798249941319227
20260911_131106_302206,2,32,5,M,1,22,0.8537769997492433,0.4882615003734827,0.4883170993998647
20260911_131106_302206,2,32,5,M,1,23,0.8661281997337937,0.4949824996292591,0.4950128998607397
20260911_131106_302206,2,32,5,M,1,24,0.8745258999988437,0.5093983002007008,0.5094265006482601
20260911_131106_302206,2,32,5,M,1,25,0.8868512995541096,0.4844741001725197,0.4845051998272538
20260911_131106_302206,2,32,5,M,1,26,0.8243888998404145,0.47704510018229485,0.4770753001794219
20260911_131106_302206,2,32,5,M,1,27,0.8212900999933481,0.5115336999297142,0.5115635003894567
20260911_131106_302206,2,32,5,M,1,28,0.8246825998649001,0.4736818000674248,0.4737105993553996
20260911_131106_302206,2,32,5,M,1,29,0.8090000003576279,0.4758508997038007,0.4758807001635432
20260911_131106_302206,2,32,5,M,1,30,0.8338022995740175,0.46599370054900646,0.4660220993682742
20260911_131106_302206,2,32,5,M,1,31,0.8262114999815822,0.4744952004402876,0.47452499996870756
20260911_131106_302206,2,32,5,NM,2,0,0.7398377005010843,0.49087660014629364,0.4909095000475645
20260911_131106_302206,2,32,5,NM,2,1,0.7185407998040318,0.47737979982048273,0.47741519939154387
20260911_131106_302206,2,32,5,NM,2,2,0.7204804997891188,0.4689528997987509,0.46898570004850626
20260911_131106_302206,2,32,5,NM,2,3,0.7162825996056199,0.4802368003875017,0.4802790004760027
20260911_131106_302206,2,32,5,NM,2,4,0.7143715005367994,0.469998000189662,0.4700303003191948
20260911_131106_302206,2,32,5,NM,2,5,0.7258591996505857,0.46919470001012087,0.4692230997607112
20260911_131106_302206,2,32,5,NM,2,6,0.725998499430716,0.4905257998034358,0.49055640026926994
20260911_131106_302206,2,32,5,NM,2,7,0.7785142995417118,0.47841470036655664,0.4784495998173952
20260911_131106_302206,2,32,5,NM,2,8,0.7411088002845645,0.4869082001969218,0.4869364993646741
20260911_131106_302206,2,32,5,NM,2,9,0.7606219993904233,0.5118260001763701,0.5118653997778893
20260911_131106_302206,2,32,5,NM,2,10,0.7468335004523396,0.5023062005639076,0.5023415004834533
20260911_131106_302206,2,32,5,NM,2,11,0.7177080996334553,0.48684560041874647,0.4868739992380142
20260911_131106_302206,2,32,5,NM,2,12,0.7374127004295588,0.4712252002209425,0.47125349938869476
20260911_131106_302206,2,32,5,NM,2,13,0.7260687993839383,0.47663219925016165,0.47666050028055906
20260911_131106_302206,2,32,5,NM,2,14,0.7302252994850278,0.4804782001301646,0.48050810024142265
20260911_131106_302206,2,32,5,NM,2,15,0.7273880001157522,0.4783346997573972,0.4783650999888778
20260911_131106_302206,2,32,5,NM,2,16,0.7331298999488354,0.4774914998561144,0.4775258004665375
20260911_131106_302206,2,32,5,NM,2,17,0.738034900277853,0.4793341001495719,0.4793699998408556
20260911_131106_302206,2,32,5,NM,2,18,0.7358812997117639,0.4744402002543211,0.47446960024535656
20260911_131106_302206,2,32,5,NM,2,19,0.7419291995465755,0.4816880002617836,0.48172060027718544
20260911_131106_302206,2,32,5,NM,2,20,0.7279797997325659,0.4848242001608014,0.484854300506413
20260911_131106_302206,2,32,5,NM,2,21,0.7308176001533866,0.46346040070056915,0.4634942002594471
20260911_131106_302206,2,32,5,NM,2,22,0.7228236999362707,0.517917700111866,0.5179473999887705
20260911_131106_302206,2,32,5,NM,2,23,0.7220371998846531,0.4807211998850107,0.48075029999017715
20260911_131106_302206,2,32,5,NM,2,24,0.7235645996406674,0.47498729918152094,0.47501569986343384
20260911_131106_302206,2,32,5,NM,2,25,0.7425990998744965,0.47190989926457405,0.4719389006495476
20260911_131106_302206,2,32,5,NM,2,26,0.7288950001820922,0.48272989969700575,0.48275840003043413
20260911_131106_302206,2,32,5,NM,2,27,0.7255768999457359,0.4771701004356146,0.4772127000615001
20260911_131106_302206,2,32,5,NM,2,28,0.7269673002883792,0.4766400000080466,0.47667390014976263
20260911_131106_302206,2,32,5,NM,2,29,0.7381811002269387,0.5002027004957199,0.5002414006739855
20260911_131106_302206,2,32,5,NM,2,30,0.7448041001334786,0.47810509987175465,0.4781369995325804
20260911_131106_302206,2,32,5,NM,2,31,0.7095241006463766,0.4717801008373499,0.47180929966270924
20260911_131106_302206,2,64,6,M,1,0,0.8674758998677135,0.4575747000053525,0.45760810002684593
20260911_131106_302206,2,64,6,M,1,1,0.8692451994866133,0.4653797000646591,0.46541120018810034
20260911_131106_302206,2,64,6,M,1,2,0.8788077002391219,0.46910669934004545,0.46913630049675703
20260911_131106_302206,2,64,6,M,1,3,0.9453762993216515,0.5010557007044554,0.501091000624001
20260911_131106_302206,2,64,6,M,1,4,0.9514486007392406,0.4865783005952835,0.4866059999912977
20260911_131106_302206,2,64,6,M,1,5,0.9045377001166344,0.47202910017222166,0.472057499922812
20260911_131106_302206,2,64,6,M,1,6,0.8871215004473925,0.4849070003256202,0.48493830021470785
20260911_131106_302206,2,64,6,M,1,7,0.8873816002160311,0.4738052003085613,0.47383600007742643
20260911_131106_302206,2,64,6,M,1,8,0.8973164996132255,0.47147629968822,0.47150429990142584
20260911_131106_302206,2,64,6,M,1,9,0.8875605994835496,0.48223419953137636,0.4822668004781008
20260911_131106_302206,2,64,6,M,1,10,0.894148699939251,0.46878920029848814,0.46881720051169395
20260911_131106_302206,2,64,6,M,1,11,0.9123879000544548,0.4884523004293442,0.4884861009195447
20260911_131106_302206,2,64,6,M,1,12,0.8922117995098233,0.47458629962056875,0.47461780067533255
20260911_131106_302206,2,64,6,M,1,13,0.8939947001636028,0.518851799890399,0.5188811998814344
20260911_131106_302206,2,64,6,M,1,14,0.8899846998974681,0.4772835001349449,0.4773113001137972
20260911_131106_302206,2,64,6,M,1,15,0.8854753999039531,0.4638144997879863,0.4638444008305669
20260911_131106_302206,2,64,6,M,1,16,0.8875770000740886,0.4786063004285097,0.4786380995064974
20260911_131106_302206,2,64,6,M,1,17,0.8806578004732728,0.47539340052753687,0.47542310040444136
20260911_131106_302206,2,64,6,M,1,18,0.8995185000821948,0.46676990017294884,0.46680029947310686
20260911_131106_302206,2,64,6,M,1,19,0.9008703008294106,0.48844349943101406,0.48847260046750307
20260911_131106_302206,2,64,6,M,1,20,0.8984760995954275,0.4620847003534436,0.46211450081318617
20260911_131106_302206,2,64,6,M,1,21,0.9121231995522976,0.5006002001464367,0.500628599897027
20260911_131106_302206,2,64,6,M,1,22,0.9094613995403051,0.492276799865067,0.4923056997358799
20260911_131106_302206,2,64,6,M,1,23,0.8916172003373504,0.4851229004561901,0.4851518999785185
20260911_131106_302206,2,64,6,M,1,24,0.9133150996640325,0.4876540005207062,0.48768530040979385
20260911_131106_302206,2,64,6,M,1,25,0.9092535004019737,0.4734788993373513,0.47350900061428547
20260911_131106_302206,2,64,6,M,1,26,0.9007275998592377,0.47524910047650337,0.4752775002270937
20260911_131106_302206,2,64,6,M,1,27,0.9128240002319217,0.48650060035288334,0.4865303998813033
20260911_131106_302206,2,64,6,M,1,28,0.9345654007047415,0.48319400008767843,0.48322319984436035
20260911_131106_302206,2,64,6,M,1,29,0.9179632999002934,0.4856482995674014,0.48567810002714396
20260911_131106_302206,2,64,6,M,1,30,0.9134696004912257,0.4709981996566057,0.4710301999002695
20260911_131106_302206,2,64,6,M,1,31,0.9064835999161005,0.4668386997655034,0.4668726995587349
20260911_131106_302206,2,64,6,M,1,32,0.9078617999330163,0.47050820011645555,0.470538099296391
20260911_131106_302206,2,64,6,M,1,33,0.9063470000401139,0.478574700653553,0.4786035995930433
20260911_131106_302206,2,64,6,M,1,34,0.8977581998333335,0.4644083995372057,0.4644395001232624
20260911_131106_302206,2,64,6,M,1,35,0.9044955996796489,0.47629790008068085,0.47632559947669506
20260911_131106_302206,2,64,6,M,1,36,0.8935070000588894,0.4702413994818926,0.47027849964797497
20260911_131106_302206,2,64,6,M,1,37,0.90014040004462,0.48721029981970787,0.4872390003874898
20260911_131106_302206,2,64,6,M,1,38,0.8949381001293659,0.48874530009925365,0.48877499997615814
20260911_131106_302206,2,64,6,M,1,39,0.9085910003632307,0.4899118999019265,0.48994139954447746
20260911_131106_302206,2,64,6,M,1,40,0.8949591005221009,0.4804335003718734,0.48046290036290884
20260911_131106_302206,2,64,6,M,1,41,0.8984099999070168,0.4824633998796344,0.48250799998641014
20260911_131106_302206,2,64,6,M,1,42,0.9095775997266173,0.4669230002909899,0.4669575998559594
20260911_131106_302206,2,64,6,M,1,43,0.894939599558711,0.486383100040257,0.4864114997908473
20260911_131106_302206,2,64,6,M,1,44,0.9089015005156398,0.48581620026379824,0.48584549967199564
20260911_131106_302206,2,64,6,M,1,45,0.9130100999027491,0.49023110046982765,0.4902618993073702
20260911_131106_302206,2,64,6,M,1,46,0.908886800520122,0.478800100274384,0.4788282001391053
20260911_131106_302206,2,64,6,M,1,47,0.9076789999380708,0.47802780009806156,0.4780595004558563
20260911_131106_302206,2,64,6,M,1,48,0.9174771998077631,0.4883457003161311,0.4883758006617427
20260911_131106_302206,2,64,6,M,1,49,0.8960610004141927,0.48049759957939386,0.4805263001471758
20260911_131106_302206,2,64,6,M,1,50,0.9051589006558061,0.4804928991943598,0.48052340000867844
20260911_131106_302206,2,64,6,M,1,51,0.9037757003679872,0.48279490042477846,0.48282419983297586
20260911_131106_302206,2,64,6,M,1,52,0.9260176997631788,0.4663812005892396,0.46640950068831444
20260911_131106_302206,2,64,6,M,1,53,0.91420659981668,0.5260765003040433,0.5261067999526858
20260911_131106_302206,2,64,6,M,1,54,0.9064758000895381,0.47946919966489077,0.47950049955397844
20260911_131106_302206,2,64,6,M,1,55,0.9525164999067783,0.47382619976997375,0.47385499998927116
20260911_131106_302206,2,64,6,M,1,56,0.8999797003343701,0.4847828997299075,0.48481430020183325
20260911_131106_302206,2,64,6,M,1,57,0.8953240001574159,0.48106310050934553,0.48109189979732037
20260911_131106_302206,2,64,6,M,1,58,0.888845999725163,0.4785712007433176,0.47860080003738403
20260911_131106_302206,2,64,6,M,1,59,0.9165987996384501,0.5074321003630757,0.5074621001258492
20260911_131106_302206,2,64,6,M,1,60,0.8969902005046606,0.48888389952480793,0.48891330044716597
20260911_131106_302206,2,64,6,M,1,61,0.8963428996503353,0.48029990028589964,0.48033079970628023
20260911_131106_302206,2,64,6,M,1,62,0.9026258001103997,0.48246079962700605,0.4824953004717827
20260911_131106_302206,2,64,6,M,1,63,0.9093728000298142,0.4724997002631426,0.4725277004763484
20260911_131106_302206,2,64,6,NM,2,0,0.7290433002635837,0.48675169982016087,0.486786300316453
20260911_131106_302206,2,64,6,NM,2,1,0.7155304998159409,0.46947360038757324,0.4695047000423074
20260911_131106_302206,2,64,6,NM,2,2,0.7443281002342701,0.4989891992881894,0.4990204004570842
20260911_131106_302206,2,64,6,NM,2,3,0.7275924999266863,0.47740739956498146,0.477437200024724
20260911_131106_302206,2,64,6,NM,2,4,0.7266918001696467,0.4742748998105526,0.47430939972400665
20260911_131106_302206,2,64,6,NM,2,5,0.7272907998412848,0.4836202999576926,0.48365149926394224
20260911_131106_302206,2,64,6,NM,2,6,0.727823699824512,0.47290629986673594,0.47293320018798113
20260911_131106_302206,2,64,6,NM,2,7,0.7410345999523997,0.45900659915059805,0.4590394999831915
20260911_131106_302206,2,64,6,NM,2,8,0.7221657996997237,0.4744937000796199,0.47452650032937527
20260911_131106_302206,2,64,6,NM,2,9,0.7216378999873996,0.47809880040585995,0.4781406996771693
20260911_131106_302206,2,64,6,NM,2,10,0.7330880993977189,0.4778261994943023,0.47787069994956255
20260911_131106_302206,2,64,6,NM,2,11,0.7430003993213177,0.4941883999854326,0.49421720020473003
20260911_131106_302206,2,64,6,NM,2,12,0.7415447002276778,0.4830404007807374,0.4830694003030658
20260911_131106_302206,2,64,6,NM,2,13,0.7235286999493837,0.4901358997449279,0.49017180036753416
20260911_131106_302206,2,64,6,NM,2,14,0.7197283999994397,0.47390540037304163,0.47393849957734346
20260911_131106_302206,2,64,6,NM,2,15,0.7293668994680047,0.47199090011417866,0.47202089987695217
20260911_131106_302206,2,64,6,NM,2,16,0.722418399527669,0.4756406005471945,0.4756714999675751
20260911_131106_302206,2,64,6,NM,2,17,0.7141457004472613,0.4804478995501995,0.48047840036451817
20260911_131106_302206,2,64,6,NM,2,18,0.7235428998246789,0.48277509957551956,0.4828099999576807
20260911_131106_302206,2,64,6,NM,2,19,0.7303790999576449,0.5039769001305103,0.5040072007104754
20260911_131106_302206,2,64,6,NM,2,20,0.7450294001027942,0.4733279999345541,0.4733573002740741
20260911_131106_302206,2,64,6,NM,2,21,0.7329177996143699,0.4837420005351305,0.48377119936048985
20260911_131106_302206,2,64,6,NM,2,22,0.7434770995751023,0.4822539994493127,0.48228299990296364
20260911_131106_302206,2,64,6,NM,2,23,0.7401676997542381,0.5512474002316594,0.5512806000187993
20260911_131106_302206,2,64,6,NM,2,24,0.7398114996030927,0.4813445005565882,0.48137490078806877
20260911_131106_302206,2,64,6,NM,2,25,0.7215921999886632,0.47416200023144484,0.4741917997598648
20260911_131106_302206,2,64,6,NM,2,26,0.7334011001512408,0.47277210000902414,0.4728031996637583
20260911_131106_302206,2,64,6,NM,2,27,0.728048799559474,0.47720509953796864,0.47723350021988153
20260911_131106_302206,2,64,6,NM,2,28,0.7204749993979931,0.47510140016674995,0.47513110004365444
20260911_131106_302206,2,64,6,NM,2,29,0.727891200222075,0.474027999676764,0.4740591999143362
20260911_131106_302206,2,64,6,NM,2,30,0.7367201000452042,0.471267799846828,0.471297400072217
20260911_131106_302206,2,64,6,NM,2,31,0.7219724003225565,0.48414820060133934,0.48417980037629604
20260911_131106_302206,2,64,6,NM,2,32,0.72322509996593,0.4777629002928734,0.4777939999476075
20260911_131106_302206,2,64,6,NM,2,33,0.7264295006170869,0.48079949989914894,0.4808316994458437
20260911_131106_302206,2,64,6,NM,2,34,0.7293008994311094,0.4667691998183727,0.4667977001518011
20260911_131106_302206,2,64,6,NM,2,35,0.7325366996228695,0.46526100020855665,0.46529150009155273
20260911_131106_302206,2,64,6,NM,2,36,0.7414597002789378,0.47308519948273897,0.4731192998588085
20260911_131106_302206,2,64,6,NM,2,37,0.7177224000915885,0.5043641002848744,0.5043914001435041
20260911_131106_302206,2,64,6,NM,2,38,0.718113299459219,0.4758566003292799,0.47588529996573925
20260911_131106_302206,2,64,6,NM,2,39,0.7138222996145487,0.47365119960159063,0.4736778000369668
20260911_131106_302206,2,64,6,NM,2,40,0.7203528992831707,0.47419199999421835,0.47422480024397373
20260911_131106_302206,2,64,6,NM,2,41,0.7448485996574163,0.4791804002597928,0.47921069990843534
20260911_131106_302206,2,64,6,NM,2,42,0.7260101996362209,0.4750509997829795,0.4750808998942375
20260911_131106_302206,2,64,6,NM,2,43,0.7140897996723652,0.47179909981787205,0.47182990051805973
20260911_131106_302206,2,64,6,NM,2,44,0.73143620043993,0.48225650005042553,0.4822835000231862
20260911_131106_302206,2,64,6,NM,2,45,0.7335101999342442,0.4766923999413848,0.47672450076788664
20260911_131106_302206,2,64,6,NM,2,46,0.7269273996353149,0.4722789004445076,0.4723081002011895
20260911_131106_302206,2,64,6,NM,2,47,0.7149808993563056,0.48005069978535175,0.4800812005996704
20260911_131106_302206,2,64,6,NM,2,48,0.7195107005536556,0.4816193003207445,0.48164950031787157
20260911_131106_302206,2,64,6,NM,2,49,0.7249234998598695,0.46522239968180656,0.4652522001415491
20260911_131106_302206,2,64,6,NM,2,50,0.7299897996708751,0.4743345994502306,0.47436479944735765
20260911_131106_302206,2,64,6,NM,2,51,0.74208979960531,0.5006608003750443,0.500688599422574
20260911_131106_302206,2,64,6,NM,2,52,0.7656159000471234,0.5217203004285693,0.5217514997348189
20260911_131106_302206,2,64,6,NM,2,53,0.7593230996280909,0.5313830999657512,0.5314138000831008
20260911_131106_302206,2,64,6,NM,2,54,0.7704686997458339,0.4792034002020955,0.4792325999587774
20260911_131106_302206,2,64,6,NM,2,55,0.7306439997628331,0.47761289961636066,0.4776430008932948
20260911_131106_302206,2,64,6,NM,2,56,0.7278566993772984,0.48236410040408373,0.48239459935575724
20260911_131106_302206,2,64,6,NM,2,57,0.7349633006379008,0.46420339960604906,0.46423410065472126
20260911_131106_302206,2,64,6,NM,2,58,0.7391114998608828,0.4675410995259881,0.46757510025054216
20260911_131106_302206,2,64,6,NM,2,59,0.7312551997601986,0.4689107006415725,0.46895179990679026
20260911_131106_302206,2,64,6,NM,2,60,0.7344482997432351,0.47505700029432774,0.47508659958839417
20260911_131106_302206,2,64,6,NM,2,61,0.7274813000112772,0.4794389000162482,0.4794682003557682
20260911_131106_302206,2,64,6,NM,2,62,0.7388677000999451,0.5316474996507168,0.5316824000328779
20260911_131106_302206,2,64,6,NM,2,63,0.7413165001198649,0.4841553997248411,0.4841855000704527
20260911_131106_302206,2,128,7,M,1,0,0.875832499936223,0.4706476991996169,0.47067839931696653
20260911_131106_302206,2,128,7,M,1,1,0.8761674994602799,0.48767410032451153,0.4877062002196908
20260911_131106_302206,2,128,7,M,1,2,0.9058888992294669,0.46653629932552576,0.4665646003559232
20260911_131106_302206,2,128,7,M,1,3,0.9054566007107496,0.45398989971727133,0.45402290020138025
20260911_131106_302206,2,128,7,M,1,4,0.9165731994435191,0.4549390999600291,0.4549677995964885
20260911_131106_302206,2,128,7,M,1,5,0.8894921997562051,0.4572529001161456,0.457281400449574
20260911_131106_302206,2,128,7,M,1,6,0.8723406000062823,0.4512847997248173,0.4513142993673682
20260911_131106_302206,2,128,7,M,1,7,0.8923689005896449,0.4559835996478796,0.45601269975304604
20260911_131106_302206,2,128,7,M,1,8,0.8722296003252268,0.462169099599123,0.4621990006417036
20260911_131106_302206,2,128,7,M,1,9,0.8706783000379801,0.4700221000239253,0.47005260083824396
20260911_131106_302206,2,128,7,M,1,10,0.8839389998465776,0.4695209003984928,0.4695627000182867
20260911_131106_302206,2,128,7,M,1,11,0.8835461996495724,0.47204350028187037,0.47207210026681423
20260911_131106_302206,2,128,7,M,1,12,0.8816795004531741,0.45731829944998026,0.4573481995612383
20260911_131106_302206,2,128,7,M,1,13,0.8927434999495745,0.4725924003869295,0.4726248001679778
20260911_131106_302206,2,128,7,M,1,14,0.8776286002248526,0.48990270029753447,0.48993130028247833
20260911_131106_302206,2,128,7,M,1,15,0.9366137003526092,0.48176269978284836,0.48179120011627674
20260911_131106_302206,2,128,7,M,1,16,0.9194304002448916,0.48824500013142824,0.48827439919114113
20260911_131106_302206,2,128,7,M,1,17,0.9085905998945236,0.47542549949139357,0.47545980010181665
20260911_131106_302206,2,128,7,M,1,18,0.9072481002658606,0.46592119988054037,0.4659502003341913
20260911_131106_302206,2,128,7,M,1,19,0.8964853994548321,0.47343860007822514,0.4734672997146845
20260911_131106_302206,2,128,7,M,1,20,0.8896543001756072,0.46547270007431507,0.46551370061933994
20260911_131106_302206,2,128,7,M,1,21,0.9023641999810934,0.45625120028853416,0.45629219990223646
20260911_131106_302206,2,128,7,M,1,22,0.9240415999665856,0.509026700630784,0.509060699492693
20260911_131106_302206,2,128,7,M,1,23,0.9263411005958915,0.47399669978767633,0.4740279000252485
20260911_131106_302206,2,128,7,M,1,24,0.8959368001669645,0.47956080082803965,0.47959200013428926
20260911_131106_302206,2,128,7,M,1,25,0.885334599763155,0.471607499755919,0.47163849975913763
20260911_131106_302206,2,128,7,M,1,26,0.8972436999902129,0.4739752998575568,0.4740135995671153
20260911_131106_302206,2,128,7,M,1,27,0.8890639003366232,0.47250729985535145,0.4725403003394604
20260911_131106_302206,2,128,7,M,1,28,0.8950754003599286,0.4602589998394251,0.46028830017894506
20260911_131106_302206,2,128,7,M,1,29,0.884951600804925,0.45871089957654476,0.45873969979584217
20260911_131106_302206,2,128,7,M,1,30,0.8846407001838088,0.46899430081248283,0.4690248994156718
20260911_131106_302206,2,128,7,M,1,31,0.8977015996351838,0.46693019941449165,0.4669596999883652
20260911_131106_302206,2,128,7,M,1,32,0.901808999478817,0.45388170052319765,0.4539224999025464
20260911_131106_302206,2,128,7,M,1,33,0.916626799851656,0.4692229004576802,0.46925599966198206
20260911_131106_302206,2,128,7,M,1,34,0.9107574000954628,0.46808229945600033,0.46811260003596544
20260911_131106_302206,2,128,7,M,1,35,0.8859221003949642,0.4700548006221652,0.47008780017495155
20260911_131106_302206,2,128,7,M,1,36,0.8904446000233293,0.474566999822855,0.4745958000421524
20260911_131106_302206,2,128,7,M,1,37,0.8848695997148752,0.4658325994387269,0.46586279943585396
20260911_131106_302206,2,128,7,M,1,38,0.8962874002754688,0.47500690072774887,0.4750395007431507
20260911_131106_302206,2,128,7,M,1,39,0.8812055001035333,0.47551519982516766,0.47554560005664825
20260911_131106_302206,2,128,7,M,1,40,0.8971044002100825,0.4713645000010729,0.4713995000347495
20260911_131106_302206,2,128,7,M,1,41,0.9109303997829556,0.4679552996531129,0.4679832998663187
20260911_131106_302206,2,128,7,M,1,42,0.9167794995009899,0.4628082998096943,0.46283800061792135
20260911_131106_302206,2,128,7,M,1,43,0.903783599846065,0.46228120010346174,0.46231089998036623
20260911_131106_302206,2,128,7,M,1,44,0.9235531007871032,0.47032640036195517,0.4703552005812526
20260911_131106_302206,2,128,7,M,1,45,0.9004958998411894,0.4689481006935239,0.46897680032998323
20260911_131106_302206,2,128,7,M,1,46,0.895317499525845,0.4701702008023858,0.47020089998841286
20260911_131106_302206,2,128,7,M,1,47,0.9096523001790047,0.4848472997546196,0.4848784999921918
20260911_131106_302206,2,128,7,M,1,48,0.8918456993997097,0.46604419965296984,0.46607640013098717
20260911_131106_302206,2,128,7,M,1,49,0.9066279996186495,0.4798742001876235,0.4799022004008293
20260911_131106_302206,2,128,7,M,1,50,1.325585400685668,0.45040970016270876,0.45045700017362833
20260911_131106_302206,2,128,7,M,1,51,0.9126340998336673,0.47102729976177216,0.47105650044977665
20260911_131106_302206,2,128,7,M,1,52,0.8957226006314158,0.4637063005939126,0.4637348996475339
20260911_131106_302206,2,128,7,M,1,53,0.9081795997917652,0.5120633998885751,0.5120916003361344
20260911_131106_302206,2,128,7,M,1,54,0.9147562002763152,0.4733135001733899,0.47334260027855635
20260911_131106_302206,2,128,7,M,1,55,0.8947909995913506,0.4779094001278281,0.47793789952993393
20260911_131106_302206,2,128,7,M,1,56,0.8972174003720284,0.47092240024358034,0.4709537997841835
20260911_131106_302206,2,128,7,M,1,57,0.9074343992397189,0.4739231998100877,0.4739535003900528
20260911_131106_302206,2,128,7,M,1,58,0.8792903004214168,0.47395719960331917,0.4739886000752449
20260911_131106_302206,2,128,7,M,1,59,0.8980499999597669,0.469246999360621,0.4692748002707958
20260911_131106_302206,2,128,7,M,1,60,0.8988247998058796,0.465947600081563,0.4659746000543237
20260911_131106_302206,2,128,7,M,1,61,0.912746200338006,0.486060899682343,0.48610160034149885
20260911_131106_302206,2,128,7,M,1,62,0.8970222994685173,0.47894039936363697,0.47897440008819103
20260911_131106_302206,2,128,7,M,1,63,0.8995719999074936,0.5014626998454332,0.5014925003051758
20260911_131106_302206,2,128,7,M,1,64,0.9166749995201826,0.5002798000350595,0.5003089001402259
20260911_131106_302206,2,128,7,M,1,65,0.9243078008294106,0.49658589996397495,0.4966144999489188
20260911_131106_302206,2,128,7,M,1,66,0.9327281005680561,0.48001839965581894,0.48004719987511635
20260911_131106_302206,2,128,7,M,1,67,0.9268926000222564,0.46914940048009157,0.46917840000241995
20260911_131106_302206,2,128,7,M,1,68,0.9215003997087479,0.46993339993059635,0.46996229980140924
20260911_131106_302206,2,128,7,M,1,69,0.9016816997900605,0.4925151001662016,0.4925434999167919
20260911_131106_302206,2,128,7,M,1,70,0.9596293000504375,0.4983775997534394,0.498407700099051
20260911_131106_302206,2,128,7,M,1,71,0.9465237995609641,0.4889011001214385,0.48893069941550493
20260911_131106_302206,2,128,7,M,1,72,0.9482110999524593,0.49349659960716963,0.4935263004153967
20260911_131106_302206,2,128,7,M,1,73,0.9156651999801397,0.48707800079137087,0.48710509948432446
20260911_131106_302206,2,128,7,M,1,74,0.9141702000051737,0.4773319000378251,0.4773611994460225
20260911_131106_302206,2,128,7,M,1,75,0.8988541001453996,0.4822247000411153,0.4822543002665043
20260911_131106_302206,2,128,7,M,1,76,0.892998400144279,0.47559120040386915,0.47562059946358204
20260911_131106_302206,2,128,7,M,1,77,0.9038861002773046,0.48346100002527237,0.4834900004789233
20260911_131106_302206,2,128,7,M,1,78,0.9111128998920321,0.48111930023878813,0.4811507994309068
20260911_131106_302206,2,128,7,M,1,79,0.8889884995296597,0.48124170023947954,0.48127290047705173
20260911_131106_302206,2,128,7,M,1,80,0.8920104000717402,0.4676861995831132,0.4677157001569867
20260911_131106_302206,2,128,7,M,1,81,0.9161278996616602,0.4756721006706357,0.47571729961782694
20260911_131106_302206,2,128,7,M,1,82,0.9189975000917912,0.47072739992290735,0.47075659967958927
20260911_131106_302206,2,128,7,M,1,83,0.916036400012672,0.4715333003550768,0.47156119998544455
20260911_131106_302206,2,128,7,M,1,84,0.9301955001428723,0.49443550035357475,0.49446479976177216
20260911_131106_302206,2,128,7,M,1,85,0.905710800550878,0.4557577995583415,0.45578569918870926
20260911_131106_302206,2,128,7,M,1,86,0.9019229002296925,0.4780545001849532,0.4780827993527055
20260911_131106_302206,2,128,7,M,1,87,0.9033532002940774,0.4808077998459339,0.4808395002037287
20260911_131106_302206,2,128,7,M,1,88,0.9044172996655107,0.4642639998346567,0.46429270040243864
20260911_131106_302206,2,128,7,M,1,89,0.8961143000051379,0.4719134997576475,0.47194689977914095
20260911_131106_302206,2,128,7,M,1,90,0.9130915999412537,0.4668167997151613,0.46684730052948
20260911_131106_302206,2,128,7,M,1,91,0.9149947008118033,0.4702464994043112,0.4702755995094776
20260911_131106_302206,2,128,7,M,1,92,0.9175775004550815,0.48100689984858036,0.48103540018200874
20260911_131106_302206,2,128,7,M,1,93,0.9187800996005535,0.4636563006788492,0.46368519961833954
20260911_131106_302206,2,128,7,M,1,94,0.903387600556016,0.48043760005384684,0.48046599980443716
20260911_131106_302206,2,128,7,M,1,95,0.9026510007679462,0.45849919971078634,0.458530199714005
20260911_131106_302206,2,128,7,M,1,96,0.9040810996666551,0.4608816998079419,0.46091389935463667
20260911_131106_302206,2,128,7,M,1,97,0.9315138999372721,0.4935197001323104,0.4935575006529689
20260911_131106_302206,2,128,7,M,1,98,0.913688300177455,0.48115350026637316,0.481181800365448
20260911_131106_302206,2,128,7,M,1,99,0.9073697999119759,0.4696142999455333,0.4696805002167821
20260911_131106_302206,2,128,7,M,1,100,0.9192052995786071,0.4757708003744483,0.47580110002309084
20260911_131106_302206,2,128,7,M,1,101,0.9140520002692938,0.467862700112164,0.4678931999951601
20260911_131106_302206,2,128,7,M,1,102,0.8923642002046108,0.4754673996940255,0.4754975996911526
20260911_131106_302206,2,128,7,M,1,103,0.8917137002572417,0.46257560048252344,0.46260609943419695
20260911_131106_302206,2,128,7,M,1,104,0.9199331002309918,0.47312979958951473,0.4731566999107599
20260911_131106_302206,2,128,7,M,1,105,0.9086993001401424,0.46966589987277985,0.4696945995092392
20260911_131106_302206,2,128,7,M,1,106,0.9044233001768589,0.4643509006127715,0.46437880024313927
20260911_131106_302206,2,128,7,M,1,107,0.8954125996679068,0.5025315992534161,0.5025613997131586
20260911_131106_302206,2,128,7,M,1,108,0.9459242997691035,0.4856177996844053,0.48565169982612133
20260911_131106_302206,2,128,7,M,1,109,0.9576623998582363,0.5019888998940587,0.5020182998850942
20260911_131106_302206,2,128,7,M,1,110,0.9036654997617006,0.4733880003914237,0.4734283993020654
20260911_131106_302206,2,128,7,M,1,111,0.8980897003784776,0.4939052006229758,0.49393290001899004
20260911_131106_302206,2,128,7,M,1,112,0.9051727000623941,0.47011040057986975,0.4701391998678446
20260911_131106_302206,2,128,7,M,1,113,0.8960108002647758,0.4745244001969695,0.47455279994755983
20260911_131106_302206,2,128,7,M,1,114,0.9026099992915988,0.4674443006515503,0.4674728997051716
20260911_131106_302206,2,128,7,M,1,115,0.9229336995631456,0.46928989980369806,0.4693212993443012
20260911_131106_302206,2,128,7,M,1,116,0.9111567996442318,0.4596185004338622,0.4596474999561906
20260911_131106_302206,2,128,7,M,1,117,0.8990512993186712,0.4815737996250391,0.4816057002171874
20260911_131106_302206,2,128,7,M,1,118,0.8911252999678254,0.4647818999364972,0.4648174000903964
20260911_131106_302206,2,128,7,M,1,119,0.9687598999589682,0.49177240021526814,0.49180700071156025
20260911_131106_302206,2,128,7,M,1,120,0.9060557996854186,0.471374100074172,0.4714023992419243
20260911_131106_302206,2,128,7,M,1,121,0.8994300998747349,0.46738560032099485,0.4674194995313883
20260911_131106_302206,2,128,7,M,1,122,0.9184226002544165,0.4718944001942873,0.47192380018532276
20260911_131106_302206,2,128,7,M,1,123,0.8866389999166131,0.4833372002467513,0.4833656996488571
20260911_131106_302206,2,128,7,M,1,124,0.8954511992633343,0.4789693998172879,0.4789995001628995
20260911_131106_302206,2,128,7,M,1,125,0.9171561999246478,0.4760544002056122,0.47608210053294897
20260911_131106_302206,2,128,7,M,1,126,0.8837715992704034,0.4758473001420498,0.4758770000189543
20260911_131106_302206,2,128,7,M,1,127,0.9030866995453835,0.48415610007941723,0.4841849999502301
20260911_131106_302206,2,128,7,NM,2,0,0.7360503999516368,0.5111931003630161,0.5112260999158025
20260911_131106_302206,2,128,7,NM,2,1,0.7587497998028994,0.4728331994265318,0.47286250069737434
20260911_131106_302206,2,128,7,NM,2,2,0.7275672992691398,0.4725986998528242,0.47262699995189905
20260911_131106_302206,2,128,7,NM,2,3,0.7042856002226472,0.4617451997473836,0.4617814002558589
20260911_131106_302206,2,128,7,NM,2,4,0.7208686005324125,0.46460280008614063,0.4646309996023774
20260911_131106_302206,2,128,7,NM,2,5,0.7145435996353626,0.46832710038870573,0.468368299305439
20260911_131106_302206,2,128,7,NM,2,6,0.7344081997871399,0.4673867002129555,0.46741590090095997
20260911_131106_302206,2,128,7,NM,2,7,0.7372300000861287,0.46611510030925274,0.4661481995135546
20260911_131106_302206,2,128,7,NM,2,8,0.7307585999369621,0.46799599938094616,0.4680257001891732
20260911_131106_302206,2,128,7,NM,2,9,0.7124330997467041,0.4729455001652241,0.47297449968755245
20260911_131106_302206,2,128,7,NM,2,10,0.7209440004080534,0.48238669987767935,0.48241599928587675
20260911_131106_302206,2,128,7,NM,2,11,0.7176899006590247,0.4749560998752713,0.4749900996685028
20260911_131106_302206,2,128,7,NM,2,12,0.7219716999679804,0.47174559999257326,0.4717774000018835
20260911_131106_302206,2,128,7,NM,2,13,0.7174188001081347,0.45854390040040016,0.45857409946620464
20260911_131106_302206,2,128,7,NM,2,14,0.7178488997742534,0.4640803001821041,0.46410949993878603
20260911_131106_302206,2,128,7,NM,2,15,0.7593406997621059,0.47164270002394915,0.4716822998598218
20260911_131106_302206,2,128,7,NM,2,16,0.715085499919951,0.47811590041965246,0.478158600628376
20260911_131106_302206,2,128,7,NM,2,17,0.7481517000123858,0.46926929987967014,0.4692983999848366
20260911_131106_302206,2,128,7,NM,2,18,0.7107555000111461,0.4785767998546362,0.47860420029610395
20260911_131106_302206,2,128,7,NM,2,19,0.7113004000857472,0.47405749931931496,0.474087200127542
20260911_131106_302206,2,128,7,NM,2,20,0.7189859999343753,0.46107020042836666,0.461099099367857
20260911_131106_302206,2,128,7,NM,2,21,0.7132032001391053,0.4632481001317501,0.4632789008319378
20260911_131106_302206,2,128,7,NM,2,22,0.7160823000594974,0.5009921994060278,0.5010265000164509
20260911_131106_302206,2,128,7,NM,2,23,0.7350554000586271,0.47239619959145784,0.47242659982293844
20260911_131106_302206,2,128,7,NM,2,24,0.7153641004115343,0.4605307001620531,0.4605596996843815
20260911_131106_302206,2,128,7,NM,2,25,0.7082642000168562,0.47043370082974434,0.4704804001376033
20260911_131106_302206,2,128,7,NM,2,26,0.7193332994356751,0.47453820053488016,0.47456640005111694
20260911_131106_302206,2,128,7,NM,2,27,0.7312938999384642,0.4818787006661296,0.48190890066325665
20260911_131106_302206,2,128,7,NM,2,28,0.7862951997667551,0.5866270996630192,0.5866692001000047
20260911_131106_302206,2,128,7,NM,2,29,0.7979319002479315,0.5353170000016689,0.5353493001312017
20260911_131106_302206,2,128,7,NM,2,30,0.7577187996357679,0.5031766006723046,0.5032058991491795
20260911_131106_302206,2,128,7,NM,2,31,0.7562823006883264,0.4705665996298194,0.47059780079871416
20260911_131106_302206,2,128,7,NM,2,32,0.7294484004378319,0.4704046994447708,0.4704336002469063
20260911_131106_302206,2,128,7,NM,2,33,0.7106272000819445,0.46029079984873533,0.4603248992934823
20260911_131106_302206,2,128,7,NM,2,34,0.7203491004183888,0.4674787996336818,0.467510299757123
20260911_131106_302206,2,128,7,NM,2,35,0.7032564003020525,0.47278880048543215,0.47282030060887337
20260911_131106_302206,2,128,7,NM,2,36,0.7214272003620863,0.4824994998052716,0.48252859991043806
20260911_131106_302206,2,128,7,NM,2,37,0.7001395998522639,0.4700463004410267,0.470074899494648
20260911_131106_302206,2,128,7,NM,2,38,0.7249708995223045,0.46872839983552694,0.4687570994719863
20260911_131106_302206,2,128,7,NM,2,39,0.7262845002114773,0.470992399379611,0.4710221001878381
20260911_131106_302206,2,128,7,NM,2,40,0.7244063001126051,0.4629498003050685,0.4629860995337367
20260911_131106_302206,2,128,7,NM,2,41,0.7114487001672387,0.46509379986673594,0.4651244003325701
20260911_131106_302206,2,128,7,NM,2,42,0.7081560995429754,0.46480439975857735,0.46484529972076416
20260911_131106_302206,2,128,7,NM,2,43,0.707939499989152,0.47174280043691397,0.47177259996533394
20260911_131106_302206,2,128,7,NM,2,44,0.7303873002529144,0.4632792007178068,0.4633082998916507
20260911_131106_302206,2,128,7,NM,2,45,0.7121593002229929,0.46858710050582886,0.4686169996857643
20260911_131106_302206,2,128,7,NM,2,46,0.7221972001716495,0.4710248000919819,0.4710524994879961
20260911_131106_302206,2,128,7,NM,2,47,0.7085033999755979,0.46796360053122044,0.46799120027571917
20260911_131106_302206,2,128,7,NM,2,48,0.7154318997636437,0.4656337006017566,0.46566129941493273
20260911_131106_302206,2,128,7,NM,2,49,0.7762385001406074,0.4581913994625211,0.45824109949171543
20260911_131106_302206,2,128,7,NM,2,50,0.7162303002551198,0.4756172001361847,0.4756456995382905
20260911_131106_302206,2,128,7,NM,2,51,0.7236444000154734,0.4818328991532326,0.48186639975756407
20260911_131106_302206,2,128,7,NM,2,52,0.7140954993665218,0.46534029953181744,0.4653738997876644
20260911_131106_302206,2,128,7,NM,2,53,0.714096300303936,0.46104429941624403,0.46107610035687685
20260911_131106_302206,2,128,7,NM,2,54,0.7135990001261234,0.455744999460876,0.4557765005156398
20260911_131106_302206,2,128,7,NM,2,55,0.7335842996835709,0.4718909999355674,0.4719212995842099
20260911_131106_302206,2,128,7,NM,2,56,0.6974093001335859,0.46993570029735565,0.4699667999520898
20260911_131106_302206,2,128,7,NM,2,57,0.7046114997938275,0.4652455998584628,0.46527549996972084
20260911_131106_302206,2,128,7,NM,2,58,0.7174955001100898,0.46624490059912205,0.4662779001519084
20260911_131106_302206,2,128,7,NM,2,59,0.7143518002703786,0.4672517003491521,0.46728610061109066
20260911_131106_302206,2,128,7,NM,2,60,0.7217037007212639,0.47632729914039373,0.47635800018906593
20260911_131106_302206,2,128,7,NM,2,61,0.7157896002754569,0.459927000105381,0.4599558003246784
20260911_131106_302206,2,128,7,NM,2,62,0.7298718001693487,0.4761732993647456,0.47620309982448816
20260911_131106_302206,2,128,7,NM,2,63,0.7085603000596166,0.4837954994291067,0.48382500000298023
20260911_131106_302206,2,128,7,NM,2,64,0.7194627001881599,0.4652004996314645,0.46522950008511543
20260911_131106_302206,2,128,7,NM,2,65,0.7142812004312873,0.4649574998766184,0.4649881003424525
20260911_131106_302206,2,128,7,NM,2,66,0.7296124994754791,0.4786964999511838,0.4787285001948476
20260911_131106_302206,2,128,7,NM,2,67,0.7282678997144103,0.47161389980465174,0.4716436006128788
20260911_131106_302206,2,128,7,NM,2,68,0.7504938999190927,0.46860009990632534,0.4686302999034524
20260911_131106_302206,2,128,7,NM,2,69,0.7393565000966191,0.4859824003651738,0.4860124997794628
20260911_131106_302206,2,128,7,NM,2,70,0.7214236995205283,0.459052300080657,0.4590822998434305
20260911_131106_302206,2,128,7,NM,2,71,0.7254863996058702,0.46146070025861263,0.46149419993162155
20260911_131106_302206,2,128,7,NM,2,72,0.7124989004805684,0.4665652997791767,0.46659430023282766
20260911_131106_302206,2,128,7,NM,2,73,0.7207995001226664,0.4703347999602556,0.47036420088261366
20260911_131106_302206,2,128,7,NM,2,74,0.724168200045824,0.4594208002090454,0.45945100020617247
20260911_131106_302206,2,128,7,NM,2,75,0.7019132003188133,0.47243439964950085,0.4724640008062124
20260911_131106_302206,2,128,7,NM,2,76,0.7182764001190662,0.47655340004712343,0.47658369969576597
20260911_131106_302206,2,128,7,NM,2,77,0.7308791996911168,0.46721839997917414,0.467246500775218
20260911_131106_302206,2,128,7,NM,2,78,0.7278367001563311,0.45612149965018034,0.45615269988775253
20260911_131106_302206,2,128,7,NM,2,79,0.722273800522089,0.4737948998808861,0.4738255999982357
20260911_131106_302206,2,128,7,NM,2,80,0.7141915000975132,0.4546241005882621,0.4546811003237963
20260911_131106_302206,2,128,7,NM,2,81,0.7138614002615213,0.47471449989825487,0.47474339976906776
20260911_131106_302206,2,128,7,NM,2,82,0.7110134996473789,0.4734769994392991,0.47350640036165714
20260911_131106_302206,2,128,7,NM,2,83,0.7048292998224497,0.4750767005607486,0.47510659974068403
20260911_131106_302206,2,128,7,NM,2,84,0.7213074993342161,0.4544818000867963,0.45451540034264326
20260911_131106_302206,2,128,7,NM,2,85,0.7181487996131182,0.4538452001288533,0.45387359987944365
20260911_131106_302206,2,128,7,NM,2,86,0.7143208002671599,0.4685784000903368,0.4686072999611497
20260911_131106_302206,2,128,7,NM,2,87,0.7078582001850009,0.46708840038627386,0.4671195996925235
20260911_131106_302206,2,128,7,NM,2,88,0.7142194006592035,0.46488939970731735,0.4649180006235838
20260911_131106_302206,2,128,7,NM,2,89,0.6992890005931258,0.468809699639678,0.4688381999731064
20260911_131106_302206,2,128,7,NM,2,90,0.7309562005102634,0.4741278998553753,0.47415819950401783
20260911_131106_302206,2,128,7,NM,2,91,0.7067873999476433,0.45496790017932653,0.4549960996955633
20260911_131106_302206,2,128,7,NM,2,92,0.7204130999743938,0.4587193997576833,0.4587484998628497
20260911_131106_302206,2,128,7,NM,2,93,0.7197757000103593,0.47045409958809614,0.47048410028219223
20260911_131106_302206,2,128,7,NM,2,94,0.7064300002530217,0.45743920002132654,0.45747900009155273
20260911_131106_302206,2,128,7,NM,2,95,0.7072677006945014,0.46898110024631023,0.4690191000699997
20260911_131106_302206,2,128,7,NM,2,96,0.7144014006480575,0.4640188002958894,0.4640656001865864
20260911_131106_302206,2,128,7,NM,2,97,0.7092808000743389,0.458127299323678,0.45815740060061216
20260911_131106_302206,2,128,7,NM,2,98,0.7134241992607713,0.48294120002537966,0.48297279980033636
20260911_131106_302206,2,128,7,NM,2,99,0.7159806992858648,0.466699100099504,0.4667279999703169
20260911_131106_302206,2,128,7,NM,2,100,0.728447699919343,0.4816045993939042,0.4816334005445242
20260911_131106_302206,2,128,7,NM,2,101,0.7158699994906783,0.512020600028336,0.5120536992326379
20260911_131106_302206,2,128,7,NM,2,102,0.7255073999986053,0.4738306999206543,0.47386049944907427
20260911_131106_302206,2,128,7,NM,2,103,0.7285794001072645,0.4728199001401663,0.47284859977662563
20260911_131106_302206,2,128,7,NM,2,104,0.7004055995494127,0.4794803997501731,0.479509100317955
20260911_131106_302206,2,128,7,NM,2,105,0.7071194993332028,0.4720051996409893,0.472048900090158
20260911_131106_302206,2,128,7,NM,2,106,0.7317225998267531,0.4723795000463724,0.4724089000374079
20260911_131106_302206,2,128,7,NM,2,107,0.7297146003693342,0.5085177002474666,0.508546999655664
20260911_131106_302206,2,128,7,NM,2,108,0.7277020998299122,0.4834273997694254,0.4834553999826312
20260911_131106_302206,2,128,7,NM,2,109,0.7071229005232453,0.4761811997741461,0.47621050011366606
20260911_131106_302206,2,128,7,NM,2,110,0.7061880007386208,0.4676131000742316,0.46764620020985603
20260911_131106_302206,2,128,7,NM,2,111,0.7166927000507712,0.4690998997539282,0.4691337002441287
20260911_131106_302206,2,128,7,NM,2,112,0.7065204000100493,0.47163539938628674,0.4716640003025532
20260911_131106_302206,2,128,7,NM,2,113,0.7192053003236651,0.46715210005640984,0.4671814003959298
20260911_131106_302206,2,128,7,NM,2,114,0.7086012000218034,0.478473499417305,0.478506900370121
20260911_131106_302206,2,128,7,NM,2,115,0.7261487999930978,0.4960441002622247,0.49607730004936457
20260911_131106_302206,2,128,7,NM,2,116,0.7096135001629591,0.46180539950728416,0.461837699636817
20260911_131106_302206,2,128,7,NM,2,117,0.7375759994611144,0.45803610049188137,0.4580702995881438
20260911_131106_302206,2,128,7,NM,2,118,0.723633199930191,0.4686331991106272,0.4686618000268936
20260911_131106_302206,2,128,7,NM,2,119,0.72262670006603,0.47070830035954714,0.4707378000020981
20260911_131106_302206,2,128,7,NM,2,120,0.7230945993214846,0.48415530007332563,0.48418539948761463
20260911_131106_302206,2,128,7,NM,2,121,0.6987324003130198,0.4535843003541231,0.45361450035125017
20260911_131106_302206,2,128,7,NM,2,122,0.7088874001055956,0.47531289979815483,0.47534250002354383
20260911_131106_302206,2,128,7,NM,2,123,0.7177153993397951,0.45897059980779886,0.45900060050189495
20260911_131106_302206,2,128,7,NM,2,124,0.7106357999145985,0.46709819976240396,0.4671288998797536
20260911_131106_302206,2,128,7,NM,2,125,0.6994684003293514,0.4625944998115301,0.4626246001571417
20260911_131106_302206,2,128,7,NM,2,126,0.70425929967314,0.473790199495852,0.4738186998292804
20260911_131106_302206,2,128,7,NM,2,127,0.7118042996153235,0.4688076004385948,0.4688377995043993
20260911_131106_302206,2,256,8,M,1,0,0.9026603996753693,0.4651720002293587,0.46522830054163933
20260911_131106_302206,2,256,8,M,1,1,0.924550499767065,0.47607760038226843,0.476112000644207
20260911_131106_302206,2,256,8,M,1,2,0.9231932004913688,0.4705560002475977,0.47058549989014864
20260911_131106_302206,2,256,8,M,1,3,0.9224765999242663,0.48628889955580235,0.4863178003579378
20260911_131106_302206,2,256,8,M,1,4,0.9404658004641533,0.4946127003058791,0.49464930035173893
20260911_131106_302206,2,256,8,M,1,5,0.9276803005486727,0.4700867999345064,0.47011979948729277
20260911_131106_302206,2,256,8,M,1,6,0.9311640001833439,0.484791599214077,0.48482299968600273
20260911_131106_302206,2,256,8,M,1,7,0.9465156998485327,0.48515009973198175,0.4851764002814889
20260911_131106_302206,2,256,8,M,1,8,0.9484796999022365,0.5005310997366905,0.5005598999559879
20260911_131106_302206,2,256,8,M,1,9,0.9180616997182369,0.47656589932739735,0.47659939993172884
20260911_131106_302206,2,256,8,M,1,10,0.9671224001795053,0.5024978993460536,0.5025286003947258
20260911_131106_302206,2,256,8,M,1,11,0.9567996999248862,0.48367870040237904,0.48372200038284063
20260911_131106_302206,2,256,8,M,1,12,0.9469114001840353,0.5120993992313743,0.5121283996850252
20260911_131106_302206,2,256,8,M,1,13,0.9532673992216587,0.4908810993656516,0.49091169983148575
20260911_131106_302206,2,256,8,M,1,14,0.9518846999853849,0.49318560026586056,0.4932146994397044
20260911_131106_302206,2,256,8,M,1,15,0.9463260006159544,0.48708250001072884,0.4871102003380656
20260911_131106_302206,2,256,8,M,1,16,0.9603279996663332,0.48659660015255213,0.4866247000172734
20260911_131106_302206,2,256,8,M,1,17,0.9598368005827069,0.5079898005351424,0.5080268997699022
20260911_131106_302206,2,256,8,M,1,18,0.9457597993314266,0.50458940025419,0.5046331994235516
20260911_131106_302206,2,256,8,M,1,19,0.975560000166297,0.5142196007072926,0.5142531003803015
20260911_131106_302206,2,256,8,M,1,20,0.9669984001666307,0.5102904001250863,0.5103228995576501
20260911_131106_302206,2,256,8,M,1,21,0.9337798999622464,0.4969619996845722,0.4969905996695161
20260911_131106_302206,2,256,8,M,1,22,0.9538922999054193,0.49655500054359436,0.4965840997174382
20260911_131106_302206,2,256,8,M,1,23,0.9704959997907281,0.4930736003443599,0.49310419987887144
20260911_131106_302206,2,256,8,M,1,24,0.9488243004307151,0.49428000021725893,0.4943086998537183
20260911_131106_302206,2,256,8,M,1,25,0.9674443006515503,0.528591699898243,0.5286245001479983
20260911_131106_302206,2,256,8,M,1,26,0.9918057005852461,0.5058925999328494,0.5059222998097539
20260911_131106_302206,2,256,8,M,1,27,0.9356239996850491,0.5658089006319642,0.5658368999138474
20260911_131106_302206,2,256,8,M,1,28,0.9775755004957318,0.49131250008940697,0.4913409994915128
20260911_131106_302206,2,256,8,M,1,29,0.961294500157237,0.49775930028408766,0.49778900016099215
20260911_131106_302206,2,256,8,M,1,30,0.975586699321866,0.5205180998891592,0.5205552997067571
20260911_131106_302206,2,256,8,M,1,31,0.9804894998669624,0.49160119984298944,0.49164400063455105
20260911_131106_302206,2,256,8,M,1,32,0.9795614993199706,0.5025634001940489,0.502602499909699
20260911_131106_302206,2,256,8,M,1,33,0.9431171994656324,0.5022674994543195,0.5022959001362324
20260911_131106_302206,2,256,8,M,1,34,0.9680091999471188,0.4999695001170039,0.5000013997778296
20260911_131106_302206,2,256,8,M,1,35,0.9803480999544263,0.49806859996169806,0.498097600415349
20260911_131106_302206,2,256,8,M,1,36,0.9594251001253724,0.5148468995466828,0.514877600595355
20260911_131106_302206,2,256,8,M,1,37,0.9964280994608998,0.4924812000244856,0.49251480028033257
20260911_131106_302206,2,256,8,M,1,38,0.961621499620378,0.48773720022290945,0.4877701001241803
20260911_131106_302206,2,256,8,M,1,39,0.9544561998918653,0.4967416999861598,0.4967724001035094
20260911_131106_302206,2,256,8,M,1,40,0.9831621004268527,0.553808999247849,0.5538395000621676
20260911_131106_302206,2,256,8,M,1,41,0.9985084999352694,0.5113639002665877,0.5113957999274135
20260911_131106_302206,2,256,8,M,1,42,0.9714436000213027,0.49906960036605597,0.4991029007360339
20260911_131106_302206,2,256,8,M,1,43,0.949706899933517,0.4965366004034877,0.49656639993190765
20260911_131106_302206,2,256,8,M,1,44,0.9638411998748779,0.4950890000909567,0.49511949997395277
20260911_131106_302206,2,256,8,M,1,45,0.9751870008185506,0.5226410003378987,0.522681999951601
20260911_131106_302206,2,256,8,M,1,46,0.9855553992092609,0.48883940000087023,0.48887050058692694
20260911_131106_302206,2,256,8,M,1,47,0.9769964003935456,0.5070048999041319,0.5070453993976116
20260911_131106_302206,2,256,8,M,1,48,0.9583959998562932,0.5036142002791166,0.5036420999094844
20260911_131106_302206,2,256,8,M,1,49,0.9753096997737885,0.5065627004951239,0.5065894005820155
20260911_131106_302206,2,256,8,M,1,50,0.9667666992172599,0.49563669972121716,0.4956661993637681
20260911_131106_302206,2,256,8,M,1,51,0.9840935003012419,0.5004644999280572,0.5004928996786475
20260911_131106_302206,2,256,8,M,1,52,0.9748367005959153,0.5282204002141953,0.5282489992678165
20260911_131106_302206,2,256,8,M,1,53,0.962190099991858,0.5050031999126077,0.5050325999036431
20260911_131106_302206,2,256,8,M,1,54,0.9562133001163602,0.5147958006709814,0.5148279005661607
20260911_131106_302206,2,256,8,M,1,55,0.9897642005234957,0.5038916002959013,0.5039200996980071
20260911_131106_302206,2,256,8,M,1,56,0.9925918998196721,0.49374600034207106,0.4937744000926614
20260911_131106_302206,2,256,8,M,1,57,0.9519621999934316,0.5118680000305176,0.5119187003001571
20260911_131106_302206,2,256,8,M,1,58,0.9786267001181841,0.504717200063169,0.504750999622047
20260911_131106_302206,2,256,8,M,1,59,1.0049228006973863,0.5279788998886943,0.5280073992908001
20260911_131106_302206,2,256,8,M,1,60,0.9420157000422478,0.4977412996813655,0.4977697003632784
20260911_131106_302206,2,256,8,M,1,61,0.9860038002952933,0.4923648005351424,0.49240299966186285
20260911_131106_302206,2,256,8,M,1,62,0.9836496999487281,0.4994125999510288,0.4994454002007842
20260911_131106_302206,2,256,8,M,1,63,0.9652102999389172,0.4998019998893142,0.49983369931578636
20260911_131106_302206,2,256,8,M,1,64,0.9742554007098079,0.4869021000340581,0.48693540040403605
20260911_131106_302206,2,256,8,M,1,65,0.9913509003818035,0.5197395998984575,0.5197724001482129
20260911_131106_302206,2,256,8,M,1,66,1.0025701001286507,0.5194837991148233,0.5195180997252464
20260911_131106_302206,2,256,8,M,1,67,1.00970199983567,0.5099488003179431,0.5099812997505069
20260911_131106_302206,2,256,8,M,1,68,0.9814325999468565,0.5110333003103733,0.5111730005592108
20260911_131106_302206,2,256,8,M,1,69,1.0173300001770258,0.4997359998524189,0.4997694995254278
20260911_131106_302206,2,256,8,M,1,70,0.9846195997670293,0.5099785998463631,0.5100146001204848
20260911_131106_302206,2,256,8,M,1,71,1.0020178006961942,0.5126621006056666,0.5127001004293561
20260911_131106_302206,2,256,8,M,1,72,0.98654880002141,0.5022962000221014,0.5023325001820922
20260911_131106_302206,2,256,8,M,1,73,0.9514276003465056,0.4957015998661518,0.49573119916021824
20260911_131106_302206,2,256,8,M,1,74,0.9863167004659772,0.4942922005429864,0.49432549998164177
20260911_131106_302206,2,256,8,M,1,75,0.986137299798429,0.5036554001271725,0.5036874003708363
20260911_131106_302206,2,256,8,M,1,76,0.970354899764061,0.5070335995405912,0.5070653995499015
20260911_131106_302206,2,256,8,M,1,77,0.9920009998604655,0.5068765003234148,0.5069110002368689
20260911_131106_302206,2,256,8,M,1,78,0.9920394001528621,0.4948790008202195,0.49491200037300587
20260911_131106_302206,2,256,8,M,1,79,0.9964652005583048,0.4754327004775405,0.4754666993394494
20260911_131106_302206,2,256,8,M,1,80,0.9934850996360183,0.512066500261426,0.5120990006253123
20260911_131106_302206,2,256,8,M,1,81,1.0664894999936223,0.5732623999938369,0.573301000520587
20260911_131106_302206,2,256,8,M,1,82,1.037182000465691,0.5881790993735194,0.5882353996858001
20260911_131106_302206,2,256,8,M,1,83,1.0051063997671008,0.5185732003301382,0.5186081007122993
20260911_131106_302206,2,256,8,M,1,84,1.0033864006400108,0.49470199923962355,0.4947375999763608
20260911_131106_302206,2,256,8,M,1,85,0.9714452000334859,0.5188178000971675,0.5188521994277835
20260911_131106_302206,2,256,8,M,1,86,0.9852103004232049,0.5106162000447512,0.5106506999582052
20260911_131106_302206,2,256,8,M,1,87,1.0154051994904876,0.4993654005229473,0.4993994003161788
20260911_131106_302206,2,256,8,M,1,88,1.0121580995619297,0.5045601995661855,0.504598899744451
20260911_131106_302206,2,256,8,M,1,89,0.988242800347507,0.5087687000632286,0.5088032996281981
20260911_131106_302206,2,256,8,M,1,90,1.0023785000666976,0.5006192000582814,0.500654200091958
20260911_131106_302206,2,256,8,M,1,91,0.9934355998411775,0.5204096995294094,0.5204450003802776
20260911_131106_302206,2,256,8,M,1,92,1.0085332999005914,0.5068381000310183,0.5068733999505639
20260911_131106_302206,2,256,8,M,1,93,1.0072478000074625,0.5102522997185588,0.5102871991693974
20260911_131106_302206,2,256,8,M,1,94,1.0278724003583193,0.5303658004850149,0.5303998002782464
20260911_131106_302206,2,256,8,M,1,95,1.0036295000463724,0.5033515002578497,0.5033869994804263
20260911_131106_302206,2,256,8,M,1,96,1.0165087999776006,0.5098953004926443,0.5099280998110771
20260911_131106_302206,2,256,8,M,1,97,0.9828012008219957,0.4956446001306176,0.4956777999177575
20260911_131106_302206,2,256,8,M,1,98,0.999388299882412,0.4952086005359888,0.49528460018336773
20260911_131106_302206,2,256,8,M,1,99,0.9762665005400777,0.5145191997289658,0.5145535999909043
20260911_131106_302206,2,256,8,M,1,100,0.9944002004340291,0.5018549002707005,0.5018890993669629
20260911_131106_302206,2,256,8,M,1,101,1.004424599930644,0.5050159003585577,0.5050500007346272
20260911_131106_302206,2,256,8,M,1,102,0.9765674993395805,0.5053002992644906,0.5053329998627305
20260911_131106_302206,2,256,8,M,1,103,1.0006419997662306,0.5133084999397397,0.5133448000997305
20260911_131106_302206,2,256,8,M,1,104,0.9893785994499922,0.4896725006401539,0.48970399983227253
20260911_131106_302206,2,256,8,M,1,105,0.9786844002082944,0.5021246997639537,0.5021586995571852
20260911_131106_302206,2,256,8,M,1,106,1.0302013996988535,0.5090376995503902,0.5090784998610616
20260911_131106_302206,2,256,8,M,1,107,0.9662248995155096,0.5088177006691694,0.5088545000180602
20260911_131106_302206,2,256,8,M,1,108,1.0012410003691912,0.49555599968880415,0.49559349939227104
20260911_131106_302206,2,256,8,M,1,109,0.9930934002622962,0.5034360000863671,0.5034728990867734
20260911_131106_302206,2,256,8,M,1,110,0.9759886004030704,0.5047305999323726,0.5047633992508054
20260911_131106_302206,2,256,8,M,1,111,0.9964758008718491,0.49266619980335236,0.49269970040768385
20260911_131106_302206,2,256,8,M,1,112,0.9945911997929215,0.4999628998339176,0.49999780021607876
20260911_131106_302206,2,256,8,M,1,113,0.9793369993567467,0.5075147999450564,0.5075511001050472
20260911_131106_302206,2,256,8,M,1,114,0.9962209006771445,0.49552590027451515,0.49555789958685637
20260911_131106_302206,2,256,8,M,1,115,0.9812431996688247,0.5001428993418813,0.5001809997484088
20260911_131106_302206,2,256,8,M,1,116,0.9776264000684023,0.48597529996186495,0.4860075004398823
20260911_131106_302206,2,256,8,M,1,117,0.9794300002977252,0.5048808995634317,0.5049192002043128
20260911_131106_302206,2,256,8,M,1,118,0.9732814999297261,0.5001213997602463,0.5001539001241326
20260911_131106_302206,2,256,8,M,1,119,0.9595721997320652,0.516856899484992,0.5168909998610616
20260911_131106_302206,2,256,8,M,1,120,1.0089269997552037,0.517408199608326,0.5174447996541858
20260911_131106_302206,2,256,8,M,1,121,0.9838383002206683,0.5544078992679715,0.5544418003410101
20260911_131106_302206,2,256,8,M,1,122,1.0716069005429745,0.5311546996235847,0.5312014995142817
20260911_131106_302206,2,256,8,M,1,123,1.0032540997490287,0.4955566003918648,0.49560289923101664
20260911_131106_302206,2,256,8,M,1,124,0.9919606000185013,0.48964390065521,0.48968250025063753
20260911_131106_302206,2,256,8,M,1,125,0.9567016996443272,0.5037949001416564,0.5038280999287963
20260911_131106_302206,2,256,8,M,1,126,1.0109525993466377,0.509150099940598,0.5091834999620914
20260911_131106_302206,2,256,8,M,1,127,1.0121713001281023,0.48712429963052273,0.4871578002348542
20260911_131106_302206,2,256,8,M,1,128,0.990153300575912,0.49761859979480505,0.4976730002090335
20260911_131106_302206,2,256,8,M,1,129,0.984816899523139,0.4968306003138423,0.4968902999535203
20260911_131106_302206,2,256,8,M,1,130,0.9947490999475121,0.49208869971334934,0.49213459994643927
20260911_131106_302206,2,256,8,M,1,131,0.9833322996273637,0.505336600355804,0.5053700003772974
20260911_131106_302206,2,256,8,M,1,132,0.9971533995121717,0.49436650052666664,0.49439890030771494
20260911_131106_302206,2,256,8,M,1,133,0.9929081993177533,0.5011462001129985,0.5011894004419446
20260911_131106_302206,2,256,8,M,1,134,1.0326311001554132,0.5039467997848988,0.5039981994777918
20260911_131106_302206,2,256,8,M,1,135,0.9803451998159289,0.5101792002096772,0.5102126998826861
20260911_131106_302206,2,256,8,M,1,136,1.0104507002979517,0.5125855002552271,0.5126240998506546
20260911_131106_302206,2,256,8,M,1,137,0.9788485001772642,0.5031268000602722,0.503159100189805
20260911_131106_302206,2,256,8,M,1,138,0.9889080999419093,0.49186289962381124,0.49190959986299276
20260911_131106_302206,2,256,8,M,1,139,0.9833162007853389,0.4991776002570987,0.49921130016446114
20260911_131106_302206,2,256,8,M,1,140,0.9679466001689434,0.5014100996777415,0.5014468999579549
20260911_131106_302206,2,256,8,M,1,141,0.996293599717319,0.5072996001690626,0.5073948996141553
20260911_131106_302206,2,256,8,M,1,142,0.9927591998130083,0.5048873005434871,0.5049241995438933
20260911_131106_302206,2,256,8,M,1,143,0.9773558005690575,0.48980680014938116,0.48984070029109716
20260911_131106_302206,2,256,8,M,1,144,0.9146449007093906,0.4945325991138816,0.49456359911710024
20260911_131106_302206,2,256,8,M,1,145,0.9921754999086261,0.49023849982768297,0.4902757005766034
20260911_131106_302206,2,256,8,M,1,146,0.9823882998898625,0.4905706997960806,0.49061019998043776
20260911_131106_302206,2,256,8,M,1,147,0.9783617993816733,0.47428449988365173,0.4743169005960226
20260911_131106_302206,2,256,8,M,1,148,0.9780438998714089,0.4676100993528962,0.46764160040766
20260911_131106_302206,2,256,8,M,1,149,0.9193438999354839,0.48005060013383627,0.48008070047944784
20260911_131106_302206,2,256,8,M,1,150,0.9822749998420477,0.5023060003295541,0.5023427996784449
20260911_131106_302206,2,256,8,M,1,151,0.9904451007023454,0.49565140064805746,0.49568540044128895
20260911_131106_302206,2,256,8,M,1,152,0.9709801003336906,0.5119867995381355,0.5120232999324799
20260911_131106_302206,2,256,8,M,1,153,1.011425199918449,0.4875963004305959,0.48763119988143444
20260911_131106_302206,2,256,8,M,1,154,0.9800784001126885,0.5007949005812407,0.5008298996835947
20260911_131106_302206,2,256,8,M,1,155,1.0094868000596762,0.5010326998308301,0.5010863998904824
20260911_131106_302206,2,256,8,M,1,156,0.9837218998000026,0.494353000074625,0.49439579993486404
20260911_131106_302206,2,256,8,M,1,157,0.9969551004469395,0.49777819961309433,0.49781200010329485
20260911_131106_302206,2,256,8,M,1,158,0.9689071998000145,0.503643499687314,0.5036757998168468
20260911_131106_302206,2,256,8,M,1,159,0.9776997994631529,0.4972697999328375,0.4973064996302128
20260911_131106_302206,2,256,8,M,1,160,1.0065445005893707,0.4932103995233774,0.49325739964842796
20260911_131106_302206,2,256,8,M,1,161,0.9698787005618215,0.47957069985568523,0.4796043001115322
20260911_131106_302206,2,256,8,M,1,162,0.9483105996623635,0.4819996999576688,0.4820328000932932
20260911_131106_302206,2,256,8,M,1,163,0.9733392000198364,0.5098142996430397,0.5098663000389934
20260911_131106_302206,2,256,8,M,1,164,1.008002900518477,0.5050758002325892,0.5051105003803968
20260911_131106_302206,2,256,8,M,1,165,0.984392499551177,0.4813000997528434,0.4813342001289129
20260911_131106_302206,2,256,8,M,1,166,0.9276440003886819,0.48804130032658577,0.4880731999874115
20260911_131106_302206,2,256,8,M,1,167,0.977360000833869,0.5050267996266484,0.5050598001107574
20260911_131106_302206,2,256,8,M,1,168,1.0009882999584079,0.4926569005474448,0.4926897995173931
20260911_131106_302206,2,256,8,M,1,169,0.980765700340271,0.509290799498558,0.5093253003433347
20260911_131106_302206,2,256,8,M,1,170,1.00283129978925,0.500096800737083,0.5001328000798821
20260911_131106_302206,2,256,8,M,1,171,1.006169800646603,0.5130833005532622,0.5131171001121402
20260911_131106_302206,2,256,8,M,1,172,0.9839486004784703,0.4923041993752122,0.49233700055629015
20260911_131106_302206,2,256,8,M,1,173,0.9852465000003576,0.5040824003517628,0.5041141994297504
20260911_131106_302206,2,256,8,M,1,174,0.9949960997328162,0.504844100214541,0.5048797996714711
20260911_131106_302206,2,256,8,M,1,175,1.004845100454986,0.538994800299406,0.5390357999131083
20260911_131106_302206,2,256,8,M,1,176,0.994195300154388,0.5164919001981616,0.5165272997692227
20260911_131106_302206,2,256,8,M,1,177,1.026930999942124,0.517471800558269,0.5175063004717231
20260911_131106_302206,2,256,8,M,1,178,0.9873337000608444,0.4988490007817745,0.4988823998719454
20260911_131106_302206,2,256,8,M,1,179,0.9889756999909878,0.5035895993933082,0.5036230999976397
20260911_131106_302206,2,256,8,M,1,180,0.9998842002823949,0.5012679994106293,0.5013031996786594
20260911_131106_302206,2,256,8,M,1,181,0.9747203001752496,0.5047865007072687,0.5048203999176621
20260911_131106_302206,2,256,8,M,1,182,0.9931754004210234,0.498250899836421,0.4982840996235609
20260911_131106_302206,2,256,8,M,1,183,0.9772872002795339,0.49295290000736713,0.49298729933798313
20260911_131106_302206,2,256,8,M,1,184,0.968940400518477,0.48019389994442463,0.4802274005487561
20260911_131106_302206,2,256,8,M,1,185,0.9362429995089769,0.508886500261724,0.5089178001508117
20260911_131106_302206,2,256,8,M,1,186,0.9659972004592419,0.4973453003913164,0.4973782002925873
20260911_131106_302206,2,256,8,M,1,187,0.9924338003620505,0.4923906996846199,0.49242520052939653
20260911_131106_302206,2,256,8,M,1,188,0.9793656999245286,0.4923360999673605,0.49236940033733845
20260911_131106_302206,2,256,8,M,1,189,0.9996721995994449,0.507108099758625,0.5071462001651525
20260911_131106_302206,2,256,8,M,1,190,1.0004688007757068,0.5056061996147037,0.5056468993425369
20260911_131106_302206,2,256,8,M,1,191,0.985088000074029,0.5081597995012999,0.5081999003887177
20260911_131106_302206,2,256,8,M,1,192,0.9729455001652241,0.4927194993942976,0.492752299644053
20260911_131106_302206,2,256,8,M,1,193,0.9929873999208212,0.51772699970752,0.5177621003240347
20260911_131106_302206,2,256,8,M,1,194,0.9736665999516845,0.48937389999628067,0.48940820060670376
20260911_131106_302206,2,256,8,M,1,195,1.0095715001225471,0.5084777995944023,0.5085100997239351
20260911_131106_302206,2,256,8,M,1,196,0.9927834998816252,0.5015638992190361,0.5015986999496818
20260911_131106_302206,2,256,8,M,1,197,0.9861093005165458,0.5137567995116115,0.5137924998998642
20260911_131106_302206,2,256,8,M,1,198,0.9680139003321528,0.503196400590241,0.5032298006117344
20260911_131106_302206,2,256,8,M,1,199,0.984124799259007,0.5089894002303481,0.5090234996750951
20260911_131106_302206,2,256,8,M,1,200,0.9833002993836999,0.5020136004313827,0.5020475005730987
20260911_131106_302206,2,256,8,M,1,201,0.9825675999745727,0.5112501997500658,0.5112843997776508
20260911_131106_302206,2,256,8,M,1,202,1.0472247991710901,0.5092970002442598,0.5093336999416351
20260911_131106_302206,2,256,8,M,1,203,1.0375827997922897,0.530855500139296,0.530892800539732
20260911_131106_302206,2,256,8,M,1,204,1.038047299720347,0.49314869940280914,0.4931838996708393
20260911_131106_302206,2,256,8,M,1,205,0.9950443999841809,0.513951700180769,0.5139849996194243
20260911_131106_302206,2,256,8,M,1,206,0.9703152002766728,0.4896168000996113,0.48964889999479055
20260911_131106_302206,2,256,8,M,1,207,0.922720099799335,0.48623659927397966,0.48626810032874346
20260911_131106_302206,2,256,8,M,1,208,0.9532890999689698,0.49401510041207075,0.49404879938811064
20260911_131106_302206,2,256,8,M,1,209,1.0067916996777058,0.5060094008222222,0.5060439994558692
20260911_131106_302206,2,256,8,M,1,210,0.9507197998464108,0.4931456996127963,0.49317899998277426
20260911_131106_302206,2,256,8,M,1,211,0.9296837002038956,0.4898183001205325,0.48985529970377684
20260911_131106_302206,2,256,8,M,1,212,0.965391100384295,0.49719810020178556,0.4972345996648073
20260911_131106_302206,2,256,8,M,1,213,0.9969779998064041,0.48895320016890764,0.48898719996213913
20260911_131106_302206,2,256,8,M,1,214,0.9700156999751925,0.4910320993512869,0.4910690002143383
20260911_131106_302206,2,256,8,M,1,215,0.9831540007144213,0.48707779962569475,0.4871103996410966
20260911_131106_302206,2,256,8,M,1,216,0.9904391998425126,0.5028029000386596,0.5028372006490827
20260911_131106_302206,2,256,8,M,1,217,0.9639936005696654,0.48053899966180325,0.4805718995630741
20260911_131106_302206,2,256,8,M,1,218,0.9361813999712467,0.47562639974057674,0.47565750032663345
20260911_131106_302206,2,256,8,M,1,219,0.9316719006747007,0.48369209934026003,0.4837229996919632
20260911_131106_302206,2,256,8,M,1,220,0.9893188001587987,0.49673100002110004,0.49676450062543154
20260911_131106_302206,2,256,8,M,1,221,0.983789499849081,0.5137674994766712,0.5138004003092647
20260911_131106_302206,2,256,8,M,1,222,0.9979207003489137,0.47844129987061024,0.4784741001203656
20260911_131106_302206,2,256,8,M,1,223,0.9343355996534228,0.49656280037015676,0.4965931000187993
20260911_131106_302206,2,256,8,M,1,224,0.9161030007526278,0.4851930998265743,0.4852224001660943
20260911_131106_302206,2,256,8,M,1,225,0.9551988998427987,0.4987228997051716,0.4987564003095031
20260911_131106_302206,2,256,8,M,1,226,0.9760982003062963,0.492344600148499,0.4923788998275995
20260911_131106_302206,2,256,8,M,1,227,0.9648018004372716,0.49705399945378304,0.49708549957722425
20260911_131106_302206,2,256,8,M,1,228,0.9996977001428604,0.5007154997438192,0.5007493998855352
20260911_131106_302206,2,256,8,M,1,229,0.9819574998691678,0.5030667996034026,0.503100199624896
20260911_131106_302206,2,256,8,M,1,230,0.964474500156939,0.4700969001278281,0.47013190016150475
20260911_131106_302206,2,256,8,M,1,231,0.9258594000712037,0.4835606003180146,0.48358980007469654
20260911_131106_302206,2,256,8,M,1,232,0.9672014992684126,0.4991672998294234,0.4992004996165633
20260911_131106_302206,2,256,8,M,1,233,0.9796011997386813,0.5172276999801397,0.5172602999955416
20260911_131106_302206,2,256,8,M,1,234,0.9735388001427054,0.5046842992305756,0.5047219004482031
20260911_131106_302206,2,256,8,M,1,235,1.0163439000025392,0.5078913001343608,0.5079247001558542
20260911_131106_302206,2,256,8,M,1,236,0.979492599144578,0.5072635998949409,0.5072967000305653
20260911_131106_302206,2,256,8,M,1,237,0.97021109983325,0.5335667002946138,0.5336418002843857
20260911_131106_302206,2,256,8,M,1,238,1.0094069996848702,0.5203684000298381,0.5204010000452399
20260911_131106_302206,2,256,8,M,1,239,0.9956102995201945,0.49919839948415756,0.49924369994550943
20260911_131106_302206,2,256,8,M,1,240,0.9628115994855762,0.5076150996610522,0.5076484000310302
20260911_131106_302206,2,256,8,M,1,241,0.996211800724268,0.5078413998708129,0.5078769000247121
20260911_131106_302206,2,256,8,M,1,242,1.020627699792385,0.493652599863708,0.4936849996447563
20260911_131106_302206,2,256,8,M,1,243,0.9764319993555546,0.4689400000497699,0.4689750000834465
20260911_131106_302206,2,256,8,M,1,244,0.9320689998567104,0.4940086007118225,0.4940395001322031
20260911_131106_302206,2,256,8,M,1,245,0.9396110996603966,0.4584884997457266,0.45851740054786205
20260911_131106_302206,2,256,8,M,1,246,0.9246547007933259,0.47963809967041016,0.47966809943318367
20260911_131106_302206,2,256,8,M,1,247,0.9320218004286289,0.5044096000492573,0.5044395001605153
20260911_131106_302206,2,256,8,M,1,248,0.9637411003932357,0.49933840055018663,0.4993697004392743
20260911_131106_302206,2,256,8,M,1,249,0.9542044000700116,0.49595060013234615,0.49598459992557764
20260911_131106_302206,2,256,8,M,1,250,0.9609344992786646,0.4783455999568105,0.478375899605453
20260911_131106_302206,2,256,8,M,1,251,0.9146629003807902,0.5045886998996139,0.5046195993199944
20260911_131106_302206,2,256,8,M,1,252,0.9827054999768734,0.48914789967238903,0.4891796996816993
20260911_131106_302206,2,256,8,M,1,253,0.9916028007864952,0.5102651994675398,0.5102989999577403
20260911_131106_302206,2,256,8,M,1,254,1.018843099474907,0.5174581995233893,0.5175033994019032
20260911_131106_302206,2,256,8,M,1,255,1.0344325993210077,0.5106119001284242,0.510657100006938
20260911_131106_302206,2,256,8,NM,2,0,0.7882786998525262,0.4945192998275161,0.49455210007727146
20260911_131106_302206,2,256,8,NM,2,1,0.7604483002796769,0.48526590038090944,0.48529790062457323
20260911_131106_302206,2,256,8,NM,2,2,0.710733899846673,0.4710279004648328,0.471055899746716
20260911_131106_302206,2,256,8,NM,2,3,0.7095026997849345,0.4778241999447346,0.4778514998033643
20260911_131106_302206,2,256,8,NM,2,4,0.7214355003088713,0.4739168994128704,0.4739453000947833
20260911_131106_302206,2,256,8,NM,2,5,0.7293788995593786,0.4765531998127699,0.4765822999179363
20260911_131106_302206,2,256,8,NM,2,6,0.7229492999613285,0.4746333993971348,0.4746632007881999
20260911_131106_302206,2,256,8,NM,2,7,0.7360119000077248,0.48826839961111546,0.4882998997345567
20260911_131106_302206,2,256,8,NM,2,8,0.7472626008093357,0.5010210005566478,0.501053599640727
20260911_131106_302206,2,256,8,NM,2,9,0.7420781999826431,0.49833570048213005,0.49837150052189827
20260911_131106_302206,2,256,8,NM,2,10,0.7515634996816516,0.47726979944854975,0.4772990997880697
20260911_131106_302206,2,256,8,NM,2,11,0.7143548000603914,0.4752794001251459,0.47530809976160526
20260911_131106_302206,2,256,8,NM,2,12,0.7120385998860002,0.4790072003379464,0.47903789952397346
20260911_131106_302206,2,256,8,NM,2,13,0.7115871999412775,0.47129760030657053,0.47133100032806396
20260911_131106_302206,2,256,8,NM,2,14,0.7199741993099451,0.486311599612236,0.486340899951756
20260911_131106_302206,2,256,8,NM,2,15,0.723934699781239,0.4646173994988203,0.4646474001929164
20260911_131106_302206,2,256,8,NM,2,16,0.7413275996223092,0.49995750002563,0.4999979995191097
20260911_131106_302206,2,256,8,NM,2,17,0.7554064998403192,0.4752553002908826,0.47528429981321096
20260911_131106_302206,2,256,8,NM,2,18,0.7479228992015123,0.496475700289011,0.49650369957089424
20260911_131106_302206,2,256,8,NM,2,19,0.7478272998705506,0.4684338001534343,0.46846660040318966
20260911_131106_302206,2,256,8,NM,2,20,0.7182640004903078,0.4793328996747732,0.4793613003566861
20260911_131106_302206,2,256,8,NM,2,21,0.7071976000443101,0.4780342001467943,0.4780620997771621
20260911_131106_302206,2,256,8,NM,2,22,0.724435300566256,0.47388909943401814,0.4739168006926775
20260911_131106_302206,2,256,8,NM,2,23,0.7225866997614503,0.4686444001272321,0.46867450047284365
20260911_131106_302206,2,256,8,NM,2,24,0.7229209002107382,0.46786919981241226,0.46789809968322515
20260911_131106_302206,2,256,8,NM,2,25,0.7110185995697975,0.4736739005893469,0.47370299976319075
20260911_131106_302206,2,256,8,NM,2,26,0.7483986997976899,0.47490570042282343,0.47493419982492924
20260911_131106_302206,2,256,8,NM,2,27,0.7060560993850231,0.4806145001202822,0.48064380045980215
20260911_131106_302206,2,256,8,NM,2,28,0.7172798002138734,0.46939139999449253,0.4694189000874758
20260911_131106_302206,2,256,8,NM,2,29,0.7016023006290197,0.4722672998905182,0.47229559998959303
20260911_131106_302206,2,256,8,NM,2,30,0.7143112998455763,0.4607970993965864,0.46083869971334934
20260911_131106_302206,2,256,8,NM,2,31,0.7153938002884388,0.47180100064724684,0.4718316998332739
20260911_131106_302206,2,256,8,NM,2,32,0.7174855004996061,0.48064259998500347,0.4806727999821305
20260911_131106_302206,2,256,8,NM,2,33,0.7172396993264556,0.477437200024724,0.4774706996977329
20260911_131106_302206,2,256,8,NM,2,34,0.712678799405694,0.5133881000801921,0.5134220998734236
20260911_131106_302206,2,256,8,NM,2,35,0.727229599840939,0.47683790046721697,0.47686719987541437
20260911_131106_302206,2,256,8,NM,2,36,0.7246703002601862,0.46892809960991144,0.4689571997150779
20260911_131106_302206,2,256,8,NM,2,37,0.7089117998257279,0.48582470044493675,0.4858542000874877
20260911_131106_302206,2,256,8,NM,2,38,0.7112384997308254,0.4721581004559994,0.47218780033290386
20260911_131106_302206,2,256,8,NM,2,39,0.7194503005594015,0.4608391998335719,0.46086869947612286
20260911_131106_302206,2,256,8,NM,2,40,0.71518399938941,0.4705440001562238,0.47057170048356056
20260911_131106_302206,2,256,8,NM,2,41,0.717811300419271,0.4697869997471571,0.46981790009886026
20260911_131106_302206,2,256,8,NM,2,42,0.7263281000778079,0.47331009991467,0.4733386002480984
20260911_131106_302206,2,256,8,NM,2,43,0.6930184997618198,0.4692955994978547,0.46932430006563663
20260911_131106_302206,2,256,8,NM,2,44,0.715285399928689,0.48321149963885546,0.48324469942599535
20260911_131106_302206,2,256,8,NM,2,45,0.7205328997224569,0.456997400149703,0.45702819991856813
20260911_131106_302206,2,256,8,NM,2,46,0.7163615999743342,0.4667868996039033,0.46681670006364584
20260911_131106_302206,2,256,8,NM,2,47,0.7080586003139615,0.48806480038911104,0.4880927996709943
20260911_131106_302206,2,256,8,NM,2,48,0.7141236001625657,0.48294240050017834,0.4829719001427293
20260911_131106_302206,2,256,8,NM,2,49,0.701095599681139,0.4718589996919036,0.4718874003738165
20260911_131106_302206,2,256,8,NM,2,50,0.7204211000353098,0.4604453993961215,0.46047369949519634
20260911_131106_302206,2,256,8,NM,2,51,0.7121568005532026,0.4814021000638604,0.48143240064382553
20260911_131106_302206,2,256,8,NM,2,52,0.7156029995530844,0.5023614997044206,0.5023913998156786
20260911_131106_302206,2,256,8,NM,2,53,0.7418202003464103,0.5019669001922011,0.5019965004175901
20260911_131106_302206,2,256,8,NM,2,54,0.7475067004561424,0.4886694997549057,0.48869929928332567
20260911_131106_302206,2,256,8,NM,2,55,0.7542974995449185,0.4698867993429303,0.46991540025919676
20260911_131106_302206,2,256,8,NM,2,56,0.7256827997043729,0.46209209971129894,0.4621211001649499
20260911_131106_302206,2,256,8,NM,2,57,0.7197066005319357,0.4921711999922991,0.4922164995223284
20260911_131106_302206,2,256,8,NM,2,58,0.7104142997413874,0.4793294994160533,0.4793593995273113
20260911_131106_302206,2,256,8,NM,2,59,0.7173419995233417,0.47017590049654245,0.470219099894166
20260911_131106_302206,2,256,8,NM,2,60,0.7345905993133783,0.464457499794662,0.46448810026049614
20260911_131106_302206,2,256,8,NM,2,61,0.7280880007892847,0.46790549997240305,0.46794029977172613
20260911_131106_302206,2,256,8,NM,2,62,0.7112638000398874,0.4722645003348589,0.4722972996532917
20260911_131106_302206,2,256,8,NM,2,63,0.707061699591577,0.47328419983386993,0.47331539914011955
20260911_131106_302206,2,256,8,NM,2,64,0.7214405005797744,0.4599899994209409,0.46002670004963875
20260911_131106_302206,2,256,8,NM,2,65,0.6949129002168775,0.4641069993376732,0.4641365995630622
20260911_131106_302206,2,256,8,NM,2,66,0.7148046996444464,0.4601576002314687,0.4601996997371316
20260911_131106_302206,2,256,8,NM,2,67,0.7638397999107838,0.47747130040079355,0.4774987995624542
20260911_131106_302206,2,256,8,NM,2,68,0.7080832002684474,0.47068450041115284,0.4707142999395728
20260911_131106_302206,2,256,8,NM,2,69,0.7086760001257062,0.4642153000459075,0.4642452001571655
20260911_131106_302206,2,256,8,NM,2,70,0.7158751003444195,0.4602140998467803,0.46024780068546534
20260911_131106_302206,2,256,8,NM,2,71,0.7211166005581617,0.4646056005731225,0.4646340999752283
20260911_131106_302206,2,256,8,NM,2,72,0.7147972993552685,0.4760195994749665,0.47605330031365156
20260911_131106_302206,2,256,8,NM,2,73,0.7185507006943226,0.4675773000344634,0.46761230006814003
20260911_131106_302206,2,256,8,NM,2,74,0.7124896999448538,0.47859570011496544,0.47862409986555576
20260911_131106_302206,2,256,8,NM,2,75,0.7330788997933269,0.4626211002469063,0.4626620998606086
20260911_131106_302206,2,256,8,NM,2,76,0.722511500120163,0.48054559994488955,0.4805843001231551
20260911_131106_302206,2,256,8,NM,2,77,0.7016804991289973,0.48397000040858984,0.4839987000450492
20260911_131106_302206,2,256,8,NM,2,78,0.7154868002980947,0.4959304993972182,0.4959589000791311
20260911_131106_302206,2,256,8,NM,2,79,0.7065808996558189,0.5146649004891515,0.5146975992247462
20260911_131106_302206,2,256,8,NM,2,80,0.7248458005487919,0.45602659974247217,0.4560595005750656
20260911_131106_302206,2,256,8,NM,2,81,0.7318837000057101,0.47456950042396784,0.47459479980170727
20260911_131106_302206,2,256,8,NM,2,82,0.711871299892664,0.4695049002766609,0.46953369956463575
20260911_131106_302206,2,256,8,NM,2,83,0.7034748997539282,0.4774481998756528,0.47747879941016436
20260911_131106_302206,2,256,8,NM,2,84,0.699367000721395,0.4713145000860095,0.47134510055184364
20260911_131106_302206,2,256,8,NM,2,85,0.7127753002569079,0.46933900006115437,0.4693673001602292
20260911_131106_302206,2,256,8,NM,2,86,0.8144821999594569,0.500743200071156,0.5007722992449999
20260911_131106_302206,2,256,8,NM,2,87,0.8211346007883549,0.5460879998281598,0.5461179995909333
20260911_131106_302206,2,256,8,NM,2,88,0.8126765005290508,0.5272442996501923,0.5272769005969167
20260911_131106_302206,2,256,8,NM,2,89,0.8002549996599555,0.49795989971607924,0.4979928005486727
20260911_131106_302206,2,256,8,NM,2,90,0.7243066001683474,0.4653642997145653,0.4654035000130534
20260911_131106_302206,2,256,8,NM,2,91,0.7104257000610232,0.48785000015050173,0.48787880036979914
20260911_131106_302206,2,256,8,NM,2,92,0.7086233999580145,0.47757089976221323,0.47759960032999516
20260911_131106_302206,2,256,8,NM,2,93,0.7276520999148488,0.46677680034190416,0.46680659987032413
20260911_131106_302206,2,256,8,NM,2,94,0.7162621999159455,0.4758741995319724,0.4759065993130207
20260911_131106_302206,2,256,8,NM,2,95,0.7350803995504975,0.4807861000299454,0.48081470001488924
20260911_131106_302206,2,256,8,NM,2,96,0.695244200527668,0.49200719967484474,0.4920360008254647
20260911_131106_302206,2,256,8,NM,2,97,0.7110267002135515,0.47003250010311604,0.47006160020828247
20260911_131106_302206,2,256,8,NM,2,98,0.7267284002155066,0.4733838001266122,0.473429299890995
20260911_131106_302206,2,256,8,NM,2,99,0.7226828997954726,0.4839479997754097,0.4839775003492832
20260911_131106_302206,2,256,8,NM,2,100,0.7145416997373104,0.47369949985295534,0.4737289994955063
20260911_131106_302206,2,256,8,NM,2,101,0.7101535992696881,0.4725276995450258,0.47255750000476837
20260911_131106_302206,2,256,8,NM,2,102,0.7157981004565954,0.4701652992516756,0.4701942000538111
20260911_131106_302206,2,256,8,NM,2,103,0.7225064998492599,0.4620898999273777,0.4621163001284003
20260911_131106_302206,2,256,8,NM,2,104,0.72117879986763,0.46291409991681576,0.46294290013611317
20260911_131106_302206,2,256,8,NM,2,105,0.7275428995490074,0.47476920019835234,0.47480109985917807
20260911_131106_302206,2,256,8,NM,2,106,0.7155047003179789,0.46950289979577065,0.46953459922224283
20260911_131106_302206,2,256,8,NM,2,107,0.7132158996537328,0.4652538998052478,0.4652827000245452
20260911_131106_302206,2,256,8,NM,2,108,0.7134536998346448,0.4633638998493552,0.4633944993838668
20260911_131106_302206,2,256,8,NM,2,109,0.7049751002341509,0.4686182998120785,0.46864910051226616
20260911_131106_302206,2,256,8,NM,2,110,0.733993399888277,0.45936799980700016,0.45939769968390465
20260911_131106_302206,2,256,8,NM,2,111,0.7249582996591926,0.4791137995198369,0.4791426993906498
20260911_131106_302206,2,256,8,NM,2,112,0.7197399996221066,0.4689766000956297,0.46901450026780367
20260911_131106_302206,2,256,8,NM,2,113,0.6997647006064653,0.4663926996290684,0.46642090007662773
20260911_131106_302206,2,256,8,NM,2,114,0.7221304001286626,0.4598532998934388,0.45988790038973093
20260911_131106_302206,2,256,8,NM,2,115,0.7591112004593015,0.4574424000456929,0.4574697995558381
20260911_131106_302206,2,256,8,NM,2,116,0.7146678008139133,0.47634360007941723,0.4763716999441385
20260911_131106_302206,2,256,8,NM,2,117,0.7288285000249743,0.46534459944814444,0.4653732003644109
20260911_131106_302206,2,256,8,NM,2,118,0.7203961005434394,0.4697038000449538,0.46973290015012026
20260911_131106_302206,2,256,8,NM,2,119,0.7560951001942158,0.46812739968299866,0.46815699990838766
20260911_131106_302206,2,256,8,NM,2,120,0.7248332994058728,0.4675489002838731,0.4675824996083975
20260911_131106_302206,2,256,8,NM,2,121,0.7175941001623869,0.4581081001088023,0.4581377999857068
20260911_131106_302206,2,256,8,NM,2,122,0.7241230001673102,0.4750127997249365,0.47504170052707195
20260911_131106_302206,2,256,8,NM,2,123,0.722367899492383,0.46818660013377666,0.4682392003014684
20260911_131106_302206,2,256,8,NM,2,124,0.7374078994616866,0.4855078998953104,0.4855407001450658
20260911_131106_302206,2,256,8,NM,2,125,0.7094489997252822,0.4886604994535446,0.4886897997930646
20260911_131106_302206,2,256,8,NM,2,126,0.718245199881494,0.45695820078253746,0.4569894000887871
20260911_131106_302206,2,256,8,NM,2,127,0.7291981996968389,0.4721210999414325,0.4721515001729131
20260911_131106_302206,2,256,8,NM,2,128,0.7133590001612902,0.46739070024341345,0.4674185998737812
20260911_131106_302206,2,256,8,NM,2,129,0.7078329995274544,0.4680601004511118,0.4680949002504349
20260911_131106_302206,2,256,8,NM,2,130,0.7096139006316662,0.45665529929101467,0.45668539963662624
20260911_131106_302206,2,256,8,NM,2,131,0.7233787002041936,0.4640128994360566,0.4640394998714328
20260911_131106_302206,2,256,8,NM,2,132,0.7143185995519161,0.4648560993373394,0.4648867007344961
20260911_131106_302206,2,256,8,NM,2,133,0.7061542998999357,0.4584892997518182,0.45851820055395365
20260911_131106_302206,2,256,8,NM,2,134,0.7023812998086214,0.4718296993523836,0.4718636004254222
20260911_131106_302206,2,256,8,NM,2,135,0.766380500048399,0.4765870999544859,0.47662500012665987
20260911_131106_302206,2,256,8,NM,2,136,0.7278089998289943,0.48021109960973263,0.48025580029934645
20260911_131106_302206,2,256,8,NM,2,137,0.718852499499917,0.4751023994758725,0.4751300001516938
20260911_131106_302206,2,256,8,NM,2,138,0.7154785003513098,0.46655650064349174,0.4665860999375582
20260911_131106_302206,2,256,8,NM,2,139,0.7147257998585701,0.4790481999516487,0.4790759002789855
20260911_131106_302206,2,256,8,NM,2,140,0.7040320001542568,0.45982979983091354,0.4598655002191663
20260911_131106_302206,2,256,8,NM,2,141,0.7117396993562579,0.4620142001658678,0.46204259991645813
20260911_131106_302206,2,256,8,NM,2,142,0.7260368000715971,0.467836600728333,0.46786659955978394
20260911_131106_302206,2,256,8,NM,2,143,0.7111777001991868,0.5021660998463631,0.5021940004080534
20260911_131106_302206,2,256,8,NM,2,144,0.746913899667561,0.4828529004007578,0.4828814994543791
20260911_131106_302206,2,256,8,NM,2,145,0.7408790998160839,0.49951929971575737,0.49954580049961805
20260911_131106_302206,2,256,8,NM,2,146,0.7457840004935861,0.4697112999856472,0.4697463996708393
20260911_131106_302206,2,256,8,NM,2,147,0.7147994004189968,0.4630709998309612,0.4631026005372405
20260911_131106_302206,2,256,8,NM,2,148,0.7162691000849009,0.4643429992720485,0.4643716001883149
20260911_131106_302206,2,256,8,NM,2,149,0.7111277002841234,0.47122419998049736,0.47130689956247807
20260911_131106_302206,2,256,8,NM,2,150,0.7301900992169976,0.4720196006819606,0.47208259999752045
20260911_131106_302206,2,256,8,NM,2,151,0.7325202999636531,0.46948990039527416,0.4695264007896185
20260911_131106_302206,2,256,8,NM,2,152,0.7178155994042754,0.4793536001816392,0.47938800044357777
20260911_131106_302206,2,256,8,NM,2,153,0.7102432996034622,0.49021119996905327,0.4902403000742197
20260911_131106_302206,2,256,8,NM,2,154,0.7009271001443267,0.48005509935319424,0.48008579947054386
20260911_131106_302206,2,256,8,NM,2,155,0.7059721993282437,0.466346999630332,0.4663855005055666
20260911_131106_302206,2,256,8,NM,2,156,0.7122310996055603,0.45899320021271706,0.45903579983860254
20260911_131106_302206,2,256,8,NM,2,157,0.7181621994823217,0.46428379975259304,0.46431349962949753
20260911_131106_302206,2,256,8,NM,2,158,0.7028409000486135,0.48263620026409626,0.4826637003570795
20260911_131106_302206,2,256,8,NM,2,159,0.7094952994957566,0.46451849956065416,0.46454770024865866
20260911_131106_302206,2,256,8,NM,2,160,0.706313599832356,0.5001126993447542,0.5001539997756481
20260911_131106_302206,2,256,8,NM,2,161,0.7062248000875115,0.4663359997794032,0.46636420022696257
20260911_131106_302206,2,256,8,NM,2,162,0.7329794997349381,0.4670193996280432,0.4670484000816941
20260911_131106_302206,2,256,8,NM,2,163,0.7083747005090117,0.4582695998251438,0.45829979982227087
20260911_131106_302206,2,256,8,NM,2,164,0.7063301000744104,0.4761394001543522,0.4761784002184868
20260911_131106_302206,2,256,8,NM,2,165,0.7150325002148747,0.4640277000144124,0.46405710000544786
20260911_131106_302206,2,256,8,NM,2,166,0.7087647998705506,0.46283929981291294,0.4628675002604723
20260911_131106_302206,2,256,8,NM,2,167,0.7264950005337596,0.458491800352931,0.4585216995328665
20260911_131106_302206,2,256,8,NM,2,168,0.7049401998519897,0.4604095993563533,0.4604378994554281
20260911_131106_302206,2,256,8,NM,2,169,0.7202004995197058,0.4719920000061393,0.4720251001417637
20260911_131106_302206,2,256,8,NM,2,170,0.6953750001266599,0.47813820000737906,0.47817530017346144
20260911_131106_302206,2,256,8,NM,2,171,0.7124838000163436,0.47840720042586327,0.4784360993653536
20260911_131106_302206,2,256,8,NM,2,172,0.701525199227035,0.4635686995461583,0.4636217001825571
20260911_131106_302206,2,256,8,NM,2,173,0.7174183996394277,0.46363040059804916,0.4636610997840762
20260911_131106_302206,2,256,8,NM,2,174,0.7102621998637915,0.4767204001545906,0.47675029933452606
20260911_131106_302206,2,256,8,NM,2,175,0.7020426001399755,0.4744690004736185,0.4744963003322482
20260911_131106_302206,2,256,8,NM,2,176,0.7147952001541853,0.4648399008437991,0.46487640030682087
20260911_131106_302206,2,256,8,NM,2,177,0.6996555998921394,0.4689523000270128,0.4689988996833563
20260911_131106_302206,2,256,8,NM,2,178,0.7065706001594663,0.46176240034401417,0.46179330069571733
20260911_131106_302206,2,256,8,NM,2,179,0.7076773000881076,0.4567899005487561,0.4568199999630451
20260911_131106_302206,2,256,8,NM,2,180,0.7176540000364184,0.46581010054796934,0.46585229970514774
20260911_131106_302206,2,256,8,NM,2,181,0.7152826003730297,0.4701356003060937,0.47016469947993755
20260911_131106_302206,2,256,8,NM,2,182,0.7140115005895495,0.47473379969596863,0.4747631996870041
20260911_131106_302206,2,256,8,NM,2,183,0.7039490006864071,0.4798797992989421,0.47991220001131296
20260911_131106_302206,2,256,8,NM,2,184,0.731152699328959,0.4659463996067643,0.4659753004088998
20260911_131106_302206,2,256,8,NM,2,185,0.7224549995735288,0.469284700229764,0.4693153006955981
20260911_131106_302206,2,256,8,NM,2,186,0.7322490001097322,0.4786442993208766,0.47867400012910366
20260911_131106_302206,2,256,8,NM,2,187,0.7098680008202791,0.4728389997035265,0.47286929935216904
20260911_131106_302206,2,256,8,NM,2,188,0.7113198004662991,0.46414220053702593,0.46417259983718395
20260911_131106_302206,2,256,8,NM,2,189,0.703070200048387,0.4634162997826934,0.4634486995637417
20260911_131106_302206,2,256,8,NM,2,190,0.6966409999877214,0.4650655994191766,0.46509919967502356
20260911_131106_302206,2,256,8,NM,2,191,0.7170540001243353,0.47162509988993406,0.471658100374043
20260911_131106_302206,2,256,8,NM,2,192,0.7294295001775026,0.4709900999441743,0.47101909946650267
20260911_131106_302206,2,256,8,NM,2,193,0.7148055993020535,0.47579399961978197,0.4758211001753807
20260911_131106_302206,2,256,8,NM,2,194,0.7061509005725384,0.466770900413394,0.4668013993650675
20260911_131106_302206,2,256,8,NM,2,195,0.7114647999405861,0.46190059930086136,0.46194309927523136
20260911_131106_302206,2,256,8,NM,2,196,0.717858899384737,0.45308899972587824,0.45311859995126724
20260911_131106_302206,2,256,8,NM,2,197,0.7196178995072842,0.4612747998908162,0.46130319964140654
20260911_131106_302206,2,256,8,NM,2,198,0.7188873002305627,0.47906399983912706,0.47909219935536385
20260911_131106_302206,2,256,8,NM,2,199,0.7004880998283625,0.4578769002109766,0.4579123994335532
20260911_131106_302206,2,256,8,NM,2,200,0.7154286997392774,0.47519929986447096,0.47524140030145645
20260911_131106_302206,2,256,8,NM,2,201,0.7122101001441479,0.47515089996159077,0.4751818999648094
20260911_131106_302206,2,256,8,NM,2,202,0.734510900452733,0.502789999358356,0.5028262007981539
20260911_131106_302206,2,256,8,NM,2,203,0.7001764997839928,0.46966699976474047,0.46970320027321577
20260911_131106_302206,2,256,8,NM,2,204,0.7137366998940706,0.46292820014059544,0.46295669954270124
20260911_131106_302206,2,256,8,NM,2,205,0.7063618004322052,0.45750610064715147,0.45753500051796436
20260911_131106_302206,2,256,8,NM,2,206,0.7079796995967627,0.4697043001651764,0.46973339933902025
20260911_131106_302206,2,256,8,NM,2,207,0.7273856000974774,0.4770761001855135,0.4771066000685096
20260911_131106_302206,2,256,8,NM,2,208,0.7007822999730706,0.4752060994505882,0.47523569967597723
20260911_131106_302206,2,256,8,NM,2,209,0.7094280999153852,0.46155000012367964,0.46157839987426996
20260911_131106_302206,2,256,8,NM,2,210,0.7040583994239569,0.4694231003522873,0.4694524994120002
20260911_131106_302206,2,256,8,NM,2,211,0.7013411996886134,0.4648572001606226,0.4648845000192523
20260911_131106_302206,2,256,8,NM,2,212,0.7088179998099804,0.46061560045927763,0.4606457995250821
20260911_131106_302206,2,256,8,NM,2,213,0.7239378001540899,0.46374409925192595,0.46377560030668974
20260911_131106_302206,2,256,8,NM,2,214,0.7071525994688272,0.4613966001197696,0.46142430044710636
20260911_131106_302206,2,256,8,NM,2,215,0.7081397995352745,0.4799148002639413,0.4799429001286626
20260911_131106_302206,2,256,8,NM,2,216,0.703502600081265,0.4682708000764251,0.4683194002136588
20260911_131106_302206,2,256,8,NM,2,217,0.7074088994413614,0.4776216996833682,0.4776512002572417
20260911_131106_302206,2,256,8,NM,2,218,0.7167095998302102,0.46518669929355383,0.46522350050508976
20260911_131106_302206,2,256,8,NM,2,219,0.7277098996564746,0.46849310025572777,0.46852350048720837
20260911_131106_302206,2,256,8,NM,2,220,0.7062260005623102,0.4599840007722378,0.46001259982585907
20260911_131106_302206,2,256,8,NM,2,221,0.7189589999616146,0.46962369978427887,0.4696562997996807
20260911_131106_302206,2,256,8,NM,2,222,0.7019934002310038,0.4733467996120453,0.4733752002939582
20260911_131106_302206,2,256,8,NM,2,223,0.7009020000696182,0.4788492005318403,0.4788784999400377
20260911_131106_302206,2,256,8,NM,2,224,0.72561090067029,0.47556859999895096,0.475602600723505
20260911_131106_302206,2,256,8,NM,2,225,0.7109142001718283,0.4591404004022479,0.45916910003870726
20260911_131106_302206,2,256,8,NM,2,226,0.7249938994646072,0.4600350996479392,0.46006699930876493
20260911_131106_302206,2,256,8,NM,2,227,0.7149522993713617,0.45895390026271343,0.45898499991744757
20260911_131106_302206,2,256,8,NM,2,228,0.7165473001077771,0.4747884999960661,0.47481789998710155
20260911_131106_302206,2,256,8,NM,2,229,0.7143426993861794,0.4597282996401191,0.45976080000400543
20260911_131106_302206,2,256,8,NM,2,230,0.6998782996088266,0.47571499925106764,0.47574379947036505
20260911_131106_302206,2,256,8,NM,2,231,0.6942189997062087,0.47531950008124113,0.47534759994596243
20260911_131106_302206,2,256,8,NM,2,232,0.7127871001139283,0.45660819951444864,0.45663779973983765
20260911_131106_302206,2,256,8,NM,2,233,0.6986774001270533,0.4677454996854067,0.4677884001284838
20260911_131106_302206,2,256,8,NM,2,234,0.7052336996421218,0.45888369996100664,0.45891289971768856
20260911_131106_302206,2,256,8,NM,2,235,0.7070502005517483,0.46710840053856373,0.46714030019938946
20260911_131106_302206,2,256,8,NM,2,236,0.7165712006390095,0.491419299505651,0.49145419988781214
20260911_131106_302206,2,256,8,NM,2,237,0.7600503005087376,0.5724214995279908,0.5724558997899294
20260911_131106_302206,2,256,8,NM,2,238,0.7149558002129197,0.46051070000976324,0.46054110024124384
20260911_131106_302206,2,256,8,NM,2,239,0.7138117998838425,0.47031489945948124,0.4703516997396946
20260911_131106_302206,2,256,8,NM,2,240,0.7370133996009827,0.5049898000434041,0.5050191003829241
20260911_131106_302206,2,256,8,NM,2,241,0.7467662002891302,0.4854185003787279,0.48545030038803816
20260911_131106_302206,2,256,8,NM,2,242,0.7307684998959303,0.49336319975554943,0.493393300101161
20260911_131106_302206,2,256,8,NM,2,243,0.7518414994701743,0.4745688000693917,0.4745984999462962
20260911_131106_302206,2,256,8,NM,2,244,0.7177116991952062,0.4643836999312043,0.4644130999222398
20260911_131106_302206,2,256,8,NM,2,245,0.7149575995281339,0.46258029993623495,0.4626101003959775
20260911_131106_302206,2,256,8,NM,2,246,0.7071139998733997,0.4847084004431963,0.4847372993826866
20260911_131106_302206,2,256,8,NM,2,247,0.7208058005198836,0.4707931997254491,0.47083500027656555
20260911_131106_302206,2,256,8,NM,2,248,0.7285427004098892,0.4516209000721574,0.4516492998227477
20260911_131106_302206,2,256,8,NM,2,249,0.7000392004847527,0.4653457999229431,0.4653797997161746
20260911_131106_302206,2,256,8,NM,2,250,0.7199387000873685,0.4873680006712675,0.4873957997187972
20260911_131106_302206,2,256,8,NM,2,251,0.7267653997987509,0.4859118992462754,0.4859457006677985
20260911_131106_302206,2,256,8,NM,2,252,0.7063714005053043,0.4769586995244026,0.47698820009827614
20260911_131106_302206,2,256,8,NM,2,253,0.7144069001078606,0.46447249967604876,0.46450479980558157
20260911_131106_302206,2,256,8,NM,2,254,0.7087719002738595,0.4632196994498372,0.4632488004863262
20260911_131106_302206,2,256,8,NM,2,255,0.7204769998788834,0.45876430068165064,0.4587983004748821
20260911_131106_302206,3,8,3,NM,1,0,0.7499951999634504,0.4552939999848604,0.4553276998922229
20260911_131106_302206,3,8,3,NM,1,1,0.7038987996056676,0.4554995996877551,0.4555323999375105
20260911_131106_302206,3,8,3,NM,1,2,0.7076460998505354,0.46294109988957644,0.46296949964016676
20260911_131106_302206,3,8,3,NM,1,3,0.7014792999252677,0.4494709996506572,0.4495115000754595
20260911_131106_302206,3,8,3,NM,1,4,0.7134713008999825,0.45406730007380247,0.4540959997102618
20260911_131106_302206,3,8,3,NM,1,5,0.7097573997452855,0.4813358997926116,0.4813686003908515
20260911_131106_302206,3,8,3,NM,1,6,0.6894589001312852,0.4711358994245529,0.47116459999233484
20260911_131106_302206,3,8,3,NM,1,7,0.6947547001764178,0.46374250017106533,0.46377279981970787
20260911_131106_302206,3,8,3,M,2,0,0.7896731002256274,0.4631757000461221,0.4632075000554323
20260911_131106_302206,3,8,3,M,2,1,0.7783133992925286,0.4694648999720812,0.46949390042573214
20260911_131106_302206,3,8,3,M,2,2,0.7906993003562093,0.45757010020315647,0.4576022997498512
20260911_131106_302206,3,8,3,M,2,3,0.801060700789094,0.45390400011092424,0.45393280033022165
20260911_131106_302206,3,8,3,M,2,4,0.7632098998874426,0.45707149989902973,0.45709749963134527
20260911_131106_302206,3,8,3,M,2,5,0.7814300004392862,0.45889570005238056,0.45892579946666956
20260911_131106_302206,3,8,3,M,2,6,0.8073298996314406,0.46486990060657263,0.4649050999432802
20260911_131106_302206,3,8,3,M,2,7,0.7717086998745799,0.4524475997313857,0.4524928005412221
20260911_131106_302206,3,16,4,NM,1,0,0.6927888998761773,0.45156290009617805,0.45160540007054806
20260911_131106_302206,3,16,4,NM,1,1,0.7004111995920539,0.4547601994127035,0.45478889998048544
20260911_131106_302206,3,16,4,NM,1,2,0.6876364005729556,0.4626377997919917,0.4626666000112891
20260911_131106_302206,3,16,4,NM,1,3,0.7017962001264095,0.4555425997823477,0.45559079945087433
20260911_131106_302206,3,16,4,NM,1,4,0.6925326995551586,0.4575824998319149,0.45761279948055744
20260911_131106_302206,3,16,4,NM,1,5,0.693881900049746,0.45994949992746115,0.459978099912405
20260911_131106_302206,3,16,4,NM,1,6,0.7065701000392437,0.45272469986230135,0.4527670005336404
20260911_131106_302206,3,16,4,NM,1,7,0.6953253000974655,0.4563022004440427,0.45633150078356266
20260911_131106_302206,3,16,4,NM,1,8,0.7144641000777483,0.4813948003575206,0.481423900462687
20260911_131106_302206,3,16,4,NM,1,9,0.7470298996195197,0.47640540078282356,0.47643440030515194
20260911_131106_302206,3,16,4,NM,1,10,0.7291607996448874,0.4722063997760415,0.47223709989339113
20260911_131106_302206,3,16,4,NM,1,11,0.74990180041641,0.45701999962329865,0.4570512995123863
20260911_131106_302206,3,16,4,NM,1,12,0.711501800455153,0.45933919958770275,0.4593690996989608
20260911_131106_302206,3,16,4,NM,1,13,0.6965177999809384,0.46551680006086826,0.46554610040038824
20260911_131106_302206,3,16,4,NM,1,14,0.6987076001241803,0.4687132006511092,0.46874359995126724
20260911_131106_302206,3,16,4,NM,1,15,0.6986416997388005,0.47311440017074347,0.473144200630486
20260911_131106_302206,3,16,4,M,2,0,0.7978664003312588,0.475135900080204,0.4751687003299594
20260911_131106_302206,3,16,4,M,2,1,0.7957180999219418,0.46448349952697754,0.46452759951353073
20260911_131106_302206,3,16,4,M,2,2,0.8171636993065476,0.4646936999633908,0.46474009938538074
20260911_131106_302206,3,16,4,M,2,3,0.7998147001489997,0.4725395003333688,0.4725765995681286
20260911_131106_302206,3,16,4,M,2,4,0.7788105001673102,0.46634369995445013,0.46637209970504045
20260911_131106_302206,3,16,4,M,2,5,0.7885985001921654,0.46640249993652105,0.4664326002821326
20260911_131106_302206,3,16,4,M,2,6,0.8028051005676389,0.4559879004955292,0.4560206001624465
20260911_131106_302206,3,16,4,M,2,7,0.8224687008187175,0.46779040060937405,0.46781890001147985
20260911_131106_302206,3,16,4,M,2,8,0.796887899748981,0.4572195000946522,0.4572494998574257
20260911_131106_302206,3,16,4,M,2,9,0.798848700709641,0.48157080076634884,0.48160059936344624
20260911_131106_302206,3,16,4,M,2,10,0.7956627001985908,0.47964789997786283,0.4796897005289793
20260911_131106_302206,3,16,4,M,2,11,0.8171883001923561,0.45499780029058456,0.4550268994644284
20260911_131106_302206,3,16,4,M,2,12,0.7960186004638672,0.4644695995375514,0.4644983997568488
20260911_131106_302206,3,16,4,M,2,13,0.7984056007117033,0.4787550996989012,0.4787838002666831
20260911_131106_302206,3,16,4,M,2,14,0.8316446002572775,0.4619932007044554,0.4620227999985218
20260911_131106_302206,3,16,4,M,2,15,0.7930799005553126,0.4626806993037462,0.4627099996432662
20260911_131106_302206,3,32,5,NM,1,0,0.6875345995649695,0.4603564003482461,0.46038460079580545
20260911_131106_302206,3,32,5,NM,1,1,0.7002034997567534,0.4577376991510391,0.45776630006730556
20260911_131106_302206,3,32,5,NM,1,2,0.6928922003135085,0.4483831999823451,0.44841030053794384
20260911_131106_302206,3,32,5,NM,1,3,0.6873248992487788,0.4537778999656439,0.45380839984863997
20260911_131106_302206,3,32,5,NM,1,4,0.7383070001378655,0.45711269974708557,0.457141499966383
20260911_131106_302206,3,32,5,NM,1,5,0.7347649000585079,0.4607346998527646,0.4607694000005722
20260911_131106_302206,3,32,5,NM,1,6,0.694395499303937,0.45847340021282434,0.4585020998492837
20260911_131106_302206,3,32,5,NM,1,7,0.706606300547719,0.45680470019578934,0.45683389995247126
20260911_131106_302206,3,32,5,NM,1,8,0.7062876001000404,0.4512580996379256,0.45128769986331463
20260911_131106_302206,3,32,5,NM,1,9,0.7001069001853466,0.4613154996186495,0.4613458001986146
20260911_131106_302206,3,32,5,NM,1,10,0.7068165000528097,0.464754500426352,0.46478489972651005
20260911_131106_302206,3,32,5,NM,1,11,0.7132707005366683,0.4621295006945729,0.46215870045125484
20260911_131106_302206,3,32,5,NM,1,12,0.6900369003415108,0.4627980999648571,0.4628278994932771
20260911_131106_302206,3,32,5,NM,1,13,0.6936496002599597,0.45521129947155714,0.455239899456501
20260911_131106_302206,3,32,5,NM,1,14,0.7085440000519156,0.4453768003731966,0.44540559966117144
20260911_131106_302206,3,32,5,NM,1,15,0.6950965002179146,0.45756480004638433,0.4575944999232888
20260911_131106_302206,3,32,5,NM,1,16,0.7091403007507324,0.4588136998936534,0.45884030032902956
20260911_131106_302206,3,32,5,NM,1,17,0.7059546001255512,0.4648489002138376,0.4648775001987815
20260911_131106_302206,3,32,5,NM,1,18,0.7067392999306321,0.4525915998965502,0.45262290071696043
20260911_131106_302206,3,32,5,NM,1,19,0.6938410000875592,0.46584280021488667,0.4658762998878956
20260911_131106_302206,3,32,5,NM,1,20,0.7078909995034337,0.46167000010609627,0.4616995006799698
20260911_131106_302206,3,32,5,NM,1,21,0.7166795004159212,0.4735666001215577,0.4735963996499777
20260911_131106_302206,3,32,5,NM,1,22,0.7430840004235506,0.5151487002149224,0.515179299749434
20260911_131106_302206,3,32,5,NM,1,23,0.7633652007207274,0.4798082001507282,0.4798380993306637
20260911_131106_302206,3,32,5,NM,1,24,0.7319617997854948,0.4690378997474909,0.4690712997689843
20260911_131106_302206,3,32,5,NM,1,25,0.7196110999211669,0.47225929982960224,0.4722883002832532
20260911_131106_302206,3,32,5,NM,1,26,0.7011524001136422,0.4797904007136822,0.47981869988143444
20260911_131106_302206,3,32,5,NM,1,27,0.7211482999846339,0.4634942999109626,0.46352289989590645
20260911_131106_302206,3,32,5,NM,1,28,0.7189763998612761,0.4756297003477812,0.4756582994014025
20260911_131106_302206,3,32,5,NM,1,29,0.6879396000877023,0.46870889980345964,0.4687425997108221
20260911_131106_302206,3,32,5,NM,1,30,0.7695503998547792,0.5103821000084281,0.5104143004864454
20260911_131106_302206,3,32,5,NM,1,31,0.7094517005607486,0.4765230994671583,0.4765518996864557
20260911_131106_302206,3,32,5,M,2,0,0.823509999550879,0.4991776002570987,0.4992068996652961
20260911_131106_302206,3,32,5,M,2,1,0.8606167994439602,0.4843835001811385,0.48441469948738813
20260911_131106_302206,3,32,5,M,2,2,0.8516496000811458,0.47617739997804165,0.47620359994471073
20260911_131106_302206,3,32,5,M,2,3,0.8258937001228333,0.4932089000940323,0.4932376993820071
20260911_131106_302206,3,32,5,M,2,4,0.8306719996035099,0.4771042997017503,0.47713280003517866
20260911_131106_302206,3,32,5,M,2,5,0.8506992002949119,0.48257160000503063,0.4826010996475816
20260911_131106_302206,3,32,5,M,2,6,0.8107022996991873,0.4921516003087163,0.4921809006482363
20260911_131106_302206,3,32,5,M,2,7,0.8404492000117898,0.4821926997974515,0.4822207000106573
20260911_131106_302206,3,32,5,M,2,8,0.8481506993994117,0.49703750014305115,0.4970777006819844
20260911_131106_302206,3,32,5,M,2,9,0.8290670998394489,0.49543040059506893,0.49545999988913536
20260911_131106_302206,3,32,5,M,2,10,0.8494381001219153,0.4876223001629114,0.48765099979937077
20260911_131106_302206,3,32,5,M,2,11,0.839381399564445,0.4865632001310587,0.4865944003686309
20260911_131106_302206,3,32,5,M,2,12,0.8215979998931289,0.48611870035529137,0.48614810034632683
20260911_131106_302206,3,32,5,M,2,13,0.8514349991455674,0.4891241993755102,0.48915449995547533
20260911_131106_302206,3,32,5,M,2,14,0.8546093003824353,0.47992790024727583,0.47995549999177456
20260911_131106_302206,3,32,5,M,2,15,0.8166683996096253,0.5046330001205206,0.5046618999913335
20260911_131106_302206,3,32,5,M,2,16,0.8666177000850439,0.5017422996461391,0.5017710998654366
20260911_131106_302206,3,32,5,M,2,17,0.8464118000119925,0.48375510051846504,0.4837861005216837
20260911_131106_302206,3,32,5,M,2,18,0.825127499178052,0.49292249977588654,0.4929638998582959
20260911_131106_302206,3,32,5,M,2,19,0.8685617996379733,0.49813889991492033,0.4981686994433403
20260911_131106_302206,3,32,5,M,2,20,0.8585252994671464,0.4963135998696089,0.4963442999869585
20260911_131106_302206,3,32,5,M,2,21,0.8096980005502701,0.5012924000620842,0.501321199350059
20260911_131106_302206,3,32,5,M,2,22,0.8486997997388244,0.49034389946609735,0.4903729995712638
20260911_131106_302206,3,32,5,M,2,23,0.8610656000673771,0.5000442005693913,0.5000734003260732
20260911_131106_302206,3,32,5,M,2,24,0.8179502999410033,0.489652500487864,0.4896804001182318
20260911_131106_302206,3,32,5,M,2,25,0.8563398001715541,0.48430079966783524,0.4843293996527791
20260911_131106_302206,3,32,5,M,2,26,0.86288580019027,0.4804216995835304,0.4804499000310898
20260911_131106_302206,3,32,5,M,2,27,0.821059999987483,0.48667960055172443,0.4867083001881838
20260911_131106_302206,3,32,5,M,2,28,0.8712394004687667,0.4959598006680608,0.49601069930940866
20260911_131106_302206,3,32,5,M,2,29,0.8621325008571148,0.5127360001206398,0.5127667998895049
20260911_131106_302206,3,32,5,M,2,30,0.8155616000294685,0.5037075001746416,0.5037377001717687
20260911_131106_302206,3,32,5,M,2,31,0.8610111000016332,0.4854380004107952,0.48546720016747713
20260911_131106_302206,3,64,6,NM,1,0,0.6994020994752645,0.4451186005026102,0.44514880049973726
20260911_131106_302206,3,64,6,NM,1,1,0.6845038002356887,0.45718499924987555,0.4572144001722336
20260911_131106_302206,3,64,6,NM,1,2,0.6873583002015948,0.452530799433589,0.4525625007227063
20260911_131106_302206,3,64,6,NM,1,3,0.7024563001468778,0.45990619994699955,0.45993539970368147
20260911_131106_302206,3,64,6,NM,1,4,0.698760500177741,0.4485903000459075,0.44861709978431463
20260911_131106_302206,3,64,6,NM,1,5,0.6768170995637774,0.4616417996585369,0.4616834996268153
20260911_131106_302206,3,64,6,NM,1,6,0.6945759002119303,0.46404469944536686,0.4640736998990178
20260911_131106_302206,3,64,6,NM,1,7,0.7209964003413916,0.45855220034718513,0.4585831006988883
20260911_131106_302206,3,64,6,NM,1,8,0.6973869996145368,0.4551525004208088,0.45518190041184425
20260911_131106_302206,3,64,6,NM,1,9,0.7008424997329712,0.45688380021601915,0.4569121999666095
20260911_131106_302206,3,64,6,NM,1,10,0.7057778993621469,0.4507305007427931,0.45076069980859756
20260911_131106_302206,3,64,6,NM,1,11,0.7229043999686837,0.456856700591743,0.45689080003648996
20260911_131106_302206,3,64,6,NM,1,12,0.6836133003234863,0.4494801005348563,0.4495146991685033
20260911_131106_302206,3,64,6,NM,1,13,0.6949799004942179,0.4542254004627466,0.4542547995224595
20260911_131106_302206,3,64,6,NM,1,14,0.6970399999991059,0.4594251001253724,0.459455200470984
20260911_131106_302206,3,64,6,NM,1,15,0.7191812004894018,0.4512118995189667,0.4512426005676389
20260911_131106_302206,3,64,6,NM,1,16,0.7052028998732567,0.45701560005545616,0.45705930050462484
20260911_131106_302206,3,64,6,NM,1,17,0.6972558004781604,0.48259870056062937,0.48263819981366396
20260911_131106_302206,3,64,6,NM,1,18,0.7438848996534944,0.47179900016635656,0.4718336006626487
20260911_131106_302206,3,64,6,NM,1,19,0.749210299924016,0.48374809976667166,0.48378000035881996
20260911_131106_302206,3,64,6,NM,1,20,0.7032342003658414,0.46385159995406866,0.46389149967581034
20260911_131106_302206,3,64,6,NM,1,21,0.7082190001383424,0.47246870025992393,0.4725151006132364
20260911_131106_302206,3,64,6,NM,1,22,0.7084445999935269,0.4622977999970317,0.46233020070940256
20260911_131106_302206,3,64,6,NM,1,23,0.71016959939152,0.4607492992654443,0.4607783993706107
20260911_131106_302206,3,64,6,NM,1,24,0.696573399938643,0.4549911003559828,0.45502019952982664
20260911_131106_302206,3,64,6,NM,1,25,0.7209185995161533,0.4545531002804637,0.4545855997130275
20260911_131106_302206,3,64,6,NM,1,26,0.7083294996991754,0.46930009964853525,0.4693310000002384
20260911_131106_302206,3,64,6,NM,1,27,0.68076610006392,0.46796400006860495,0.46799319982528687
20260911_131106_302206,3,64,6,NM,1,28,0.7067948002368212,0.46852830052375793,0.4685573000460863
20260911_131106_302206,3,64,6,NM,1,29,0.6892774002626538,0.46496450062841177,0.46499389968812466
20260911_131106_302206,3,64,6,NM,1,30,0.6994534004479647,0.4531878996640444,0.453222100622952
20260911_131106_302206,3,64,6,NM,1,31,0.7049731994047761,0.4757252000272274,0.4757536007091403
20260911_131106_302206,3,64,6,NM,1,32,0.7299424996599555,0.4660711996257305,0.4660992994904518
20260911_131106_302206,3,64,6,NM,1,33,0.7191016003489494,0.49144519958645105,0.49147449992597103
20260911_131106_302206,3,64,6,NM,1,34,0.7395730996504426,0.47217420022934675,0.4722059005871415
20260911_131106_302206,3,64,6,NM,1,35,0.7380502996966243,0.4925982002168894,0.49262950010597706
20260911_131106_302206,3,64,6,NM,1,36,0.7585014998912811,0.48568900022655725,0.48571860045194626
20260911_131106_302206,3,64,6,NM,1,37,0.721726399846375,0.47265269979834557,0.47268310002982616
20260911_131106_302206,3,64,6,NM,1,38,0.7128373002633452,0.46233109943568707,0.46236229967325926
20260911_131106_302206,3,64,6,NM,1,39,0.7024090001359582,0.4653626997023821,0.46539860032498837
20260911_131106_302206,3,64,6,NM,1,40,0.7280906997621059,0.47962250001728535,0.47965870052576065
20260911_131106_302206,3,64,6,NM,1,41,0.7148482007905841,0.46087569929659367,0.460916000418365
20260911_131106_302206,3,64,6,NM,1,42,0.6980098998174071,0.46401579957455397,0.4640456000342965
20260911_131106_302206,3,64,6,NM,1,43,0.7031516004353762,0.4747097995132208,0.47473870031535625
20260911_131106_302206,3,64,6,NM,1,44,0.7035109996795654,0.48402079939842224,0.4840492997318506
20260911_131106_302206,3,64,6,NM,1,45,0.7650393005460501,0.5075955996289849,0.5076411999762058
20260911_131106_302206,3,64,6,NM,1,46,0.7101253001019359,0.46931800059974194,0.4693459998816252
20260911_131106_302206,3,64,6,NM,1,47,0.7069258997216821,0.46882160007953644,0.4688501004129648
20260911_131106_302206,3,64,6,NM,1,48,0.7094525992870331,0.47462240047752857,0.47466269973665476
20260911_131106_302206,3,64,6,NM,1,49,0.7068790001794696,0.46399160008877516,0.46401990018785
20260911_131106_302206,3,64,6,NM,1,50,0.712546699680388,0.45461460016667843,0.45464570075273514
20260911_131106_302206,3,64,6,NM,1,51,0.7001404007896781,0.5038260007277131,0.5038569001480937
20260911_131106_302206,3,64,6,NM,1,52,0.7446830999106169,0.4561629993841052,0.45620559994131327
20260911_131106_302206,3,64,6,NM,1,53,0.7085697995498776,0.4640671005472541,0.46409340016543865
20260911_131106_302206,3,64,6,NM,1,54,0.6916012996807694,0.4626514008268714,0.4626839002594352
20260911_131106_302206,3,64,6,NM,1,55,0.7050404995679855,0.4624950001016259,0.4625230999663472
20260911_131106_302206,3,64,6,NM,1,56,0.7043960001319647,0.46426070015877485,0.4643108993768692
20260911_131106_302206,3,64,6,NM,1,57,0.700603699311614,0.467242700047791,0.4672699999064207
20260911_131106_302206,3,64,6,NM,1,58,0.7059231996536255,0.4674019003286958,0.4674331992864609
20260911_131106_302206,3,64,6,NM,1,59,0.7109422003850341,0.45950450003147125,0.4595336001366377
20260911_131106_302206,3,64,6,NM,1,60,0.7010868992656469,0.46860590018332005,0.4686357006430626
20260911_131106_302206,3,64,6,NM,1,61,0.6966738998889923,0.4662389000877738,0.4662724006921053
20260911_131106_302206,3,64,6,NM,1,62,0.7053108001127839,0.45327370055019855,0.45330579951405525
20260911_131106_302206,3,64,6,NM,1,63,0.7515761004760861,0.47712659928947687,0.47715939953923225
20260911_131106_302206,3,64,6,M,2,0,0.9145098002627492,0.48406510055065155,0.48409400042146444
20260911_131106_302206,3,64,6,M,2,1,0.9445593003183603,0.4636548003181815,0.46368710044771433
20260911_131106_302206,3,64,6,M,2,2,0.9025277001783252,0.4906798005104065,0.49070809967815876
20260911_131106_302206,3,64,6,M,2,3,0.9223007000982761,0.4927981002256274,0.49282609950751066
20260911_131106_302206,3,64,6,M,2,4,0.928660299628973,0.48876679968088865,0.4887970006093383
20260911_131106_302206,3,64,6,M,2,5,0.9171257996931672,0.47193310037255287,0.4719630992040038
20260911_131106_302206,3,64,6,M,2,6,0.9083051001653075,0.48781129997223616,0.48784289974719286
20260911_131106_302206,3,64,6,M,2,7,0.9120126003399491,0.5052983006462455,0.5053303996101022
20260911_131106_302206,3,64,6,M,2,8,0.9125701002776623,0.4861166998744011,0.48614689987152815
20260911_131106_302206,3,64,6,M,2,9,0.8909104000777006,0.4798714006319642,0.47990440018475056
20260911_131106_302206,3,64,6,M,2,10,0.8911728002130985,0.4688712004572153,0.46889919973909855
20260911_131106_302206,3,64,6,M,2,11,0.8754334002733231,0.4594141999259591,0.45944359991699457
20260911_131106_302206,3,64,6,M,2,12,0.9021746991202235,0.48295759968459606,0.48298570048063993
20260911_131106_302206,3,64,6,M,2,13,0.9249878004193306,0.48854999989271164,0.48859400022774935
20260911_131106_302206,3,64,6,M,2,14,0.9405170995742083,0.4953712997958064,0.4954055994749069
20260911_131106_302206,3,64,6,M,2,15,0.9087630994617939,0.4778891000896692,0.477933700196445
20260911_131106_302206,3,64,6,M,2,16,0.9426338002085686,0.5078535005450249,0.507897200062871
20260911_131106_302206,3,64,6,M,2,17,0.9021810991689563,0.4869313007220626,0.4869593996554613
20260911_131106_302206,3,64,6,M,2,18,0.9022131999954581,0.4816041998565197,0.481632299721241
20260911_131106_302206,3,64,6,M,2,19,0.9142273999750614,0.49291030038148165,0.4929375993087888
20260911_131106_302206,3,64,6,M,2,20,0.935486700385809,0.5031163999810815,0.503145799972117
20260911_131106_302206,3,64,6,M,2,21,0.9354921001940966,0.49582120031118393,0.4958497006446123
20260911_131106_302206,3,64,6,M,2,22,0.8951075999066234,0.4630173007026315,0.46305929962545633
20260911_131106_302206,3,64,6,M,2,23,0.8831810001283884,0.4839196000248194,0.4839487997815013
20260911_131106_302206,3,64,6,M,2,24,0.9019729997962713,0.49456570018082857,0.49459620006382465
20260911_131106_302206,3,64,6,M,2,25,0.9246096005663276,0.49540860019624233,0.4954383000731468
20260911_131106_302206,3,64,6,M,2,26,0.9349461002275348,0.4925754005089402,0.4926046999171376
20260911_131106_302206,3,64,6,M,2,27,0.8894477998837829,0.4855613997206092,0.485588900744915
20260911_131106_302206,3,64,6,M,2,28,0.8925435999408364,0.4821485001593828,0.4821809995919466
20260911_131106_302206,3,64,6,M,2,29,0.8900247998535633,0.4932333007454872,0.49327229987829924
20260911_131106_302206,3,64,6,M,2,30,0.8890925003215671,0.468801099807024,0.4688427001237869
20260911_131106_302206,3,64,6,M,2,31,0.9055884005501866,0.49615219980478287,0.4961802000179887
20260911_131106_302206,3,64,6,M,2,32,1.0331669999286532,0.4970684004947543,0.49709950014948845
20260911_131106_302206,3,64,6,M,2,33,0.9396136002615094,0.5040349001064897,0.5040640002116561
20260911_131106_302206,3,64,6,M,2,34,0.9187332997098565,0.49150670040398836,0.4915386000648141
20260911_131106_302206,3,64,6,M,2,35,0.9423182001337409,0.4887380003929138,0.48876670002937317
20260911_131106_302206,3,64,6,M,2,36,0.9364688005298376,0.4947878001257777,0.4948178008198738
20260911_131106_302206,3,64,6,M,2,37,0.9023561999201775,0.4991576997563243,0.4991880999878049
20260911_131106_302206,3,64,6,M,2,38,0.926554000005126,0.49295019917190075,0.4929798003286123
20260911_131106_302206,3,64,6,M,2,39,0.9366112994030118,0.4931022999808192,0.4931375999003649
20260911_131106_302206,3,64,6,M,2,40,0.9048851002007723,0.5077510001137853,0.507783499546349
20260911_131106_302206,3,64,6,M,2,41,0.9215094996616244,0.4807789996266365,0.4808077998459339
20260911_131106_302206,3,64,6,M,2,42,0.9158863006159663,0.4892015000805259,0.4892302993685007
20260911_131106_302206,3,64,6,M,2,43,0.9051558999344707,0.4950067000463605,0.49503610003739595
20260911_131106_302206,3,64,6,M,2,44,0.9377863993868232,0.4955738000571728,0.4956067996099591
20260911_131106_302206,3,64,6,M,2,45,0.9263899000361562,0.4965650998055935,0.49659889936447144
20260911_131106_302206,3,64,6,M,2,46,0.9010310005396605,0.4966227998957038,0.49665880016982555
20260911_131106_302206,3,64,6,M,2,47,0.9281671000644565,0.5034172004088759,0.5034456001594663
20260911_131106_302206,3,64,6,M,2,48,0.9484384004026651,0.4909525001421571,0.49098700005561113
20260911_131106_302206,3,64,6,M,2,49,0.910025299526751,0.5148575995117426,0.514886999502778
20260911_131106_302206,3,64,6,M,2,50,0.9260306004434824,0.497834499925375,0.4978633997961879
20260911_131106_302206,3,64,6,M,2,51,0.9385112002491951,0.4926378997042775,0.4926672000437975
20260911_131106_302206,3,64,6,M,2,52,0.9124769000336528,0.5007092002779245,0.5007395995780826
20260911_131106_302206,3,64,6,M,2,53,0.9599117999896407,0.5198180004954338,0.5198464998975396
20260911_131106_302206,3,64,6,M,2,54,0.9443971002474427,0.4932128004729748,0.4932428998872638
20260911_131106_302206,3,64,6,M,2,55,0.9044389007613063,0.4950382998213172,0.4950683992356062
20260911_131106_302206,3,64,6,M,2,56,0.9414491001516581,0.49460630025714636,0.49463870003819466
20260911_131106_302206,3,64,6,M,2,57,0.9415719006210566,0.5024292999878526,0.5025031007826328
20260911_131106_302206,3,64,6,M,2,58,0.9184224000200629,0.5017685992643237,0.5017965007573366
20260911_131106_302206,3,64,6,M,2,59,0.942204499617219,0.504003900103271,0.5040344996377826
20260911_131106_302206,3,64,6,M,2,60,0.9394981004297733,0.49553999956697226,0.49556920025497675
20260911_131106_302206,3,64,6,M,2,61,0.9218837004154921,0.5025924006476998,0.5026250993832946
20260911_131106_302206,3,64,6,M,2,62,0.9388258000835776,0.5209900997579098,0.5210202001035213
20260911_131106_302206,3,64,6,M,2,63,0.9467428000643849,0.48620389960706234,0.48623469937592745
20260911_131106_302206,3,128,7,NM,1,0,0.6631535002961755,0.4501603003591299,0.4501891005784273
20260911_131106_302206,3,128,7,NM,1,1,0.68258719984442,0.4352564001455903,0.4352829996496439
20260911_131106_302206,3,128,7,NM,1,2,0.6852850997820497,0.4457957996055484,0.4458250002935529
20260911_131106_302206,3,128,7,NM,1,3,0.6874267002567649,0.4516874998807907,0.45171579997986555
20260911_131106_302206,3,128,7,NM,1,4,0.6808130005374551,0.4535290999338031,0.4535574996843934
20260911_131106_302206,3,128,7,NM,1,5,0.6846301993355155,0.4530700007453561,0.45312090031802654
20260911_131106_302206,3,128,7,NM,1,6,0.6966519998386502,0.4616323998197913,0.4616620996966958
20260911_131106_302206,3,128,7,NM,1,7,0.694170099683106,0.46685289964079857,0.46688020043075085
20260911_131106_302206,3,128,7,NM,1,8,0.6888694996014237,0.4604955995455384,0.4605300994589925
20260911_131106_302206,3,128,7,NM,1,9,0.7265854999423027,0.48392780032008886,0.4839570000767708
20260911_131106_302206,3,128,7,NM,1,10,2.078069499693811,5.158256500028074,5.158286400139332
20260911_131106_302206,3,128,7,NM,1,11,1.1114787999540567,0.4852146003395319,0.4852427998557687
20260911_131106_302206,3,128,7,NM,1,12,0.7489999001845717,0.48884399980306625,0.48889789916574955
20260911_131106_302206,3,128,7,NM,1,13,0.7684523994103074,0.4954805001616478,0.49550710059702396
20260911_131106_302206,3,128,7,NM,1,14,0.7539809998124838,0.4964290000498295,0.4964597998186946
20260911_131106_302206,3,128,7,NM,1,15,0.7872114004567266,0.5074908994138241,0.5075227003544569
20260911_131106_302206,3,128,7,NM,1,16,0.7888107998296618,0.490344999358058,0.49037939961999655
20260911_131106_302206,3,128,7,NM,1,17,0.7536880001425743,0.5095252003520727,0.5095555996522307
20260911_131106_302206,3,128,7,NM,1,18,0.7525872001424432,0.5121404994279146,0.5121745001524687
20260911_131106_302206,3,128,7,NM,1,19,0.7686549993231893,0.510449199937284,0.5104822004213929
20260911_131106_302206,3,128,7,NM,1,20,0.7658232003450394,0.5155092002823949,0.5155461998656392
20260911_131106_302206,3,128,7,NM,1,21,0.7823262000456452,0.5056139007210732,0.5056440001353621
20260911_131106_302206,3,128,7,NM,1,22,0.773802200332284,0.5041273003444076,0.5041666999459267
20260911_131106_302206,3,128,7,NM,1,23,0.7738653002306819,0.5060730995610356,0.5061052991077304
20260911_131106_302206,3,128,7,NM,1,24,0.774337999522686,0.5219274004921317,0.5219674995169044
20260911_131106_302206,3,128,7,NM,1,25,0.7744597997516394,0.49479509983211756,0.49482559971511364
20260911_131106_302206,3,128,7,NM,1,26,0.7729588001966476,0.5043972004204988,0.5044277999550104
20260911_131106_302206,3,128,7,NM,1,27,0.7628276003524661,0.5207144999876618,0.5207473998889327
20260911_131106_302206,3,128,7,NM,1,28,0.7853154996410012,0.5085378997027874,0.5085658002644777
20260911_131106_302206,3,128,7,NM,1,29,0.7888595005497336,0.5048879003152251,0.5049208998680115
20260911_131106_302206,3,128,7,NM,1,30,0.7622991995885968,0.5036251004785299,0.5036575999110937
20260911_131106_302206,3,128,7,NM,1,31,0.7785334996879101,0.5125433001667261,0.5125789996236563
20260911_131106_302206,3,128,7,NM,1,32,0.7991072004660964,0.5732223000377417,0.5732607003301382
20260911_131106_302206,3,128,7,NM,1,33,0.7868363000452518,0.5122485002502799,0.5122803999111056
20260911_131106_302206,3,128,7,NM,1,34,0.7854075999930501,0.5106461998075247,0.5106899002566934
20260911_131106_302206,3,128,7,NM,1,35,0.798200000077486,0.5144554991275072,0.5144843999296427
20260911_131106_302206,3,128,7,NM,1,36,0.7880788007751107,0.5098667005077004,0.509897000156343
20260911_131106_302206,3,128,7,NM,1,37,0.7831592997536063,0.516359499655664,0.5163891995325685
20260911_131106_302206,3,128,7,NM,1,38,0.7911838004365563,0.5253363000229001,0.525369799695909
20260911_131106_302206,3,128,7,NM,1,39,0.7960212994366884,0.5301529001444578,0.5301940003409982
20260911_131106_302206,3,128,7,NM,1,40,0.7883799001574516,0.5316112991422415,0.5316412998363376
20260911_131106_302206,3,128,7,NM,1,41,0.7996033001691103,0.5213168999180198,0.5213470002636313
20260911_131106_302206,3,128,7,NM,1,42,0.7783703999593854,0.5191948004066944,0.519229800440371
20260911_131106_302206,3,128,7,NM,1,43,0.7893939996138215,0.514864300377667,0.5148958005011082
20260911_131106_302206,3,128,7,NM,1,44,0.8121330998837948,0.5210948996245861,0.5211247000843287
20260911_131106_302206,3,128,7,NM,1,45,0.7940751994028687,0.5205690003931522,0.5205991994589567
20260911_131106_302206,3,128,7,NM,1,46,0.8366237999871373,0.5209887996315956,0.5210278993472457
20260911_131106_302206,3,128,7,NM,1,47,0.7565906997770071,0.5060638999566436,0.5060916002839804
20260911_131106_302206,3,128,7,NM,1,48,0.7499418007209897,0.49691359978169203,0.4969429997727275
20260911_131106_302206,3,128,7,NM,1,49,0.7515514995902777,0.48351489938795567,0.48354379925876856
20260911_131106_302206,3,128,7,NM,1,50,0.7413453003391623,0.4763998994603753,0.4764290004968643
20260911_131106_302206,3,128,7,NM,1,51,0.7361653996631503,0.49376939982175827,0.4937977995723486
20260911_131106_302206,3,128,7,NM,1,52,0.7391481995582581,0.49471369944512844,0.4947464996948838
20260911_131106_302206,3,128,7,NM,1,53,0.7671950999647379,0.48731689993292093,0.48734879959374666
20260911_131106_302206,3,128,7,NM,1,54,0.755944499745965,0.49719180073589087,0.497223200276494
20260911_131106_302206,3,128,7,NM,1,55,0.7559593999758363,0.4737414000555873,0.47377110086381435
20260911_131106_302206,3,128,7,NM,1,56,0.7291323002427816,0.48831700067967176,0.48834959976375103
20260911_131106_302206,3,128,7,NM,1,57,0.7342917993664742,0.47631220053881407,0.47634249925613403
20260911_131106_302206,3,128,7,NM,1,58,0.7218053005635738,0.47655180003494024,0.4765788996592164
20260911_131106_302206,3,128,7,NM,1,59,0.7222394002601504,0.48305479995906353,0.4830833999440074
20260911_131106_302206,3,128,7,NM,1,60,0.7281114999204874,0.47042320016771555,0.4704659003764391
20260911_131106_302206,3,128,7,NM,1,61,0.7349308002740145,0.4877164997160435,0.48774929996579885
20260911_131106_302206,3,128,7,NM,1,62,0.7581842998042703,0.49867780040949583,0.49870700016617775
20260911_131106_302206,3,128,7,NM,1,63,0.7443511001765728,0.49303789995610714,0.4930661004036665
20260911_131106_302206,3,128,7,NM,1,64,0.740663199685514,0.46626520063728094,0.466295899823308
20260911_131106_302206,3,128,7,NM,1,65,0.7231014994904399,0.47542780078947544,0.4754564994946122
20260911_131106_302206,3,128,7,NM,1,66,0.7292778994888067,0.48790680058300495,0.48793770000338554
20260911_131106_302206,3,128,7,NM,1,67,0.7237663995474577,0.46403679996728897,0.4640651000663638
20260911_131106_302206,3,128,7,NM,1,68,0.7174140000715852,0.4628156004473567,0.4628464998677373
20260911_131106_302206,3,128,7,NM,1,69,0.7141923001036048,0.4837876996025443,0.4838153999298811
20260911_131106_302206,3,128,7,NM,1,70,0.6993600996211171,0.47133809980005026,0.47136509977281094
20260911_131106_302206,3,128,7,NM,1,71,0.7385029997676611,0.49375019967556,0.4937845002859831
20260911_131106_302206,3,128,7,NM,1,72,0.7747913999482989,0.49310250021517277,0.49313060007989407
20260911_131106_302206,3,128,7,NM,1,73,0.8060096995905042,0.519110900349915,0.5191484000533819
20260911_131106_302206,3,128,7,NM,1,74,0.7479541003704071,0.4772663991898298,0.4772961996495724
20260911_131106_302206,3,128,7,NM,1,75,0.7169961994513869,0.4736618995666504,0.47369119990617037
20260911_131106_302206,3,128,7,NM,1,76,0.7274770997464657,0.46803499944508076,0.46806800086051226
20260911_131106_302206,3,128,7,NM,1,77,0.7297588000074029,0.4730340000241995,0.47307509928941727
20260911_131106_302206,3,128,7,NM,1,78,0.7220274992287159,0.49263540003448725,0.49266690015792847
20260911_131106_302206,3,128,7,NM,1,79,0.740794500336051,0.49749219976365566,0.49752150010317564
20260911_131106_302206,3,128,7,NM,1,80,0.7488682996481657,0.5662799999117851,0.5663141002878547
20260911_131106_302206,3,128,7,NM,1,81,0.8427909994497895,0.4856124995276332,0.48564380034804344
20260911_131106_302206,3,128,7,NM,1,82,0.7360570002347231,0.48713550064712763,0.48716779984533787
20260911_131106_302206,3,128,7,NM,1,83,0.7449284000322223,0.5375426998361945,0.5375733003020287
20260911_131106_302206,3,128,7,NM,1,84,0.7939007999375463,0.5126634994521737,0.5126932999119163
20260911_131106_302206,3,128,7,NM,1,85,0.7940569994971156,0.5379761001095176,0.5380062004551291
20260911_131106_302206,3,128,7,NM,1,86,0.758560499176383,0.4814204005524516,0.48144990019500256
20260911_131106_302206,3,128,7,NM,1,87,0.7326788995414972,0.4773464994505048,0.47737669944763184
20260911_131106_302206,3,128,7,NM,1,88,0.7295743003487587,0.4847493004053831,0.48477999959141016
20260911_131106_302206,3,128,7,NM,1,89,0.727568699978292,0.4770939005538821,0.4771217992529273
20260911_131106_302206,3,128,7,NM,1,90,0.7153997998684645,0.4864266002550721,0.48645699955523014
20260911_131106_302206,3,128,7,NM,1,91,0.7085059005767107,0.46888559963554144,0.4689145004376769
20260911_131106_302206,3,128,7,NM,1,92,0.7195436004549265,0.4747194005176425,0.4747470999136567
20260911_131106_302206,3,128,7,NM,1,93,0.716923899948597,0.45945070032030344,0.4594804001972079
20260911_131106_302206,3,128,7,NM,1,94,0.7154218005016446,0.4787031998857856,0.47873140033334494
20260911_131106_302206,3,128,7,NM,1,95,0.7662193002179265,0.47903599962592125,0.47906909976154566
20260911_131106_302206,3,128,7,NM,1,96,0.7143877996131778,0.4701117994263768,0.47014159988611937
20260911_131106_302206,3,128,7,NM,1,97,0.7208887999877334,0.46772880014032125,0.46775649953633547
20260911_131106_302206,3,128,7,NM,1,98,0.7274781996384263,0.46732879988849163,0.4673592997714877
20260911_131106_302206,3,128,7,NM,1,99,0.7159430999308825,0.46870299987494946,0.4687319006770849
20260911_131106_302206,3,128,7,NM,1,100,0.7299265004694462,0.4642558004707098,0.4642858998849988
20260911_131106_302206,3,128,7,NM,1,101,0.7215334000065923,0.49221809953451157,0.492247499525547
20260911_131106_302206,3,128,7,NM,1,102,0.6992683997377753,0.4754638001322746,0.475496300496161
20260911_131106_302206,3,128,7,NM,1,103,0.7217725999653339,0.46498019993305206,0.46503249928355217
20260911_131106_302206,3,128,7,NM,1,104,0.7113248994573951,0.4633619002997875,0.4633915005251765
20260911_131106_302206,3,128,7,NM,1,105,0.7199859991669655,0.4681222001090646,0.46815070044249296
20260911_131106_302206,3,128,7,NM,1,106,0.7201582994312048,0.4721844997256994,0.47221839986741543
20260911_131106_302206,3,128,7,NM,1,107,0.7042811000719666,0.4736517006531358,0.4736808994784951
20260911_131106_302206,3,128,7,NM,1,108,0.7094286000356078,0.4722965005785227,0.47233380004763603
20260911_131106_302206,3,128,7,NM,1,109,0.7198278000578284,0.4679247001186013,0.46795350033789873
20260911_131106_302206,3,128,7,NM,1,110,0.713939799927175,0.4746449999511242,0.47467289958149195
20260911_131106_302206,3,128,7,NM,1,111,0.736901099793613,0.45639169961214066,0.45641930028796196
20260911_131106_302206,3,128,7,NM,1,112,0.7151712002232671,0.4770161993801594,0.47704620007425547
20260911_131106_302206,3,128,7,NM,1,113,0.7152249002829194,0.46837220061570406,0.46840120013803244
20260911_131106_302206,3,128,7,NM,1,114,0.7129990002140403,0.4689472997561097,0.46897959988564253
20260911_131106_302206,3,128,7,NM,1,115,0.7274072002619505,0.46568140015006065,0.46571139991283417
20260911_131106_302206,3,128,7,NM,1,116,0.7240899000316858,0.4680328005924821,0.4680625991895795
20260911_131106_302206,3,128,7,NM,1,117,0.7078774999827147,0.46284320019185543,0.46287249960005283
20260911_131106_302206,3,128,7,NM,1,118,0.7222019005566835,0.4695845991373062,0.46961329970508814
20260911_131106_302206,3,128,7,NM,1,119,0.7128982003778219,0.46251130010932684,0.46253889985382557
20260911_131106_302206,3,128,7,NM,1,120,0.7152013005688787,0.47445639967918396,0.4744867002591491
20260911_131106_302206,3,128,7,NM,1,121,0.7195873996242881,0.4776333998888731,0.47766249999403954
20260911_131106_302206,3,128,7,NM,1,122,0.7155634993687272,0.4689827002584934,0.46901100035756826
20260911_131106_302206,3,128,7,NM,1,123,0.7122117998078465,0.4674220997840166,0.46745180059224367
20260911_131106_302206,3,128,7,NM,1,124,0.709404700435698,0.46697069983929396,0.4670002004131675
20260911_131106_302206,3,128,7,NM,1,125,0.7022633999586105,0.4619217999279499,0.46195160038769245
20260911_131106_302206,3,128,7,NM,1,126,0.7284166999161243,0.4679739000275731,0.46800300013273954
20260911_131106_302206,3,128,7,NM,1,127,0.7255346002057195,0.4636626997962594,0.4636927992105484
20260911_131106_302206,3,128,7,M,2,0,0.9423861000686884,0.48398869950324297,0.48401520028710365
20260911_131106_302206,3,128,7,M,2,1,0.9450441999360919,0.4854430006816983,0.485474000684917
20260911_131106_302206,3,128,7,M,2,2,0.9315120000392199,0.4872375996783376,0.48727010004222393
20260911_131106_302206,3,128,7,M,2,3,0.9422784000635147,0.49100999999791384,0.49104349967092276
20260911_131106_302206,3,128,7,M,2,4,0.9458544002845883,0.48819189984351397,0.48823050037026405
20260911_131106_302206,3,128,7,M,2,5,0.9356412999331951,0.49501650035381317,0.4950473001226783
20260911_131106_302206,3,128,7,M,2,6,0.9115957003086805,0.4970166999846697,0.49704529996961355
20260911_131106_302206,3,128,7,M,2,7,0.9345746003091335,0.49238820001482964,0.49241700023412704
20260911_131106_302206,3,128,7,M,2,8,0.9173432998359203,0.4952913001179695,0.4953225003555417
20260911_131106_302206,3,128,7,M,2,9,0.9258753005415201,0.48029959946870804,0.4803344998508692
20260911_131106_302206,3,128,7,M,2,10,0.955536300316453,0.49283429980278015,0.49286310002207756
20260911_131106_302206,3,128,7,M,2,11,0.9466167995706201,0.517938400618732,0.5179716004058719
20260911_131106_302206,3,128,7,M,2,12,0.9343152996152639,0.48742169979959726,0.4874522006139159
20260911_131106_302206,3,128,7,M,2,13,0.9336136002093554,0.4877755995839834,0.48780620004981756
20260911_131106_302206,3,128,7,M,2,14,0.9358219001442194,0.4990269998088479,0.4990574000403285
20260911_131106_302206,3,128,7,M,2,15,0.9012617999687791,0.48909350018948317,0.4891229001805186
20260911_131106_302206,3,128,7,M,2,16,0.9444279996678233,0.48816739954054356,0.4881969001144171
20260911_131106_302206,3,128,7,M,2,17,0.9614999005571008,0.49443789944052696,0.4944719998165965
20260911_131106_302206,3,128,7,M,2,18,0.9320979993790388,0.5126698007807136,0.5126997996121645
20260911_131106_302206,3,128,7,M,2,19,0.9507226999849081,0.499117199331522,0.49914610013365746
20260911_131106_302206,3,128,7,M,2,20,0.9529101997613907,0.4953935006633401,0.49542499985545874
20260911_131106_302206,3,128,7,M,2,21,0.9261218998581171,0.49554430041462183,0.4955740002915263
20260911_131106_302206,3,128,7,M,2,22,0.9457532996311784,0.48630630038678646,0.4863346004858613
20260911_131106_302206,3,128,7,M,2,23,1.0118318004533648,0.5048408005386591,0.504870499484241
20260911_131106_302206,3,128,7,M,2,24,0.9307094002142549,0.4873609999194741,0.48739439994096756
20260911_131106_302206,3,128,7,M,2,25,0.9491910999640822,0.49278900027275085,0.49281830061227083
20260911_131106_302206,3,128,7,M,2,26,0.9683785000815988,0.4946942999958992,0.4947238005697727
20260911_131106_302206,3,128,7,M,2,27,0.9549409002065659,0.5051392996683717,0.5051699997857213
20260911_131106_302206,3,128,7,M,2,28,0.9784866999834776,0.49657650012522936,0.49660840071737766
20260911_131106_302206,3,128,7,M,2,29,0.9675849992781878,0.5117807993665338,0.5118093993514776
20260911_131106_302206,3,128,7,M,2,30,0.9261214006692171,0.489915800280869,0.4899447998031974
20260911_131106_302206,3,128,7,M,2,31,0.9507694998756051,0.49564530048519373,0.49567370023578405
20260911_131106_302206,3,128,7,M,2,32,0.941924300044775,0.4990972997620702,0.4991306997835636
20260911_131106_302206,3,128,7,M,2,33,0.9020483996719122,0.4925685003399849,0.49259569961577654
20260911_131106_302206,3,128,7,M,2,34,0.9540190007537603,0.4916695998981595,0.49170210026204586
20260911_131106_302206,3,128,7,M,2,35,0.9515579994767904,0.5044275000691414,0.504458099603653
20260911_131106_302206,3,128,7,M,2,36,0.9186257002875209,0.5378996999934316,0.5379420993849635
20260911_131106_302206,3,128,7,M,2,37,0.9556563999503851,0.4916611993685365,0.49169120006263256
20260911_131106_302206,3,128,7,M,2,38,0.9451665999367833,0.4954240992665291,0.495456600561738
20260911_131106_302206,3,128,7,M,2,39,0.9245662996545434,0.5045616002753377,0.5045925006270409
20260911_131106_302206,3,128,7,M,2,40,0.9478242006152868,0.5081201996654272,0.5081513999029994
20260911_131106_302206,3,128,7,M,2,41,0.9433586997911334,0.5101712998002768,0.5102001996710896
20260911_131106_302206,3,128,7,M,2,42,0.9122403999790549,0.4970919005572796,0.4971198998391628
20260911_131106_302206,3,128,7,M,2,43,0.9499387005344033,0.5001200996339321,0.500148399733007
20260911_131106_302206,3,128,7,M,2,44,0.95606379956007,0.4888952001929283,0.4889264004305005
20260911_131106_302206,3,128,7,M,2,45,0.9136478006839752,0.49454940017312765,0.49457859992980957
20260911_131106_302206,3,128,7,M,2,46,0.9628197001293302,0.49649739917367697,0.4965264992788434
20260911_131106_302206,3,128,7,M,2,47,0.946828699670732,0.51047039963305,0.5104996999725699
20260911_131106_302206,3,128,7,M,2,48,0.9222833998501301,0.4885088996961713,0.48854300007224083
20260911_131106_302206,3,128,7,M,2,49,0.9569605998694897,0.491223799996078,0.4912570994347334
20260911_131106_302206,3,128,7,M,2,50,0.9555353997275233,0.5216932995244861,0.5217202994972467
20260911_131106_302206,3,128,7,M,2,51,0.9191698003560305,0.49273019935935736,0.49275869969278574
20260911_131106_302206,3,128,7,M,2,52,0.9563287999480963,0.5063904998824,0.5064209997653961
20260911_131106_302206,3,128,7,M,2,53,0.9316932996734977,0.4835142996162176,0.4835454998537898
20260911_131106_302206,3,128,7,M,2,54,0.9386816993355751,0.4971889005973935,0.49721800070255995
20260911_131106_302206,3,128,7,M,2,55,0.9497087001800537,0.4917390001937747,0.49176849983632565
20260911_131106_302206,3,128,7,M,2,56,0.9528510002419353,0.5039718998596072,0.5040016993880272
20260911_131106_302206,3,128,7,M,2,57,0.9166707992553711,0.49697390012443066,0.4970017997547984
20260911_131106_302206,3,128,7,M,2,58,0.9544255994260311,0.5020074993371964,0.5020372997969389
20260911_131106_302206,3,128,7,M,2,59,0.951112000271678,0.4961684998124838,0.4962031999602914
20260911_131106_302206,3,128,7,M,2,60,0.928761400282383,0.491503800265491,0.49153370037674904
20260911_131106_302206,3,128,7,M,2,61,0.9626882001757622,0.5046672997996211,0.5047025997191668
20260911_131106_302206,3,128,7,M,2,62,0.9572641998529434,0.4924881001934409,0.49251960031688213
20260911_131106_302206,3,128,7,M,2,63,0.9453788995742798,0.4995867991819978,0.4996190005913377
20260911_131106_302206,3,128,7,M,2,64,0.9740732992067933,0.5050529995933175,0.5050850994884968
20260911_131106_302206,3,128,7,M,2,65,1.0433112997561693,0.5234491992741823,0.5234874999150634
20260911_131106_302206,3,128,7,M,2,66,0.9906072998419404,0.5056277001276612,0.5056630000472069
20260911_131106_302206,3,128,7,M,2,67,0.9586205994710326,0.5066697001457214,0.5067015998065472
20260911_131106_302206,3,128,7,M,2,68,0.9571309005841613,0.5179318999871612,0.5180502999573946
20260911_131106_302206,3,128,7,M,2,69,0.9619948994368315,0.4993284000083804,0.4993615001440048
20260911_131106_302206,3,128,7,M,2,70,0.9823622005060315,0.5046983994543552,0.504729300737381
20260911_131106_302206,3,128,7,M,2,71,0.9569528000429273,0.5126963993534446,0.5127280997112393
20260911_131106_302206,3,128,7,M,2,72,0.9483810001984239,0.49480440001934767,0.49484310019761324
20260911_131106_302206,3,128,7,M,2,73,0.9819403998553753,0.5004477994516492,0.5004933001473546
20260911_131106_302206,3,128,7,M,2,74,0.9698163000866771,0.5022366000339389,0.5022691003978252
20260911_131106_302206,3,128,7,M,2,75,0.9496018001809716,0.47566379979252815,0.4757241001352668
20260911_131106_302206,3,128,7,M,2,76,0.9726124992594123,0.48837560042738914,0.4884069999679923
20260911_131106_302206,3,128,7,M,2,77,0.9774261005222797,0.5003899000585079,0.5004217997193336
20260911_131106_302206,3,128,7,M,2,78,0.9467988004907966,0.495766400359571,0.4957975000143051
20260911_131106_302206,3,128,7,M,2,79,0.9379083001986146,0.48995629977434874,0.4899903004989028
20260911_131106_302206,3,128,7,M,2,80,0.9706875002011657,0.4997485997155309,0.4997808001935482
20260911_131106_302206,3,128,7,M,2,81,0.9216301003471017,0.4684326993301511,0.46846400015056133
20260911_131106_302206,3,128,7,M,2,82,0.933279300108552,0.48510369937866926,0.48513379972428083
20260911_131106_302206,3,128,7,M,2,83,0.9491266999393702,0.49806129932403564,0.49809050001204014
20260911_131106_302206,3,128,7,M,2,84,1.0414412003010511,0.5084338998422027,0.5084680002182722
20260911_131106_302206,3,128,7,M,2,85,0.9364143004640937,0.5312601001933217,0.5312939994037151
20260911_131106_302206,3,128,7,M,2,86,0.9841264998540282,0.4914333997294307,0.49146619997918606
20260911_131106_302206,3,128,7,M,2,87,0.9669984001666307,0.4876115992665291,0.48764390032738447
20260911_131106_302206,3,128,7,M,2,88,0.9427110003307462,0.5390661004930735,0.5390974003821611
20260911_131106_302206,3,128,7,M,2,89,0.99801279976964,0.5077104000374675,0.5077505996450782
20260911_131106_302206,3,128,7,M,2,90,0.9837858006358147,0.504688199609518,0.504721200093627
20260911_131106_302206,3,128,7,M,2,91,1.0230337996035814,0.5185038996860385,0.5185380997136235
20260911_131106_302206,3,128,7,M,2,92,0.9971070997416973,0.5020570000633597,0.5020915996283293
20260911_131106_302206,3,128,7,M,2,93,0.9861914999783039,0.5085530001670122,0.508585600182414
20260911_131106_302206,3,128,7,M,2,94,0.9364412995055318,0.4922377998009324,0.49226830061525106
20260911_131106_302206,3,128,7,M,2,95,0.9497588993981481,0.5054321000352502,0.5054639996960759
20260911_131106_302206,3,128,7,M,2,96,0.970728199928999,0.4962159004062414,0.4962484994903207
20260911_131106_302206,3,128,7,M,2,97,0.9483715994283557,0.4804963003844023,0.4805277995765209
20260911_131106_302206,3,128,7,M,2,98,0.9173101000487804,0.4959851996973157,0.4960162993520498
20260911_131106_302206,3,128,7,M,2,99,0.9525081003084779,0.5060019996017218,0.5060638003051281
20260911_131106_302206,3,128,7,M,2,100,1.0013183997943997,0.5009289998561144,0.5009617004543543
20260911_131106_302206,3,128,7,M,2,101,0.9365171995013952,0.46536489948630333,0.4653960997238755
20260911_131106_302206,3,128,7,M,2,102,0.9163321992382407,0.49028920009732246,0.49031889997422695
20260911_131106_302206,3,128,7,M,2,103,0.962971500121057,0.49611750058829784,0.4961476996541023
20260911_131106_302206,3,128,7,M,2,104,0.9699849998578429,0.5037346994504333,0.5038033006712794
20260911_131106_302206,3,128,7,M,2,105,0.9185170000419021,0.4816263001412153,0.48165709991008043
20260911_131106_302206,3,128,7,M,2,106,0.9266165997833014,0.5005850000306964,0.5006148992106318
20260911_131106_302206,3,128,7,M,2,107,0.9683504998683929,0.49562030006200075,0.4956508995965123
20260911_131106_302206,3,128,7,M,2,108,0.9694421999156475,0.4902248000726104,0.4902562005445361
20260911_131106_302206,3,128,7,M,2,109,0.9308548998087645,0.48629850056022406,0.4863280998542905
20260911_131106_302206,3,128,7,M,2,110,0.9269591998308897,0.49193250015378,0.49196150060743093
20260911_131106_302206,3,128,7,M,2,111,0.9619775004684925,0.49663539975881577,0.4966636998578906
20260911_131106_302206,3,128,7,M,2,112,0.9332787999883294,0.5075543997809291,0.5075848000124097
20260911_131106_302206,3,128,7,M,2,113,0.9061703998595476,0.5004142997786403,0.5004437007009983
20260911_131106_302206,3,128,7,M,2,114,0.9287155997008085,0.5064384005963802,0.5064653996378183
20260911_131106_302206,3,128,7,M,2,115,0.9588407007977366,0.49316839966923,0.4932119995355606
20260911_131106_302206,3,128,7,M,2,116,0.9481678996235132,0.5007627997547388,0.5007923999801278
20260911_131106_302206,3,128,7,M,2,117,0.9292826997116208,0.48101240023970604,0.48104200046509504
20260911_131106_302206,3,128,7,M,2,118,0.9220735002309084,0.4846807001158595,0.48470949940383434
20260911_131106_302206,3,128,7,M,2,119,0.9604317005723715,0.4970081001520157,0.4970372002571821
20260911_131106_302206,3,128,7,M,2,120,0.9647522997111082,0.5089056994765997,0.5089399004355073
20260911_131106_302206,3,128,7,M,2,121,0.9440457001328468,0.4877521004527807,0.48778099939227104
20260911_131106_302206,3,128,7,M,2,122,0.9184042997658253,0.49651450011879206,0.4965439001098275
20260911_131106_302206,3,128,7,M,2,123,0.9369656005874276,0.49607620015740395,0.49610619992017746
20260911_131106_302206,3,128,7,M,2,124,0.9651772007346153,0.5118206003680825,0.5118498001247644
20260911_131106_302206,3,128,7,M,2,125,0.9743187995627522,0.5092476001009345,0.509277100674808
20260911_131106_302206,3,128,7,M,2,126,0.9246586002409458,0.4883722001686692,0.4884019996970892
20260911_131106_302206,3,128,7,M,2,127,0.9246722999960184,0.4969830997288227,0.4970132000744343
20260911_131106_302206,3,256,8,NM,1,0,0.6759736994281411,0.4666085001081228,0.4666402004659176
20260911_131106_302206,3,256,8,NM,1,1,0.7188841998577118,0.47391160018742085,0.47394200041890144
20260911_131106_302206,3,256,8,NM,1,2,0.7135868994519114,0.4690936002880335,0.46912259981036186
20260911_131106_302206,3,256,8,NM,1,3,0.7157188998535275,0.4505316000431776,0.45056029967963696
20260911_131106_302206,3,256,8,NM,1,4,0.7347825998440385,0.4566555991768837,0.45668809954077005
20260911_131106_302206,3,256,8,NM,1,5,0.7022401001304388,0.4592969994992018,0.45933090057224035
20260911_131106_302206,3,256,8,NM,1,6,0.704687500372529,0.456131000071764,0.4561673002317548
20260911_131106_302206,3,256,8,NM,1,7,0.7111617000773549,0.48493839986622334,0.4849666999652982
20260911_131106_302206,3,256,8,NM,1,8,0.7226777002215385,0.4743793997913599,0.4744085995480418
20260911_131106_302206,3,256,8,NM,1,9,0.7170185996219516,0.47521650046110153,0.475246699526906
20260911_131106_302206,3,256,8,NM,1,10,0.7126700999215245,0.4549949001520872,0.45502679981291294
20260911_131106_302206,3,256,8,NM,1,11,0.6959306998178363,0.4606726998463273,0.46072059962898493
20260911_131106_302206,3,256,8,NM,1,12,0.7038858998566866,0.4738712999969721,0.4739028001204133
20260911_131106_302206,3,256,8,NM,1,13,0.7196768997237086,0.48362059984356165,0.48365109972655773
20260911_131106_302206,3,256,8,NM,1,14,0.7372375000268221,0.4681396996602416,0.46816870011389256
20260911_131106_302206,3,256,8,NM,1,15,0.7300054999068379,0.4777188999578357,0.4777479004114866
20260911_131106_302206,3,256,8,NM,1,16,0.7134105004370213,0.46735209971666336,0.46738400030881166
20260911_131106_302206,3,256,8,NM,1,17,0.7026405995711684,0.4793786006048322,0.47940689977258444
20260911_131106_302206,3,256,8,NM,1,18,0.6986258998513222,0.4630157994106412,0.46305060014128685
20260911_131106_302206,3,256,8,NM,1,19,0.7152027003467083,0.4680784000083804,0.4681048998609185
20260911_131106_302206,3,256,8,NM,1,20,0.71066590026021,0.46843279991298914,0.4684619000181556
20260911_131106_302206,3,256,8,NM,1,21,0.7121807998046279,0.4588811006397009,0.4589128000661731
20260911_131106_302206,3,256,8,NM,1,22,0.7083061998710036,0.473586599342525,0.4736166996881366
20260911_131106_302206,3,256,8,NM,1,23,0.7000182997435331,0.4917807001620531,0.4918108005076647
20260911_131106_302206,3,256,8,NM,1,24,0.7207720000296831,0.4663302004337311,0.466359400190413
20260911_131106_302206,3,256,8,NM,1,25,0.7257626997306943,0.4744664002209902,0.4744960004463792
20260911_131106_302206,3,256,8,NM,1,26,0.7432599999010563,0.48029870074242353,0.48032849933952093
20260911_131106_302206,3,256,8,NM,1,27,0.7239378001540899,0.46460200008004904,0.4646345004439354
20260911_131106_302206,3,256,8,NM,1,28,0.7154494002461433,0.46464710030704737,0.46467760019004345
20260911_131106_302206,3,256,8,NM,1,29,0.7089723004028201,0.4555285004898906,0.4555573994293809
20260911_131106_302206,3,256,8,NM,1,30,0.6995907006785274,0.45506460033357143,0.4551058001816273
20260911_131106_302206,3,256,8,NM,1,31,0.7164177000522614,0.4712482998147607,0.47127760015428066
20260911_131106_302206,3,256,8,NM,1,32,0.7126380996778607,0.46705980040133,0.46709119994193316
20260911_131106_302206,3,256,8,NM,1,33,0.7102177999913692,0.475819899700582,0.4758496005088091
20260911_131106_302206,3,256,8,NM,1,34,0.7117898007854819,0.4805691996589303,0.48059900011867285
20260911_131106_302206,3,256,8,NM,1,35,0.7404035003855824,0.5011432003229856,0.5011722994968295
20260911_131106_302206,3,256,8,NM,1,36,0.7499134000390768,0.4791746996343136,0.47920319996774197
20260911_131106_302206,3,256,8,NM,1,37,0.7289757998660207,0.49327309988439083,0.49331239983439445
20260911_131106_302206,3,256,8,NM,1,38,0.7291922001168132,0.4648782005533576,0.46493190061300993
20260911_131106_302206,3,256,8,NM,1,39,0.715344900265336,0.46601170022040606,0.4660407993942499
20260911_131106_302206,3,256,8,NM,1,40,0.7046104995533824,0.4659479008987546,0.4659909000620246
20260911_131106_302206,3,256,8,NM,1,41,0.7005813997238874,0.464661099947989,0.46469009947031736
20260911_131106_302206,3,256,8,NM,1,42,0.7162538003176451,0.4646330997347832,0.4646626999601722
20260911_131106_302206,3,256,8,NM,1,43,0.7192537002265453,0.4823996005579829,0.482438700273633
20260911_131106_302206,3,256,8,NM,1,44,0.705465099774301,0.48640589974820614,0.48644869960844517
20260911_131106_302206,3,256,8,NM,1,45,0.7243106998503208,0.4582536006346345,0.45829250011593103
20260911_131106_302206,3,256,8,NM,1,46,0.7127622999250889,0.5295920008793473,0.5296226004138589
20260911_131106_302206,3,256,8,NM,1,47,0.7363641997799277,0.4921859996393323,0.49221660010516644
20260911_131106_302206,3,256,8,NM,1,48,0.7353330003097653,0.4880341002717614,0.4880638001486659
20260911_131106_302206,3,256,8,NM,1,49,0.7223164001479745,0.4882444003596902,0.48827499989420176
20260911_131106_302206,3,256,8,NM,1,50,0.7307122005149722,0.4672272000461817,0.4672552002593875
20260911_131106_302206,3,256,8,NM,1,51,0.7148254998028278,0.471238499507308,0.471271900460124
20260911_131106_302206,3,256,8,NM,1,52,0.7106285998597741,0.46852449979633093,0.46856039948761463
20260911_131106_302206,3,256,8,NM,1,53,0.7116299998015165,0.466546599753201,0.4665765995159745
20260911_131106_302206,3,256,8,NM,1,54,0.6876895995810628,0.4672808004543185,0.4673097999766469
20260911_131106_302206,3,256,8,NM,1,55,0.7008516006171703,0.45114640053361654,0.4511746997013688
20260911_131106_302206,3,256,8,NM,1,56,0.7063657995313406,0.4631222002208233,0.46315230056643486
20260911_131106_302206,3,256,8,NM,1,57,0.7173907002434134,0.47157489974051714,0.4716047002002597
20260911_131106_302206,3,256,8,NM,1,58,0.7167712999507785,0.47821300011128187,0.4782445998862386
20260911_131106_302206,3,256,8,NM,1,59,0.743320900015533,0.49642910063266754,0.4964569006115198
20260911_131106_302206,3,256,8,NM,1,60,0.754364799708128,0.4871999006718397,0.48722879961133003
20260911_131106_302206,3,256,8,NM,1,61,0.7508599003776908,0.4749160995706916,0.4749476993456483
20260911_131106_302206,3,256,8,NM,1,62,0.7215768005698919,0.47247710078954697,0.47251310013234615
20260911_131106_302206,3,256,8,NM,1,63,0.7053449004888535,0.4721459001302719,0.472176200710237
20260911_131106_302206,3,256,8,NM,1,64,0.7193523999303579,0.46508869994431734,0.4651258997619152
20260911_131106_302206,3,256,8,NM,1,65,0.7134985001757741,0.4601002000272274,0.4601469002664089
20260911_131106_302206,3,256,8,NM,1,66,0.7210103003308177,0.4548639999702573,0.4548936001956463
20260911_131106_302206,3,256,8,NM,1,67,0.7201317995786667,0.45914109982550144,0.4591696001589298
20260911_131106_302206,3,256,8,NM,1,68,0.7211740994825959,0.4707986991852522,0.4708274006843567
20260911_131106_302206,3,256,8,NM,1,69,0.7051977002993226,0.4772737994790077,0.477301400154829
20260911_131106_302206,3,256,8,NM,1,70,0.7164512993767858,0.48664689995348454,0.48667560052126646
20260911_131106_302206,3,256,8,NM,1,71,0.7357284007593989,0.49329909961670637,0.493329300545156
20260911_131106_302206,3,256,8,NM,1,72,0.7439278997480869,0.48320329934358597,0.48323170002549887
20260911_131106_302206,3,256,8,NM,1,73,0.734391400590539,0.48623260017484426,0.48626499995589256
20260911_131106_302206,3,256,8,NM,1,74,0.7029247004538774,0.47497580014169216,0.4750095997005701
20260911_131106_302206,3,256,8,NM,1,75,0.7162684006616473,0.44951980002224445,0.4495504004880786
20260911_131106_302206,3,256,8,NM,1,76,0.6989174000918865,0.47492909990251064,0.47495799977332354
20260911_131106_302206,3,256,8,NM,1,77,0.705400500446558,0.46602730080485344,0.4660614999011159
20260911_131106_302206,3,256,8,NM,1,78,0.714372000657022,0.46670399978756905,0.46673700027167797
20260911_131106_302206,3,256,8,NM,1,79,0.7125912001356483,0.46937840059399605,0.46940850000828505
20260911_131106_302206,3,256,8,NM,1,80,0.7269465997815132,0.4682801002636552,0.46830759942531586
20260911_131106_302206,3,256,8,NM,1,81,0.7075308999046683,0.45360449980944395,0.4536335999146104
20260911_131106_302206,3,256,8,NM,1,82,0.7143120998516679,0.46577970031648874,0.46580909937620163
20260911_131106_302206,3,256,8,NM,1,83,0.7154456004500389,0.48465489968657494,0.48468289989978075
20260911_131106_302206,3,256,8,NM,1,84,0.8128121001645923,0.5236919997259974,0.5237198006361723
20260911_131106_302206,3,256,8,NM,1,85,0.8357549998909235,0.4840009994804859,0.48403079994022846
20260911_131106_302206,3,256,8,NM,1,86,0.7500029997900128,0.47995559964329004,0.4799838000908494
20260911_131106_302206,3,256,8,NM,1,87,0.7467762995511293,0.4774396000429988,0.4774687997996807
20260911_131106_302206,3,256,8,NM,1,88,0.7408982999622822,0.473968499340117,0.47400120086967945
20260911_131106_302206,3,256,8,NM,1,89,0.7045010002329946,0.48073349986225367,0.4807628998532891
20260911_131106_302206,3,256,8,NM,1,90,0.7052953001111746,0.47299420088529587,0.4730229005217552
20260911_131106_302206,3,256,8,NM,1,91,0.7165355999022722,0.46862450055778027,0.4686540998518467
20260911_131106_302206,3,256,8,NM,1,92,0.718380100093782,0.45899519976228476,0.4590372992679477
20260911_131106_302206,3,256,8,NM,1,93,0.7007488003000617,0.4693306004628539,0.46937020029872656
20260911_131106_302206,3,256,8,NM,1,94,0.7139996001496911,0.4768190002068877,0.47684819996356964
20260911_131106_302206,3,256,8,NM,1,95,0.7208973998203874,0.4641057001426816,0.46413580048829317
20260911_131106_302206,3,256,8,NM,1,96,0.6993880998343229,0.46751470025628805,0.4675594000145793
20260911_131106_302206,3,256,8,NM,1,97,0.726256700232625,0.4729593005031347,0.4729886995628476
20260911_131106_302206,3,256,8,NM,1,98,0.7460787007585168,0.5022326996549964,0.5022621005773544
20260911_131106_302206,3,256,8,NM,1,99,0.7512833001092076,0.48924059979617596,0.4892742997035384
20260911_131106_302206,3,256,8,NM,1,100,0.7246468998491764,0.4710711995139718,0.47109980043023825
20260911_131106_302206,3,256,8,NM,1,101,0.7007261998951435,0.4643144002184272,0.4643433000892401
20260911_131106_302206,3,256,8,NM,1,102,0.7021291004493833,0.47606240026652813,0.4760940996930003
20260911_131106_302206,3,256,8,NM,1,103,0.714037699624896,0.48423629999160767,0.48426489997655153
20260911_131106_302206,3,256,8,NM,1,104,0.7105870004743338,0.47681490052491426,0.47684530075639486
20260911_131106_302206,3,256,8,NM,1,105,0.7047180999070406,0.47569960076361895,0.4757384005934
20260911_131106_302206,3,256,8,NM,1,106,0.7149015003815293,0.46695949975401163,0.4669888997450471
20260911_131106_302206,3,256,8,NM,1,107,0.7124849008396268,0.4605915993452072,0.46062029991298914
20260911_131106_302206,3,256,8,NM,1,108,0.69961760006845,0.46301869954913855,0.46304820012301207
20260911_131106_302206,3,256,8,NM,1,109,0.7080325996503234,0.4765269001945853,0.4765566000714898
20260911_131106_302206,3,256,8,NM,1,110,0.7202044995501637,0.46968350000679493,0.469717500731349
20260911_131106_302206,3,256,8,NM,1,111,0.7091226000338793,0.5027748001739383,0.502802100032568
20260911_131106_302206,3,256,8,NM,1,112,0.7474412005394697,0.49026279989629984,0.49029270000755787
20260911_131106_302206,3,256,8,NM,1,113,0.7496619001030922,0.4853374995291233,0.48536620009690523
20260911_131106_302206,3,256,8,NM,1,114,0.744718499481678,0.47137160040438175,0.47140200063586235
20260911_131106_302206,3,256,8,NM,1,115,0.7078197002410889,0.480600000359118,0.48063130024820566
20260911_131106_302206,3,256,8,NM,1,116,0.7179031996056437,0.4566294001415372,0.45665880013257265
20260911_131106_302206,3,256,8,NM,1,117,0.7115590004250407,0.46823769994080067,0.46826620027422905
20260911_131106_302206,3,256,8,NM,1,118,0.6980010000988841,0.4794994005933404,0.47952849976718426
20260911_131106_302206,3,256,8,NM,1,119,0.724822299554944,0.4788416000083089,0.4788715001195669
20260911_131106_302206,3,256,8,NM,1,120,0.7166074998676777,0.46918389946222305,0.46921580005437136
20260911_131106_302206,3,256,8,NM,1,121,0.7080279001966119,0.49195570033043623,0.49198759999126196
20260911_131106_302206,3,256,8,NM,1,122,0.7702055005356669,0.46917250007390976,0.46920329984277487
20260911_131106_302206,3,256,8,NM,1,123,0.7789997002109885,0.49388880003243685,0.49392809998244047
20260911_131106_302206,3,256,8,NM,1,124,0.7385477004572749,0.49475410021841526,0.4947832003235817
20260911_131106_302206,3,256,8,NM,1,125,0.7467213999480009,0.5263027995824814,0.5263321995735168
20260911_131106_302206,3,256,8,NM,1,126,0.7182809002697468,0.46153120044618845,0.46156139951199293
20260911_131106_302206,3,256,8,NM,1,127,0.7304856004193425,0.4604219002649188,0.4604687998071313
20260911_131106_302206,3,256,8,NM,1,128,0.727725999429822,0.4707879004999995,0.47081710025668144
20260911_131106_302206,3,256,8,NM,1,129,0.7232347000390291,0.465182900428772,0.465212500654161
20260911_131106_302206,3,256,8,NM,1,130,0.7206595996394753,0.46373070031404495,0.4637727001681924
20260911_131106_302206,3,256,8,NM,1,131,0.7136279996484518,0.4712872998788953,0.47131810057908297
20260911_131106_302206,3,256,8,NM,1,132,0.7177772000432014,0.4734146995469928,0.47344600036740303
20260911_131106_302206,3,256,8,NM,1,133,0.7231465000659227,0.4818072998896241,0.48183609917759895
20260911_131106_302206,3,256,8,NM,1,134,0.7205845005810261,0.48336279951035976,0.4833917999640107
20260911_131106_302206,3,256,8,NM,1,135,0.7213602997362614,0.4575164997950196,0.45755509939044714
20260911_131106_302206,3,256,8,NM,1,136,0.713043600320816,0.44899019971489906,0.4490157999098301
20260911_131106_302206,3,256,8,NM,1,137,0.7261205995455384,0.4569223001599312,0.45695209968835115
20260911_131106_302206,3,256,8,NM,1,138,0.7085351999849081,0.4775155996903777,0.477552299387753
20260911_131106_302206,3,256,8,NM,1,139,0.7065850999206305,0.4809274999424815,0.4809672003611922
20260911_131106_302206,3,256,8,NM,1,140,0.7287902999669313,0.48908300045877695,0.48911220021545887
20260911_131106_302206,3,256,8,NM,1,141,0.7201869999989867,0.4807837996631861,0.4808160001412034
20260911_131106_302206,3,256,8,NM,1,142,0.753783400170505,0.4695959994569421,0.46962840016931295
20260911_131106_302206,3,256,8,NM,1,143,0.7190474001690745,0.47031430061906576,0.4703430002555251
20260911_131106_302206,3,256,8,NM,1,144,0.7152486005797982,0.46691139973700047,0.46694109961390495
20260911_131106_302206,3,256,8,NM,1,145,0.7007711995393038,0.4754772000014782,0.4755075005814433
20260911_131106_302206,3,256,8,NM,1,146,0.7268757000565529,0.5127707999199629,0.5128055000677705
20260911_131106_302206,3,256,8,NM,1,147,0.7157821003347635,0.46670079976320267,0.4667341997846961
20260911_131106_302206,3,256,8,NM,1,148,0.7212473005056381,0.4699495006352663,0.4699800005182624
20260911_131106_302206,3,256,8,NM,1,149,0.710198299959302,0.46936520002782345,0.4693935997784138
20260911_131106_302206,3,256,8,NM,1,150,0.6966132000088692,0.48209770023822784,0.4821271002292633
20260911_131106_302206,3,256,8,NM,1,151,0.7046106997877359,0.46669680066406727,0.46672509983181953
20260911_131106_302206,3,256,8,NM,1,152,0.7212730003520846,0.4527420997619629,0.4527759999036789
20260911_131106_302206,3,256,8,NM,1,153,0.7506192000582814,0.46308839973062277,0.46311930008232594
20260911_131106_302206,3,256,8,NM,1,154,0.7029004003852606,0.4776212992146611,0.4776560002937913
20260911_131106_302206,3,256,8,NM,1,155,0.6993231000378728,0.47162099927663803,0.4716499000787735
20260911_131106_302206,3,256,8,NM,1,156,0.7198572997003794,0.4578792005777359,0.4579117000102997
20260911_131106_302206,3,256,8,NM,1,157,0.7192601999267936,0.4618215998634696,0.46185539942234755
20260911_131106_302206,3,256,8,NM,1,158,0.6964047998189926,0.46386520005762577,0.46389370039105415
20260911_131106_302206,3,256,8,NM,1,159,0.7195538999512792,0.49205860029906034,0.4920911006629467
20260911_131106_302206,3,256,8,NM,1,160,0.7373711001127958,0.4899730999022722,0.49000300001353025
20260911_131106_302206,3,256,8,NM,1,161,0.7328055994585156,0.4943862995132804,0.4944192999973893
20260911_131106_302206,3,256,8,NM,1,162,0.7661017002537847,0.4681942006573081,0.46823539957404137
20260911_131106_302206,3,256,8,NM,1,163,0.7133153006434441,0.4657702995464206,0.4657982997596264
20260911_131106_302206,3,256,8,NM,1,164,0.7012681998312473,0.4737738994881511,0.4738034997135401
20260911_131106_302206,3,256,8,NM,1,165,0.7070539994165301,0.45985979959368706,0.4598872000351548
20260911_131106_302206,3,256,8,NM,1,166,0.7182701993733644,0.46810940001159906,0.4681408004835248
20260911_131106_302206,3,256,8,NM,1,167,0.7047817995771766,0.4746901001781225,0.47471889946609735
20260911_131106_302206,3,256,8,NM,1,168,0.7171889999881387,0.46458240039646626,0.46461130026727915
20260911_131106_302206,3,256,8,NM,1,169,0.7359095001593232,0.4653887003660202,0.4654171001166105
20260911_131106_302206,3,256,8,NM,1,170,0.7047897996380925,0.46561469975858927,0.4656450003385544
20260911_131106_302206,3,256,8,NM,1,171,0.7050442006438971,0.46987290028482676,0.469901199452579
20260911_131106_302206,3,256,8,NM,1,172,0.7105358000844717,0.46728619933128357,0.4673159997910261
20260911_131106_302206,3,256,8,NM,1,173,0.7041640998795629,0.48314240016043186,0.48316930048167706
20260911_131106_302206,3,256,8,NM,1,174,0.7098580999299884,0.4675842998549342,0.46761720068752766
20260911_131106_302206,3,256,8,NM,1,175,0.7086677001789212,0.4673537006601691,0.46738519985228777
20260911_131106_302206,3,256,8,NM,1,176,0.713217000477016,0.4612146997824311,0.46125639975070953
20260911_131106_302206,3,256,8,NM,1,177,0.709671700373292,0.46865119971334934,0.4686813000589609
20260911_131106_302206,3,256,8,NM,1,178,0.7215343993157148,0.4633487993851304,0.4633799996227026
20260911_131106_302206,3,256,8,NM,1,179,0.7211076999083161,0.4650530004873872,0.4650891004130244
20260911_131106_302206,3,256,8,NM,1,180,0.7084312001243234,0.4710876001045108,0.47112239990383387
20260911_131106_302206,3,256,8,NM,1,181,0.6966842003166676,0.48333940003067255,0.48336820024996996
20260911_131106_302206,3,256,8,NM,1,182,0.7174738999456167,0.4783680001273751,0.478397399187088
20260911_131106_302206,3,256,8,NM,1,183,0.7508056992664933,0.4853375004604459,0.4853679006919265
20260911_131106_302206,3,256,8,NM,1,184,0.7679476998746395,0.4928532000631094,0.4928809003904462
20260911_131106_302206,3,256,8,NM,1,185,0.7366701997816563,0.47788070049136877,0.47791079990565777
20260911_131106_302206,3,256,8,NM,1,186,0.7052147006615996,0.46841830015182495,0.468448200263083
20260911_131106_302206,3,256,8,NM,1,187,0.7097370000556111,0.45794459991157055,0.4579852996394038
20260911_131106_302206,3,256,8,NM,1,188,0.7185627995058894,0.46916759945452213,0.4692019000649452
20260911_131106_302206,3,256,8,NM,1,189,0.727496899664402,0.4620439000427723,0.462088699452579
20260911_131106_302206,3,256,8,NM,1,190,0.7214825991541147,0.46648780070245266,0.4665197003632784
20260911_131106_302206,3,256,8,NM,1,191,0.7055823998525739,0.5016468996182084,0.5016743000596762
20260911_131106_302206,3,256,8,NM,1,192,0.7186815999448299,0.4780502002686262,0.4780796002596617
20260911_131106_302206,3,256,8,NM,1,193,0.7080851998180151,0.4623539000749588,0.46238349936902523
20260911_131106_302206,3,256,8,NM,1,194,0.7349153999239206,0.4648711998015642,0.4649040997028351
20260911_131106_302206,3,256,8,NM,1,195,0.715663599781692,0.4611005997285247,0.46112919971346855
20260911_131106_302206,3,256,8,NM,1,196,0.7097281999886036,0.48354449961334467,0.48357420042157173
20260911_131106_302206,3,256,8,NM,1,197,0.7114717997610569,0.476405399851501,0.47644069977104664
20260911_131106_302206,3,256,8,NM,1,198,0.7119958000257611,0.46821819990873337,0.4682468995451927
20260911_131106_302206,3,256,8,NM,1,199,0.7195309000089765,0.46294850017875433,0.46297720074653625
20260911_131106_302206,3,256,8,NM,1,200,0.7116128001362085,0.4584420993924141,0.4584723003208637
20260911_131106_302206,3,256,8,NM,1,201,0.714139299467206,0.47701469995081425,0.47704590018838644
20260911_131106_302206,3,256,8,NM,1,202,0.7330228993669152,0.4956598002463579,0.4956903997808695
20260911_131106_302206,3,256,8,NM,1,203,0.726601299829781,0.4855760997161269,0.4856041995808482
20260911_131106_302206,3,256,8,NM,1,204,0.754891399294138,0.4853112995624542,0.4853410003706813
20260911_131106_302206,3,256,8,NM,1,205,0.7438423000276089,0.4627157002687454,0.46274410001933575
20260911_131106_302206,3,256,8,NM,1,206,0.7095486000180244,0.46720699965953827,0.46723749954253435
20260911_131106_302206,3,256,8,NM,1,207,0.72426120005548,0.47002939973026514,0.47005829960107803
20260911_131106_302206,3,256,8,NM,1,208,0.7032303996384144,0.4774864995852113,0.47751540038734674
20260911_131106_302206,3,256,8,NM,1,209,0.7278621001169086,0.46760710049420595,0.4676447995007038
20260911_131106_302206,3,256,8,NM,1,210,0.7153487000614405,0.4741601999849081,0.4741987995803356
20260911_131106_302206,3,256,8,NM,1,211,0.7020129002630711,0.47002119943499565,0.4700486995279789
20260911_131106_302206,3,256,8,NM,1,212,0.7120728995651007,0.4700591992586851,0.4700896004214883
20260911_131106_302206,3,256,8,NM,1,213,0.7121267998591065,0.46986569929867983,0.46989869978278875
20260911_131106_302206,3,256,8,NM,1,214,0.7046501999720931,0.4701987998560071,0.47022890020161867
20260911_131106_302206,3,256,8,NM,1,215,0.7251108000054955,0.49585200008004904,0.4958832999691367
20260911_131106_302206,3,256,8,NM,1,216,0.759986899793148,0.4961508996784687,0.49618150014430285
20260911_131106_302206,3,256,8,NM,1,217,0.7444748003035784,0.4843750996515155,0.48440449964255095
20260911_131106_302206,3,256,8,NM,1,218,0.7375776004046202,0.47670229990035295,0.47673350013792515
20260911_131106_302206,3,256,8,NM,1,219,0.7051007999107242,0.4671135004609823,0.46714180056005716
20260911_131106_302206,3,256,8,NM,1,220,0.7073513995856047,0.4820560999214649,0.4820884997025132
20260911_131106_302206,3,256,8,NM,1,221,0.7132486999034882,0.4634294994175434,0.46345859952270985
20260911_131106_302206,3,256,8,NM,1,222,0.7143791997805238,0.4636619994416833,0.4636904997751117
20260911_131106_302206,3,256,8,NM,1,223,0.7114493008702993,0.47075160034000874,0.47078150045126677
20260911_131106_302206,3,256,8,NM,1,224,0.737066900357604,0.47467860020697117,0.4747104002162814
20260911_131106_302206,3,256,8,NM,1,225,0.7368205999955535,0.4913797006011009,0.4914098000153899
20260911_131106_302206,3,256,8,NM,1,226,0.7369357999414206,0.4846526999026537,0.48468200024217367
20260911_131106_302206,3,256,8,NM,1,227,0.7444539004936814,0.48208400048315525,0.48211669921875
20260911_131106_302206,3,256,8,NM,1,228,0.7166141998022795,0.47754700016230345,0.4775757994502783
20260911_131106_302206,3,256,8,NM,1,229,0.7326755002140999,0.4821964995935559,0.4822263000532985
20260911_131106_302206,3,256,8,NM,1,230,0.7423011008650064,0.514155900105834,0.5141850998625159
20260911_131106_302206,3,256,8,NM,1,231,0.7432290995493531,0.48457640036940575,0.4846195997670293
20260911_131106_302206,3,256,8,NM,1,232,0.7451235996559262,0.4833372998982668,0.48336589988321066
20260911_131106_302206,3,256,8,NM,1,233,0.7245658999308944,0.4642169000580907,0.46425290033221245
20260911_131106_302206,3,256,8,NM,1,234,0.7079715002328157,0.4550823997706175,0.45512340031564236
20260911_131106_302206,3,256,8,NM,1,235,0.7182836001738906,0.48176039941608906,0.4817901002243161
20260911_131106_302206,3,256,8,NM,1,236,0.7139500007033348,0.4671081006526947,0.46713440027087927
20260911_131106_302206,3,256,8,NM,1,237,0.7112793000414968,0.49115709960460663,0.49118699971586466
20260911_131106_302206,3,256,8,NM,1,238,0.7073892001062632,0.46983559988439083,0.4698665998876095
20260911_131106_302206,3,256,8,NM,1,239,0.7310525998473167,0.4922733996063471,0.49231410026550293
20260911_131106_302206,3,256,8,NM,1,240,0.7284288005903363,0.4896471993997693,0.4896761002019048
20260911_131106_302206,3,256,8,NM,1,241,0.73957210034132,0.4928262997418642,0.49285459984093904
20260911_131106_302206,3,256,8,NM,1,242,0.750314200296998,0.4751055995002389,0.47513930033892393
20260911_131106_302206,3,256,8,NM,1,243,0.7153382003307343,0.4825732000172138,0.4826012998819351
20260911_131106_302206,3,256,8,NM,1,244,0.7301978999748826,0.46709970012307167,0.4671510001644492
20260911_131106_302206,3,256,8,NM,1,245,0.721285100094974,0.4625273998826742,0.46255649998784065
20260911_131106_302206,3,256,8,NM,1,246,0.7097390992566943,0.4747671000659466,0.4747958993539214
20260911_131106_302206,3,256,8,NM,1,247,0.733934199437499,0.46371089946478605,0.4637390002608299
20260911_131106_302206,3,256,8,NM,1,248,0.7177261998876929,0.48004020005464554,0.4800696996971965
20260911_131106_302206,3,256,8,NM,1,249,0.7656963001936674,0.48202090058475733,0.4820498004555702
20260911_131106_302206,3,256,8,NM,1,250,0.7479808004572988,0.4936365997418761,0.4936838001012802
20260911_131106_302206,3,256,8,NM,1,251,0.745826099999249,0.4673855993896723,0.4674143008887768
20260911_131106_302206,3,256,8,NM,1,252,0.7053664997220039,0.47290039993822575,0.47293160017579794
20260911_131106_302206,3,256,8,NM,1,253,0.7089158995077014,0.4613103996962309,0.46134059969335794
20260911_131106_302206,3,256,8,NM,1,254,0.7161435997113585,0.46356109995394945,0.4636181006208062
20260911_131106_302206,3,256,8,NM,1,255,0.7034287005662918,0.4722434002906084,0.47227409947663546
20260911_131106_302206,3,256,8,M,2,0,0.994242399930954,0.5395914996042848,0.5396247003227472
20260911_131106_302206,3,256,8,M,2,1,0.9462069999426603,0.5021031005308032,0.5021324995905161
20260911_131106_302206,3,256,8,M,2,2,0.9506306005641818,0.46456380002200603,0.46459259930998087
20260911_131106_302206,3,256,8,M,2,3,0.9166140994057059,0.49800859950482845,0.49804130010306835
20260911_131106_302206,3,256,8,M,2,4,0.9631189005449414,0.49556769989430904,0.49559659976512194
20260911_131106_302206,3,256,8,M,2,5,0.9738286007195711,0.49083529971539974,0.49086519982665777
20260911_131106_302206,3,256,8,M,2,6,0.9312030002474785,0.49640259984880686,0.49643349926918745
20260911_131106_302206,3,256,8,M,2,7,0.9589157998561859,0.47777329944074154,0.4778021005913615
20260911_131106_302206,3,256,8,M,2,8,0.9717204002663493,0.49136029928922653,0.49138930067420006
20260911_131106_302206,3,256,8,M,2,9,0.9431753000244498,0.49906350020319223,0.4990929998457432
20260911_131106_302206,3,256,8,M,2,10,0.9428129000589252,0.4914343999698758,0.4914637999609113
20260911_131106_302206,3,256,8,M,2,11,0.9683526000007987,0.4850273998454213,0.4850622992962599
20260911_131106_302206,3,256,8,M,2,12,0.9308898998424411,0.4892514003440738,0.4892798000946641
20260911_131106_302206,3,256,8,M,2,13,0.9626962998881936,0.528892700560391,0.5289219999685884
20260911_131106_302206,3,256,8,M,2,14,0.9715216001495719,0.4972045002505183,0.4972342001274228
20260911_131106_302206,3,256,8,M,2,15,0.9479848993942142,0.5005641998723149,0.5005927002057433
20260911_131106_302206,3,256,8,M,2,16,0.9640632998198271,0.5075983991846442,0.5076417997479439
20260911_131106_302206,3,256,8,M,2,17,0.9638406001031399,0.49355420004576445,0.493584300391376
20260911_131106_302206,3,256,8,M,2,18,0.9305737996473908,0.5001330999657512,0.5001627998426557
20260911_131106_302206,3,256,8,M,2,19,0.9678856004029512,0.4860865995287895,0.486115500330925
20260911_131106_302206,3,256,8,M,2,20,0.9618900995701551,0.48866999987512827,0.4886983996257186
20260911_131106_302206,3,256,8,M,2,21,0.9472622005268931,0.4866693001240492,0.48670010082423687
20260911_131106_302206,3,256,8,M,2,22,0.9506703000515699,0.500700100325048,0.5007397998124361
20260911_131106_302206,3,256,8,M,2,23,0.9696523994207382,0.4951329994946718,0.4951642993837595
20260911_131106_302206,3,256,8,M,2,24,0.9589609000831842,0.49940430000424385,0.4994336999952793
20260911_131106_302206,3,256,8,M,2,25,0.986489899456501,0.4974705995991826,0.4975123004987836
20260911_131106_302206,3,256,8,M,2,26,1.0911852000281215,0.5311107002198696,0.531147800385952
20260911_131106_302206,3,256,8,M,2,27,0.9820222994312644,0.4982524001970887,0.49828969966620207
20260911_131106_302206,3,256,8,M,2,28,0.9727926999330521,0.5051432996988297,0.5051776003092527
20260911_131106_302206,3,256,8,M,2,29,0.9927988005802035,0.49844220001250505,0.49847610015422106
20260911_131106_302206,3,256,8,M,2,30,0.9533009994775057,0.5085739996284246,0.5086065996438265
20260911_131106_302206,3,256,8,M,2,31,1.000620299950242,0.49895619973540306,0.4989988999441266
20260911_131106_302206,3,256,8,M,2,32,0.9826851999387145,0.502271399833262,0.502305400557816
20260911_131106_302206,3,256,8,M,2,33,0.978553400374949,0.5661233002319932,0.566156099550426
20260911_131106_302206,3,256,8,M,2,34,1.0370720997452736,0.4979881998151541,0.4980321004986763
20260911_131106_302206,3,256,8,M,2,35,0.9855581996962428,0.49308770056813955,0.4931218000128865
20260911_131106_302206,3,256,8,M,2,36,0.9615159993991256,0.4977477006614208,0.49778000079095364
20260911_131106_302206,3,256,8,M,2,37,1.0515315998345613,0.575207700021565,0.5752487992867827
20260911_131106_302206,3,256,8,M,2,38,1.1001982996240258,0.5666615003719926,0.5667016003280878
20260911_131106_302206,3,256,8,M,2,39,1.0514798006042838,0.5083223003894091,0.5083721997216344
20260911_131106_302206,3,256,8,M,2,40,1.0325278993695974,0.5108064003288746,0.5108425999060273
20260911_131106_302206,3,256,8,M,2,41,0.9935828996822238,0.5163900004699826,0.51643249951303
20260911_131106_302206,3,256,8,M,2,42,0.9586189994588494,0.5062707997858524,0.5063038002699614
20260911_131106_302206,3,256,8,M,2,43,0.9825566997751594,0.5002682004123926,0.5003022998571396
20260911_131106_302206,3,256,8,M,2,44,0.9600400002673268,0.5053479000926018,0.5053809005767107
20260911_131106_302206,3,256,8,M,2,45,0.9533989001065493,0.48428469989448786,0.4843200007453561
20260911_131106_302206,3,256,8,M,2,46,0.9617133000865579,0.51211760006845,0.5121517004445195
20260911_131106_302206,3,256,8,M,2,47,0.9830534998327494,0.5042336005717516,0.5042730001732707
20260911_131106_302206,3,256,8,M,2,48,0.9473586995154619,0.5136734005063772,0.5137051995843649
20260911_131106_302206,3,256,8,M,2,49,0.9865507995709777,0.5057324999943376,0.5057661002501845
20260911_131106_302206,3,256,8,M,2,50,0.9910866999998689,0.5068823006004095,0.5069152005016804
20260911_131106_302206,3,256,8,M,2,51,0.9403673997148871,0.48238599952310324,0.48241709917783737
20260911_131106_302206,3,256,8,M,2,52,0.9920448996126652,0.4894923996180296,0.48952489998191595
20260911_131106_302206,3,256,8,M,2,53,0.99365200009197,0.49546479992568493,0.4955045999959111
20260911_131106_302206,3,256,8,M,2,54,0.9308584993705153,0.49619930051267147,0.49623139947652817
20260911_131106_302206,3,256,8,M,2,55,0.959112299606204,0.49865789990872145,0.49869140051305294
20260911_131106_302206,3,256,8,M,2,56,0.9762364998459816,0.5171769997105002,0.5172112993896008
20260911_131106_302206,3,256,8,M,2,57,0.9563947999849916,0.5003877999261022,0.5004234993830323
20260911_131106_302206,3,256,8,M,2,58,0.9725158996880054,0.5012918999418616,0.5013234997168183
20260911_131106_302206,3,256,8,M,2,59,0.9881478995084763,0.5027796998620033,0.5028132004663348
20260911_131106_302206,3,256,8,M,2,60,0.9458268005400896,0.4943281002342701,0.49435959942638874
20260911_131106_302206,3,256,8,M,2,61,0.9600922996178269,0.4996322998777032,0.4996654996648431
20260911_131106_302206,3,256,8,M,2,62,0.991852399893105,0.4962104996666312,0.49624969996511936
20260911_131106_302206,3,256,8,M,2,63,0.9415225004777312,0.4987142002210021,0.4987453995272517
20260911_131106_302206,3,256,8,M,2,64,0.9510052995756269,0.5040075005963445,0.5040398994460702
20260911_131106_302206,3,256,8,M,2,65,0.9785563992336392,0.49974050000309944,0.4997710008174181
20260911_131106_302206,3,256,8,M,2,66,0.9408170999959111,0.48974259942770004,0.4897742997854948
20260911_131106_302206,3,256,8,M,2,67,0.9747230000793934,0.5047186007723212,0.5047564003616571
20260911_131106_302206,3,256,8,M,2,68,1.0127031998708844,0.4959517000243068,0.4959844006225467
20260911_131106_302206,3,256,8,M,2,69,0.9668625993654132,0.49504789989441633,0.49507869966328144
20260911_131106_302206,3,256,8,M,2,70,0.9623034000396729,0.49886030051857233,0.49889220017939806
20260911_131106_302206,3,256,8,M,2,71,0.975552199408412,0.4950417997315526,0.49507319927215576
20260911_131106_302206,3,256,8,M,2,72,0.9402505001053214,0.4852684997022152,0.48530180007219315
20260911_131106_302206,3,256,8,M,2,73,0.9839567001909018,0.4957235995680094,0.495758100412786
20260911_131106_302206,3,256,8,M,2,74,0.9815480997785926,0.5066236006096005,0.506657199934125
20260911_131106_302206,3,256,8,M,2,75,1.0693813003599644,0.5555271003395319,0.5555838001891971
20260911_131106_302206,3,256,8,M,2,76,1.0444626994431019,0.5055053001269698,0.5055433996021748
20260911_131106_302206,3,256,8,M,2,77,1.003718400374055,0.5227998001500964,0.5228401999920607
20260911_131106_302206,3,256,8,M,2,78,0.9899025997146964,0.4981601005420089,0.4981971997767687
20260911_131106_302206,3,256,8,M,2,79,1.016473999246955,0.5120979994535446,0.5121335005387664
20260911_131106_302206,3,256,8,M,2,80,1.0148494997993112,0.5162543002516031,0.5162929994985461
20260911_131106_302206,3,256,8,M,2,81,1.0438013998791575,0.5678133005276322,0.56785390060395
20260911_131106_302206,3,256,8,M,2,82,1.1615600995719433,0.5388660999014974,0.538914100266993
20260911_131106_302206,3,256,8,M,2,83,1.0285419998690486,0.5256641004234552,0.5257108006626368
20260911_131106_302206,3,256,8,M,2,84,1.0697972998023033,0.5498855002224445,0.549932200461626
20260911_131106_302206,3,256,8,M,2,85,1.1237427992746234,0.5373355997726321,0.5373851004987955
20260911_131106_302206,3,256,8,M,2,86,1.053953300230205,0.534064500592649,0.5341015998274088
20260911_131106_302206,3,256,8,M,2,87,1.1209701001644135,0.5549200996756554,0.5549578005447984
20260911_131106_302206,3,256,8,M,2,88,1.062630600295961,0.4832233004271984,0.48325629997998476
20260911_131106_302206,3,256,8,M,2,89,0.9594315998256207,0.5302974004298449,0.5303313992917538
20260911_131106_302206,3,256,8,M,2,90,1.0007785996422172,0.5109251998364925,0.5109590999782085
20260911_131106_302206,3,256,8,M,2,91,1.043779500760138,0.5661738999187946,0.5662294002249837
20260911_131106_302206,3,256,8,M,2,92,1.0145817995071411,0.5018827999010682,0.5019177002832294
20260911_131106_302206,3,256,8,M,2,93,1.01319620013237,0.5368130002170801,0.5368461003527045
20260911_131106_302206,3,256,8,M,2,94,1.1236127000302076,0.551184100098908,0.5512236002832651
20260911_131106_302206,3,256,8,M,2,95,1.0148965995758772,0.5110109001398087,0.511044199578464
20260911_131106_302206,3,256,8,M,2,96,1.0344704994931817,0.5350237004458904,0.5350580997765064
20260911_131106_302206,3,256,8,M,2,97,1.0785865001380444,0.6055720001459122,0.6056123003363609
20260911_131106_302206,3,256,8,M,2,98,1.187855700030923,0.5524739995598793,0.5525126997381449
20260911_131106_302206,3,256,8,M,2,99,1.0506430994719267,0.6271032998338342,0.6271462002769113
20260911_131106_302206,3,256,8,M,2,100,1.1989698996767402,0.6028434000909328,0.6028828006237745
20260911_131106_302206,3,256,8,M,2,101,1.1072169002145529,0.5722834002226591,0.5723216999322176
20260911_131106_302206,3,256,8,M,2,102,1.0746123995631933,0.5265139006078243,0.5265520000830293
20260911_131106_302206,3,256,8,M,2,103,1.0375463999807835,0.540659699589014,0.5406968994066119
20260911_131106_302206,3,256,8,M,2,104,1.0381709998473525,0.5440343003720045,0.5440707001835108
20260911_131106_302206,3,256,8,M,2,105,1.012520399875939,0.5439882995560765,0.5440231999382377
20260911_131106_302206,3,256,8,M,2,106,1.0549141000956297,0.5268007004633546,0.5268358001485467
20260911_131106_302206,3,256,8,M,2,107,1.08417209982872,0.5436798995360732,0.5437177997082472
20260911_131106_302206,3,256,8,M,2,108,1.07346719969064,0.5150316003710032,0.5150664001703262
20260911_131106_302206,3,256,8,M,2,109,1.044811800122261,0.5567862000316381,0.5568222999572754
20260911_131106_302206,3,256,8,M,2,110,1.0570681001991034,0.5498071005567908,0.5498448004946113
20260911_131106_302206,3,256,8,M,2,111,1.0804666001349688,0.5437818001955748,0.5438221003860235
20260911_131106_302206,3,256,8,M,2,112,1.0561535004526377,0.5330614997074008,0.5331119997426867
20260911_131106_302206,3,256,8,M,2,113,1.032480400055647,0.6377040995284915,0.637750199995935
20260911_131106_302206,3,256,8,M,2,114,1.1649946002289653,0.5156624000519514,0.5158011000603437
20260911_131106_302206,3,256,8,M,2,115,1.0639546997845173,0.5509671000763774,0.5510174995288253
20260911_131106_302206,3,256,8,M,2,116,1.304533800110221,0.5805035997182131,0.5806419001892209
20260911_131106_302206,3,256,8,M,2,117,1.0508967991918325,0.5271966001018882,0.5272517995908856
20260911_131106_302206,3,256,8,M,2,118,1.0045205997303128,0.5135370995849371,0.513578999787569
20260911_131106_302206,3,256,8,M,2,119,1.0407384000718594,0.49238040018826723,0.4924276992678642
20260911_131106_302206,3,256,8,M,2,120,0.9831643998622894,0.5070560993626714,0.5071799997240305
20260911_131106_302206,3,256,8,M,2,121,0.957009400241077,0.49061609990894794,0.4906759997829795
20260911_131106_302206,3,256,8,M,2,122,0.9724210994318128,0.4767086999490857,0.4767398005351424
20260911_131106_302206,3,256,8,M,2,123,0.933385300450027,0.5244907001033425,0.5245333993807435
20260911_131106_302206,3,256,8,M,2,124,1.041940100491047,0.5365773998200893,0.5366358999162912
20260911_131106_302206,3,256,8,M,2,125,1.0455280998721719,1.5465370006859303,1.5465758005157113
20260911_131106_302206,3,256,8,M,2,126,2.7986297998577356,1.1782855996862054,1.1783587001264095
20260911_131106_302206,3,256,8,M,2,127,2.073672599159181,0.9661777000874281,0.9662417992949486
20260911_131106_302206,3,256,8,M,2,128,1.7887806994840503,1.1152314003556967,1.1154260002076626
20260911_131106_302206,3,256,8,M,2,129,1.6593941003084183,0.7787289004772902,0.7787894997745752
20260911_131106_302206,3,256,8,M,2,130,1.3801775993779302,0.6488357000052929,0.6489197993651032
20260911_131106_302206,3,256,8,M,2,131,1.307065799832344,0.5618363004177809,0.5618807999417186
20260911_131106_302206,3,256,8,M,2,132,1.0613802997395396,0.5476649003103375,0.5477042999118567
20260911_131106_302206,3,256,8,M,2,133,1.050437799654901,0.5850270995870233,0.5850745001807809
20260911_131106_302206,3,256,8,M,2,134,1.0395782003179193,0.5499446000903845,0.549974400550127
20260911_131106_302206,3,256,8,M,2,135,1.002509499900043,0.5411740997806191,0.5412295004352927
20260911_131106_302206,3,256,8,M,2,136,1.1491912994533777,0.6090803006663918,0.6091243997216225
20260911_131106_302206,3,256,8,M,2,137,0.9837811999022961,0.5266140997409821,0.5266428999602795
20260911_131106_302206,3,256,8,M,2,138,1.1071008006110787,0.5682728001847863,0.568334300071001
20260911_131106_302206,3,256,8,M,2,139,1.0400911998003721,0.5220045000314713,0.5220377994701266
20260911_131106_302206,3,256,8,M,2,140,0.9811203004792333,0.5281341001391411,0.528172199614346
20260911_131106_302206,3,256,8,M,2,141,1.0140465004369617,0.5470071006566286,0.547044700011611
20260911_131106_302206,3,256,8,M,2,142,0.9953597001731396,0.5463355993852019,0.5463779997080564
20260911_131106_302206,3,256,8,M,2,143,1.0102153001353145,0.5178169002756476,0.5178605997934937
20260911_131106_302206,3,256,8,M,2,144,1.0396715002134442,0.504024900496006,0.5040680002421141
20260911_131106_302206,3,256,8,M,2,145,0.9864493003115058,0.5169802997261286,0.517021999694407
20260911_131106_302206,3,256,8,M,2,146,1.0299655999988317,0.5248126992955804,0.5248619997873902
20260911_131106_302206,3,256,8,M,2,147,0.9992086002603173,0.529640999622643,0.529679300263524
20260911_131106_302206,3,256,8,M,2,148,1.029365999624133,0.4937727004289627,0.493809400126338
20260911_131106_302206,3,256,8,M,2,149,0.9843279998749495,0.5453754002228379,0.5454071993008256
20260911_131106_302206,3,256,8,M,2,150,0.9970802003517747,0.5475248005241156,0.5475554997101426
20260911_131106_302206,3,256,8,M,2,151,0.968461399897933,0.5041963001713157,0.5042370995506644
20260911_131106_302206,3,256,8,M,2,152,0.9488574992865324,0.49784249998629093,0.49787129927426577
20260911_131106_302206,3,256,8,M,2,153,0.9498697994276881,0.498004499822855,0.49803460016846657
20260911_131106_302206,3,256,8,M,2,154,1.0627913000062108,0.5608548000454903,0.5608999999240041
20260911_131106_302206,3,256,8,M,2,155,1.0499119004234672,0.5159757006913424,0.5160059994086623
20260911_131106_302206,3,256,8,M,2,156,1.0628187004476786,0.4966204995289445,0.4966551000252366
20260911_131106_302206,3,256,8,M,2,157,1.0944357002153993,0.5138436006382108,0.513875300064683
20260911_131106_302206,3,256,8,M,2,158,0.9599617999047041,0.4816084001213312,0.48163990024477243
20260911_131106_302206,3,256,8,M,2,159,0.9329877002164721,0.4964316999539733,0.49646230041980743
20260911_131106_302206,3,256,8,M,2,160,0.9657083004713058,0.5075415996834636,0.5075698001310229
20260911_131106_302206,3,256,8,M,2,161,0.9696669997647405,0.5425982000306249,0.5426267003640532
20260911_131106_302206,3,256,8,M,2,162,0.9618511004373431,0.4922047005966306,0.4922484001144767
20260911_131106_302206,3,256,8,M,2,163,0.9473188994452357,0.5038366997614503,0.5038658995181322
20260911_131106_302206,3,256,8,M,2,164,0.9433771995827556,0.5194820007309318,0.5195086002349854
20260911_131106_302206,3,256,8,M,2,165,0.9412185996770859,0.49023579992353916,0.49027800001204014
20260911_131106_302206,3,256,8,M,2,166,0.9179218001663685,0.474172399379313,0.47420200053602457
20260911_131106_302206,3,256,8,M,2,167,0.9353334000334144,0.47718979977071285,0.47721939999610186
20260911_131106_302206,3,256,8,M,2,168,0.9167336001992226,0.4917350001633167,0.4917660001665354
20260911_131106_302206,3,256,8,M,2,169,0.9390681004151702,0.4744031997397542,0.4744332991540432
20260911_131106_302206,3,256,8,M,2,170,0.9284533997997642,0.4750278005376458,0.47505650017410517
20260911_131106_302206,3,256,8,M,2,171,0.9051443999633193,0.45703580044209957,0.457069999538362
20260911_131106_302206,3,256,8,M,2,172,0.8921467997133732,0.4550202991813421,0.455061599612236
20260911_131106_302206,3,256,8,M,2,173,0.9183646999299526,0.47293670009821653,0.47296630032360554
20260911_131106_302206,3,256,8,M,2,174,0.9147776002064347,0.4603895004838705,0.4604218006134033
20260911_131106_302206,3,256,8,M,2,175,0.9124367004260421,0.4757138006389141,0.4757431000471115
20260911_131106_302206,3,256,8,M,2,176,0.906165100634098,0.47666449937969446,0.47669340018182993
20260911_131106_302206,3,256,8,M,2,177,0.8760450994595885,0.4677883004769683,0.46781690046191216
20260911_131106_302206,3,256,8,M,2,178,0.9091686001047492,0.4849378000944853,0.48496749997138977
20260911_131106_302206,3,256,8,M,2,179,0.9885615007951856,0.5134682999923825,0.5135281002148986
20260911_131106_302206,3,256,8,M,2,180,0.9802442993968725,0.49373240023851395,0.49378539994359016
20260911_131106_302206,3,256,8,M,2,181,0.9407239006832242,0.46730330027639866,0.467331999912858
20260911_131106_302206,3,256,8,M,2,182,0.956861600279808,0.4991242000833154,0.49915789999067783
20260911_131106_302206,3,256,8,M,2,183,0.9135183002799749,0.47026760037988424,0.47030110005289316
20260911_131106_302206,3,256,8,M,2,184,0.9121570996940136,0.4820332005620003,0.4820619998499751
20260911_131106_302206,3,256,8,M,2,185,0.9193302998319268,0.5033374996855855,0.5033799996599555
20260911_131106_302206,3,256,8,M,2,186,0.9030590001493692,0.4678051006048918,0.46783330012112856
20260911_131106_302206,3,256,8,M,2,187,0.9168091993778944,0.4797591995447874,0.4797957995906472
20260911_131106_302206,3,256,8,M,2,188,0.9087247001007199,0.4752930998802185,0.47532769944518805
20260911_131106_302206,3,256,8,M,2,189,0.8950725002214313,0.45720990002155304,0.4572444995865226
20260911_131106_302206,3,256,8,M,2,190,0.8883225005120039,0.4613680001348257,0.46139710023999214
20260911_131106_302206,3,256,8,M,2,191,0.9249900002032518,0.5271025002002716,0.5271330997347832
20260911_131106_302206,3,256,8,M,2,192,0.9287520004436374,0.4819571999832988,0.48198620043694973
20260911_131106_302206,3,256,8,M,2,193,0.9022773997858167,0.47840060014277697,0.4784297998994589
20260911_131106_302206,3,256,8,M,2,194,0.875288600102067,0.4683244004845619,0.4683584002777934
20260911_131106_302206,3,256,8,M,2,195,0.9266334995627403,0.4658995997160673,0.46592860016971827
20260911_131106_302206,3,256,8,M,2,196,0.9083270002156496,0.475887100212276,0.4759232001379132
20260911_131106_302206,3,256,8,M,2,197,0.898815100081265,0.45391769986599684,0.4539467999711633
20260911_131106_302206,3,256,8,M,2,198,0.8829808998852968,0.4600763004273176,0.4601150006055832
20260911_131106_302206,3,256,8,M,2,199,0.8992502000182867,0.4722817996516824,0.47231149952858686
20260911_131106_302206,3,256,8,M,2,200,0.937419100664556,0.46845349948853254,0.46848389972001314
20260911_131106_302206,3,256,8,M,2,201,0.9407693995162845,0.4712992003187537,0.47133239917457104
20260911_131106_302206,3,256,8,M,2,202,0.9335674997419119,0.525870299898088,0.5259020002558827
20260911_131106_302206,3,256,8,M,2,203,0.9740579007193446,0.5109304999932647,0.5109604001045227
20260911_131106_302206,3,256,8,M,2,204,0.933011899702251,0.4670653007924557,0.467094000428915
20260911_131106_302206,3,256,8,M,2,205,0.9690331006422639,0.5140275992453098,0.5140811000019312
20260911_131106_302206,3,256,8,M,2,206,0.949588400311768,0.46711689978837967,0.46715820021927357
20260911_131106_302206,3,256,8,M,2,207,0.9845142997801304,0.5367711996659636,0.5368277998641133
20260911_131106_302206,3,256,8,M,2,208,1.1246497007086873,0.5970826996490359,0.5971264997497201
20260911_131106_302206,3,256,8,M,2,209,1.0133834006264806,0.49771879985928535,0.4977704007178545
20260911_131106_302206,3,256,8,M,2,210,1.125280300155282,0.49829789996147156,0.49832870066165924
20260911_131106_302206,3,256,8,M,2,211,0.9870753008872271,0.5281929997727275,0.5282353004440665
20260911_131106_302206,3,256,8,M,2,212,0.9799094991758466,0.4988035000860691,0.4988426994532347
20260911_131106_302206,3,256,8,M,2,213,0.9572767997160554,0.47785549983382225,0.4778910996392369
20260911_131106_302206,3,256,8,M,2,214,1.039037000387907,0.5121680004522204,0.512211199849844
20260911_131106_302206,3,256,8,M,2,215,1.0246741995215416,0.5135973999276757,0.5136417001485825
20260911_131106_302206,3,256,8,M,2,216,0.9640977000817657,0.48102409951388836,0.4810636006295681
20260911_131106_302206,3,256,8,M,2,217,0.8869417002424598,0.4966215007007122,0.49665680062025785
20260911_131106_302206,3,256,8,M,2,218,0.9276021998375654,0.5091511998325586,0.5091894008219242
20260911_131106_302206,3,256,8,M,2,219,0.9459079997614026,0.5030332999303937,0.5030936999246478
20260911_131106_302206,3,256,8,M,2,220,0.9223298998549581,0.45895690005272627,0.45899949967861176
20260911_131106_302206,3,256,8,M,2,221,1.011893299408257,0.47512730024755,0.4751687999814749
20260911_131106_302206,3,256,8,M,2,222,0.9405034994706511,0.48578699957579374,0.48582910001277924
20260911_131106_302206,3,256,8,M,2,223,0.9645537007600069,0.47855899948626757,0.4785914998501539
20260911_131106_302206,3,256,8,M,2,224,0.9418950006365776,0.486943700350821,0.48697640001773834
20260911_131106_302206,3,256,8,M,2,225,1.013714799657464,0.4978932002559304,0.49793259985744953
20260911_131106_302206,3,256,8,M,2,226,0.9243086995556951,0.48175640031695366,0.48179340083152056
20260911_131106_302206,3,256,8,M,2,227,0.8884797999635339,0.4530571000650525,0.45309409964829683
20260911_131106_302206,3,256,8,M,2,228,0.9093672996386886,0.4705723002552986,0.47061469964683056
20260911_131106_302206,3,256,8,M,2,229,0.8907189993187785,0.4654160998761654,0.46545829996466637
20260911_131106_302206,3,256,8,M,2,230,0.8867926001548767,0.48483110032975674,0.48487310018390417
20260911_131106_302206,3,256,8,M,2,231,0.8987560998648405,0.4675503997132182,0.4676053998991847
20260911_131106_302206,3,256,8,M,2,232,0.902250699698925,0.4846601998433471,0.48469039984047413
20260911_131106_302206,3,256,8,M,2,233,0.9333407003432512,0.4923560004681349,0.49239519983530045
20260911_131106_302206,3,256,8,M,2,234,0.8987191999331117,0.46638720016926527,0.4664217000827193
20260911_131106_302206,3,256,8,M,2,235,0.8818247001618147,0.44459580071270466,0.4446252007037401
20260911_131106_302206,3,256,8,M,2,236,0.9041849998757243,0.48470130003988743,0.4847309999167919
20260911_131106_302206,3,256,8,M,2,237,0.8885685000568628,0.466830899938941,0.4668601993471384
20260911_131106_302206,3,256,8,M,2,238,0.9009742001071572,0.45819339994341135,0.4582233000546694
20260911_131106_302206,3,256,8,M,2,239,0.9290928998962045,0.48598199989646673,0.4860188001766801
20260911_131106_302206,3,256,8,M,2,240,0.9731048000976443,0.48559349961578846,0.48562399949878454
20260911_131106_302206,3,256,8,M,2,241,0.920104599557817,0.4695994006469846,0.469628700055182
20260911_131106_302206,3,256,8,M,2,242,0.9399252999573946,0.5005526002496481,0.5005866000428796
20260911_131106_302206,3,256,8,M,2,243,0.898573100566864,0.46878959983587265,0.46882439963519573
20260911_131106_302206,3,256,8,M,2,244,0.8883480997756124,0.4552729995921254,0.4553015995770693
20260911_131106_302206,3,256,8,M,2,245,0.8729768004268408,0.4605756001546979,0.4606039999052882
20260911_131106_302206,3,256,8,M,2,246,0.8771651005372405,0.4485399993136525,0.44856899976730347
20260911_131106_302206,3,256,8,M,2,247,0.9003402004018426,0.44979629945009947,0.44982670061290264
20260911_131106_302206,3,256,8,M,2,248,0.8647127002477646,0.44865059945732355,0.4486800003796816
20260911_131106_302206,3,256,8,M,2,249,0.8863625004887581,0.45545689947903156,0.45548500027507544
20260911_131106_302206,3,256,8,M,2,250,0.8683837000280619,0.45690760016441345,0.4569413000717759
20260911_131106_302206,3,256,8,M,2,251,0.8431028993800282,0.4541853992268443,0.4542137999087572
20260911_131106_302206,3,256,8,M,2,252,0.8661502003669739,0.44688200019299984,0.4469126993790269
20260911_131106_302206,3,256,8,M,2,253,0.8760313000530005,0.4471060996875167,0.44713549967855215
20260911_131106_302206,3,256,8,M,2,254,0.8540877997875214,0.45048039965331554,0.45051740016788244
20260911_131106_302206,3,256,8,M,2,255,0.8677328992635012,0.4534237999469042,0.4534537000581622
20260911_131106_302206,4,8,3,M,1,0,0.7620748998597264,0.4331005001440644,0.43312960024923086
20260911_131106_302206,4,8,3,M,1,1,0.7259154999628663,0.4349923999980092,0.435024899430573
20260911_131106_302206,4,8,3,M,1,2,0.7351273000240326,0.4342498993501067,0.4342796001583338
20260911_131106_302206,4,8,3,M,1,3,0.7235276000574231,0.41719780024141073,0.41722990013659
20260911_131106_302206,4,8,3,M,1,4,0.72967469971627,0.42385790031403303,0.4238861007615924
20260911_131106_302206,4,8,3,M,1,5,0.7207779996097088,0.4441432002931833,0.44417129922658205
20260911_131106_302206,4,8,3,M,1,6,0.7181321000680327,0.4273078003898263,0.42734349984675646
20260911_131106_302206,4,8,3,M,1,7,0.7300078002735972,0.4265430998057127,0.42657320015132427
20260911_131106_302206,4,8,3,NM,2,0,0.6527426997199655,0.4476762004196644,0.4477043002843857
20260911_131106_302206,4,8,3,NM,2,1,0.658839600160718,0.4346570000052452,0.4346949001774192
20260911_131106_302206,4,8,3,NM,2,2,0.7506470000371337,0.5086314994841814,0.5086655002087355
20260911_131106_302206,4,8,3,NM,2,3,0.7713832994922996,0.4534862991422415,0.453523600474
20260911_131106_302206,4,8,3,NM,2,4,0.6802080003544688,0.506245699711144,0.5062865000218153
20260911_131106_302206,4,8,3,NM,2,5,0.7229137998074293,0.43306019995361567,0.43308749981224537
20260911_131106_302206,4,8,3,NM,2,6,0.663145100697875,0.4379056002944708,0.43793469946831465
20260911_131106_302206,4,8,3,NM,2,7,0.678715500049293,0.43887339998036623,0.4389019003137946
20260911_131106_302206,4,16,4,M,1,0,0.7710319003090262,0.4381555998697877,0.43818469997495413
20260911_131106_302206,4,16,4,M,1,1,0.7162167001515627,0.4355353005230427,0.43556359969079494
20260911_131106_302206,4,16,4,M,1,2,0.7095563001930714,0.42308649979531765,0.4231163002550602
20260911_131106_302206,4,16,4,M,1,3,0.7267688000574708,0.42894669994711876,0.4289738992229104
20260911_131106_302206,4,16,4,M,1,4,0.7325402004644275,0.41497290041297674,0.4150019995868206
20260911_131106_302206,4,16,4,M,1,5,0.7413718998432159,0.42492130026221275,0.4249530006200075
20260911_131106_302206,4,16,4,M,1,6,0.7219337997958064,0.42672920040786266,0.42675930075347424
20260911_131106_302206,4,16,4,M,1,7,0.7298900997266173,0.4355411995202303,0.4355707997456193
20260911_131106_302206,4,16,4,M,1,8,0.7302067996934056,0.4524722006171942,0.4525015000253916
20260911_131106_302206,4,16,4,M,1,9,0.788242899812758,0.47203230019658804,0.472062099725008
20260911_131106_302206,4,16,4,M,1,10,0.7733025997877121,0.45847580023109913,0.45850619953125715
20260911_131106_302206,4,16,4,M,1,11,0.7313723992556334,0.4219677997753024,0.42200889997184277
20260911_131106_302206,4,16,4,M,1,12,0.7436285000294447,0.4343785000964999,0.4344140999019146
20260911_131106_302206,4,16,4,M,1,13,0.744110899977386,0.43635059986263514,0.4363796003162861
20260911_131106_302206,4,16,4,M,1,14,0.7418864006176591,0.44348989985883236,0.44352070055902004
20260911_131106_302206,4,16,4,M,1,15,0.7481276001781225,0.4391824007034302,0.43921299930661917
20260911_131106_302206,4,16,4,NM,2,0,0.6648297999054193,0.4237067000940442,0.42373699974268675
20260911_131106_302206,4,16,4,NM,2,1,0.6652351003140211,0.41640760004520416,0.41643839981406927
20260911_131106_302206,4,16,4,NM,2,2,0.6646895995363593,0.42297300044447184,0.4230027003213763
20260911_131106_302206,4,16,4,NM,2,3,0.6519888006150723,0.4223062004894018,0.42234940081834793
20260911_131106_302206,4,16,4,NM,2,4,0.647681999951601,0.42706819996237755,0.4270957000553608
20260911_131106_302206,4,16,4,NM,2,5,0.6628518998622894,0.4475221000611782,0.44755199924111366
20260911_131106_302206,4,16,4,NM,2,6,0.6678323000669479,0.43880150001496077,0.43883119989186525
20260911_131106_302206,4,16,4,NM,2,7,0.6633497001603246,0.4588748998939991,0.4589064000174403
20260911_131106_302206,4,16,4,NM,2,8,0.7244568997994065,0.43043529987335205,0.4304643999785185
20260911_131106_302206,4,16,4,NM,2,9,0.6659297002479434,0.4485867004841566,0.44861510023474693
20260911_131106_302206,4,16,4,NM,2,10,0.6772022005170584,0.43867790047079325,0.43870639987289906
20260911_131106_302206,4,16,4,NM,2,11,0.6558031002059579,0.42954070027917624,0.4295806996524334
20260911_131106_302206,4,16,4,NM,2,12,0.6519817998632789,0.419722399674356,0.4197672000154853
20260911_131106_302206,4,16,4,NM,2,13,0.6505355006083846,0.43181889969855547,0.4318498997017741
20260911_131106_302206,4,16,4,NM,2,14,0.6597782000899315,0.4317739000543952,0.431801600381732
20260911_131106_302206,4,16,4,NM,2,15,0.6523092994466424,0.43367719929665327,0.43370829988271
20260911_131106_302206,4,32,5,M,1,0,0.7795418994501233,0.4273865995928645,0.4274150999262929
20260911_131106_302206,4,32,5,M,1,1,0.7549567008391023,0.4255977999418974,0.4256415003910661
20260911_131106_302206,4,32,5,M,1,2,0.744056100025773,0.4328218000009656,0.43285039998590946
20260911_131106_302206,4,32,5,M,1,3,0.7486819997429848,0.45714389998465776,0.4571851994842291
20260911_131106_302206,4,32,5,M,1,4,0.7507167998701334,0.43036310002207756,0.430392200127244
20260911_131106_302206,4,32,5,M,1,5,0.7646029004827142,0.42803770024329424,0.4280703002586961
20260911_131106_302206,4,32,5,M,1,6,0.7618484003469348,0.4346430003643036,0.4346714001148939
20260911_131106_302206,4,32,5,M,1,7,0.7375571001321077,0.43473760038614273,0.43476609978824854
20260911_131106_302206,4,32,5,M,1,8,0.7584185004234314,0.4323552995920181,0.43238590005785227
20260911_131106_302206,4,32,5,M,1,9,0.7594702001661062,0.4305894998833537,0.4306191001087427
20260911_131106_302206,4,32,5,M,1,10,0.7612119000405073,0.4467063993215561,0.4467397006228566
20260911_131106_302206,4,32,5,M,1,11,0.7735315002501011,0.43845729995518923,0.4384909998625517
20260911_131106_302206,4,32,5,M,1,12,0.7435044003650546,0.44051050022244453,0.44054039940238
20260911_131106_302206,4,32,5,M,1,13,0.7654493004083633,0.44783779978752136,0.44786749966442585
20260911_131106_302206,4,32,5,M,1,14,0.8329628007486463,0.5132351005449891,0.5132665997371078
20260911_131106_302206,4,32,5,M,1,15,0.8537566000595689,0.444144600071013,0.44417480006814003
20260911_131106_302206,4,32,5,M,1,16,0.8183912998065352,0.4790236996486783,0.47905309963971376
20260911_131106_302206,4,32,5,M,1,17,0.9062951002269983,0.45384430047124624,0.45387559942901134
20260911_131106_302206,4,32,5,M,1,18,0.7966715004295111,0.4751385999843478,0.47516930010169744
20260911_131106_302206,4,32,5,M,1,19,0.8152964003384113,0.465378999710083,0.4654077999293804
20260911_131106_302206,4,32,5,M,1,20,0.7899829996749759,0.4542267993092537,0.45425840001553297
20260911_131106_302206,4,32,5,M,1,21,0.7726874994114041,0.45918980054557323,0.45922370068728924
20260911_131106_302206,4,32,5,M,1,22,0.791019800119102,0.4507999997586012,0.45082850009202957
20260911_131106_302206,4,32,5,M,1,23,0.7775616003200412,0.4512168997898698,0.4512444995343685
20260911_131106_302206,4,32,5,M,1,24,0.7764781005680561,0.4496510000899434,0.44968049973249435
20260911_131106_302206,4,32,5,M,1,25,0.7857937999069691,0.44515749998390675,0.445185799151659
20260911_131106_302206,4,32,5,M,1,26,0.7686633002012968,0.43976010009646416,0.43978860042989254
20260911_131106_302206,4,32,5,M,1,27,0.7700431998819113,0.4527142997831106,0.4527432005852461
20260911_131106_302206,4,32,5,M,1,28,0.8115979004651308,0.44502520002424717,0.44505380000919104
20260911_131106_302206,4,32,5,M,1,29,0.7755398005247116,0.45567889977246523,0.45570719987154007
20260911_131106_302206,4,32,5,M,1,30,0.7701009996235371,0.45404869969934225,0.4540764996781945
20260911_131106_302206,4,32,5,M,1,31,0.7656221995130181,0.4466387005522847,0.4466824997216463
20260911_131106_302206,4,32,5,NM,2,0,0.696318699978292,0.4651746992021799,0.4652070002630353
20260911_131106_302206,4,32,5,NM,2,1,0.677449700422585,0.450950900092721,0.4509813003242016
20260911_131106_302206,4,32,5,NM,2,2,0.6826168997213244,0.4608982000499964,0.4609378995373845
20260911_131106_302206,4,32,5,NM,2,3,0.6997018996626139,0.44457529950886965,0.44460489973425865
20260911_131106_302206,4,32,5,NM,2,4,0.6759240003302693,0.4417589996010065,0.4417866999283433
20260911_131106_302206,4,32,5,NM,2,5,0.6802448993548751,0.44032219983637333,0.4403507001698017
20260911_131106_302206,4,32,5,NM,2,6,0.6762117994949222,0.45414929930120707,0.45417810045182705
20260911_131106_302206,4,32,5,NM,2,7,0.6854181997478008,0.44413580000400543,0.44417909998446703
20260911_131106_302206,4,32,5,NM,2,8,0.670702500268817,0.44761740043759346,0.447647999972105
20260911_131106_302206,4,32,5,NM,2,9,0.6728213001042604,0.44295560009777546,0.4429842000827193
20260911_131106_302206,4,32,5,NM,2,10,0.6973697999492288,0.4454965991899371,0.4455261006951332
20260911_131106_302206,4,32,5,NM,2,11,0.6953691001981497,0.4487017998471856,0.44873240031301975
20260911_131106_302206,4,32,5,NM,2,12,0.6911350004374981,0.43407540023326874,0.43410500045865774
20260911_131106_302206,4,32,5,NM,2,13,0.6799448998644948,0.44849730003625154,0.44853169936686754
20260911_131106_302206,4,32,5,NM,2,14,0.6924882000312209,0.4584657000377774,0.45849569980055094
20260911_131106_302206,4,32,5,NM,2,15,0.7015603994950652,0.44988409988582134,0.4499158998951316
20260911_131106_302206,4,32,5,NM,2,16,0.6946830004453659,0.44231059961020947,0.442344699986279
20260911_131106_302206,4,32,5,NM,2,17,0.6901634000241756,0.4411903005093336,0.44121970050036907
20260911_131106_302206,4,32,5,NM,2,18,0.6939197992905974,0.44556279946118593,0.4455959005281329
20260911_131106_302206,4,32,5,NM,2,19,0.6780825005844235,0.44398870039731264,0.4440192999318242
20260911_131106_302206,4,32,5,NM,2,20,0.6819938998669386,0.4514415003359318,0.4514699997380376
20260911_131106_302206,4,32,5,NM,2,21,0.6941169993951917,0.43535889964550734,0.4353918004781008
20260911_131106_302206,4,32,5,NM,2,22,0.6775217996910214,0.44782929960638285,0.4478629995137453
20260911_131106_302206,4,32,5,NM,2,23,0.6726572997868061,0.44965390022844076,0.44969229958951473
20260911_131106_302206,4,32,5,NM,2,24,0.6878344006836414,0.44934789929538965,0.4493893003091216
20260911_131106_302206,4,32,5,NM,2,25,0.6773236999288201,0.4447602005675435,0.44478929974138737
20260911_131106_302206,4,32,5,NM,2,26,0.6865713000297546,0.4594423994421959,0.45946949999779463
20260911_131106_302206,4,32,5,NM,2,27,0.6759037002921104,0.4421060997992754,0.44213590025901794
20260911_131106_302206,4,32,5,NM,2,28,0.6770542003214359,0.44055490009486675,0.4405823992565274
20260911_131106_302206,4,32,5,NM,2,29,0.6878041997551918,0.45751439966261387,0.4575438005849719
20260911_131106_302206,4,32,5,NM,2,30,0.6909568998962641,0.44293429981917143,0.4429757995530963
20260911_131106_302206,4,32,5,NM,2,31,0.6829081997275352,0.4472882002592087,0.4473176999017596
20260911_131106_302206,4,64,6,M,1,0,0.8485720995813608,0.42351930029690266,0.42354900017380714
20260911_131106_302206,4,64,6,M,1,1,0.8259362997487187,0.43616180028766394,0.43619189970195293
20260911_131106_302206,4,64,6,M,1,2,0.8414928000420332,0.4199277004227042,0.41995720006525517
20260911_131106_302206,4,64,6,M,1,3,0.8366511994972825,0.44133649952709675,0.4413689998909831
20260911_131106_302206,4,64,6,M,1,4,0.8226691000163555,0.4411177998408675,0.441147199831903
20260911_131106_302206,4,64,6,M,1,5,0.8402007995173335,0.47433049976825714,0.474363099783659
20260911_131106_302206,4,64,6,M,1,6,0.828282100148499,0.43432029988616705,0.4343501999974251
20260911_131106_302206,4,64,6,M,1,7,0.8644127994775772,0.43691600020974874,0.4369435999542475
20260911_131106_302206,4,64,6,M,1,8,0.845155700109899,0.4576016999781132,0.4576300997287035
20260911_131106_302206,4,64,6,M,1,9,0.8263319004327059,0.4296399997547269,0.4296695999801159
20260911_131106_302206,4,64,6,M,1,10,0.8146163998171687,0.43828790076076984,0.4383188998326659
20260911_131106_302206,4,64,6,M,1,11,0.8139262003824115,0.44214569963514805,0.4421793008223176
20260911_131106_302206,4,64,6,M,1,12,0.8248359998688102,0.4353710003197193,0.4354004003107548
20260911_131106_302206,4,64,6,M,1,13,0.8529209000989795,0.44649169966578484,0.4465207001194358
20260911_131106_302206,4,64,6,M,1,14,0.8362630000337958,0.4354993999004364,0.43553039990365505
20260911_131106_302206,4,64,6,M,1,15,0.8303608000278473,0.44959900062531233,0.4496275996789336
20260911_131106_302206,4,64,6,M,1,16,0.8443086994811893,0.44913729932159185,0.44916689954698086
20260911_131106_302206,4,64,6,M,1,17,0.8323652995750308,0.451354400254786,0.4513848004862666
20260911_131106_302206,4,64,6,M,1,18,0.8405146999284625,0.4519846001639962,0.4520171005278826
20260911_131106_302206,4,64,6,M,1,19,0.8354697003960609,0.4465121002867818,0.4465405996888876
20260911_131106_302206,4,64,6,M,1,20,0.8411197997629642,0.4439363991841674,0.4439658997580409
20260911_131106_302206,4,64,6,M,1,21,0.85466150008142,0.4522306006401777,0.4522623000666499
20260911_131106_302206,4,64,6,M,1,22,0.83403529971838,0.44046830013394356,0.4404965005815029
20260911_131106_302206,4,64,6,M,1,23,0.8332662004977465,0.4386371998116374,0.4386730995029211
20260911_131106_302206,4,64,6,M,1,24,0.826855399645865,0.4527366003021598,0.452767800539732
20260911_131106_302206,4,64,6,M,1,25,0.8309507993981242,0.4398175999522209,0.439856699667871
20260911_131106_302206,4,64,6,M,1,26,0.8383562006056309,0.44822710007429123,0.4482551999390125
20260911_131106_302206,4,64,6,M,1,27,0.840238300152123,0.44680099934339523,0.4468395998701453
20260911_131106_302206,4,64,6,M,1,28,0.8320458997040987,0.4559009997174144,0.4559297999367118
20260911_131106_302206,4,64,6,M,1,29,0.8580093001946807,0.45272149983793497,0.45275000017136335
20260911_131106_302206,4,64,6,M,1,30,0.8369803996756673,0.4542279001325369,0.4542570998892188
20260911_131106_302206,4,64,6,M,1,31,0.8270278004929423,0.4424329996109009,0.44246169924736023
20260911_131106_302206,4,64,6,M,1,32,0.8506246004253626,0.45363459922373295,0.45366640016436577
20260911_131106_302206,4,64,6,M,1,33,0.8732003001496196,0.4723916994407773,0.47242460027337074
20260911_131106_302206,4,64,6,M,1,34,0.9086028998717666,0.4690562002360821,0.46908879932016134
20260911_131106_302206,4,64,6,M,1,35,0.909599700011313,0.4688483001664281,0.46889809984713793
20260911_131106_302206,4,64,6,M,1,36,0.9074659002944827,0.4653318002820015,0.46536360029131174
20260911_131106_302206,4,64,6,M,1,37,0.8675643000751734,0.47116919979453087,0.4712040005251765
20260911_131106_302206,4,64,6,M,1,38,0.8898496003821492,0.5388369001448154,0.5388735001906753
20260911_131106_302206,4,64,6,M,1,39,0.9745199996978045,0.4966688994318247,0.49670440051704645
20260911_131106_302206,4,64,6,M,1,40,0.8771087992936373,0.47818030044436455,0.4782155994325876
20260911_131106_302206,4,64,6,M,1,41,0.8892164994031191,0.4757294002920389,0.47577650006860495
20260911_131106_302206,4,64,6,M,1,42,0.8666428001597524,0.4828625004738569,0.4828965002670884
20260911_131106_302206,4,64,6,M,1,43,0.8815655997022986,0.4624677998945117,0.4625029005110264
20260911_131106_302206,4,64,6,M,1,44,0.8620977997779846,0.46626169979572296,0.46630229987204075
20260911_131106_302206,4,64,6,M,1,45,0.8976138001307845,0.4626222997903824,0.4626541994512081
20260911_131106_302206,4,64,6,M,1,46,0.8885563993826509,0.4712201999500394,0.47125310078263283
20260911_131106_302206,4,64,6,M,1,47,0.8912344006821513,0.4608076997101307,0.4608431002125144
20260911_131106_302206,4,64,6,M,1,48,0.8813458001241088,0.4571336004883051,0.4571695998311043
20260911_131106_302206,4,64,6,M,1,49,0.8733044005930424,0.4757767003029585,0.47581070009619
20260911_131106_302206,4,64,6,M,1,50,0.8786709001287818,0.47460620012134314,0.474639100022614
20260911_131106_302206,4,64,6,M,1,51,0.8810678999871016,0.4634061995893717,0.4634560998529196
20260911_131106_302206,4,64,6,M,1,52,0.8721845997497439,0.45797079987823963,0.4580044997856021
20260911_131106_302206,4,64,6,M,1,53,0.8645088002085686,0.47002349980175495,0.4700568998232484
20260911_131106_302206,4,64,6,M,1,54,0.8781922999769449,0.46421500016003847,0.4642468001693487
20260911_131106_302206,4,64,6,M,1,55,0.8762376001104712,0.4533265996724367,0.45335880015045404
20260911_131106_302206,4,64,6,M,1,56,0.8621469000354409,0.46012499928474426,0.4601587001234293
20260911_131106_302206,4,64,6,M,1,57,0.8617238001897931,0.4707037005573511,0.47074999939650297
20260911_131106_302206,4,64,6,M,1,58,0.8693403005599976,0.4702686006203294,0.4703024001792073
20260911_131106_302206,4,64,6,M,1,59,0.876269600354135,0.5164254000410438,0.5164604997262359
20260911_131106_302206,4,64,6,M,1,60,1.0734629994258285,0.5697520999237895,0.5697993999347091
20260911_131106_302206,4,64,6,M,1,61,0.951002599671483,0.4888208992779255,0.4888555994257331
20260911_131106_302206,4,64,6,M,1,62,0.9333958998322487,0.490930899977684,0.4909664997830987
20260911_131106_302206,4,64,6,M,1,63,0.8764046998694539,0.4754151003435254,0.4754472002387047
20260911_131106_302206,4,64,6,NM,2,0,0.7316566007211804,0.48821489978581667,0.4882478006184101
20260911_131106_302206,4,64,6,NM,2,1,0.6837898995727301,0.47380429971963167,0.47383740078657866
20260911_131106_302206,4,64,6,NM,2,2,0.6951646003872156,0.44047429971396923,0.44050540030002594
20260911_131106_302206,4,64,6,NM,2,3,0.6777162998914719,0.4485154002904892,0.4485467001795769
20260911_131106_302206,4,64,6,NM,2,4,0.6857652999460697,0.46111590042710304,0.4611491998657584
20260911_131106_302206,4,64,6,NM,2,5,0.7433682000264525,0.45277800038456917,0.4528107000514865
20260911_131106_302206,4,64,6,NM,2,6,0.6886647995561361,0.44857909996062517,0.4486108999699354
20260911_131106_302206,4,64,6,NM,2,7,0.6885094000026584,0.44897739961743355,0.4490106999874115
20260911_131106_302206,4,64,6,NM,2,8,0.691096399910748,0.45673950016498566,0.45677189994603395
20260911_131106_302206,4,64,6,NM,2,9,0.6737459003925323,0.4506376003846526,0.45066829957067966
20260911_131106_302206,4,64,6,NM,2,10,0.6958125997334719,0.4541939999908209,0.45422450080513954
20260911_131106_302206,4,64,6,NM,2,11,0.7020097002387047,0.4427712997421622,0.44280199985951185
20260911_131106_302206,4,64,6,NM,2,12,0.7069749999791384,0.44506549928337336,0.4451027996838093
20260911_131106_302206,4,64,6,NM,2,13,0.6843870999291539,0.4534579999744892,0.453490000218153
20260911_131106_302206,4,64,6,NM,2,14,0.702365200035274,0.452152899466455,0.45218539983034134
20260911_131106_302206,4,64,6,NM,2,15,0.6901987995952368,0.4547985000535846,0.4548330996185541
20260911_131106_302206,4,64,6,NM,2,16,0.6854050001129508,0.45532930083572865,0.4554746998474002
20260911_131106_302206,4,64,6,NM,2,17,0.7020863993093371,0.4472460998222232,0.44729189947247505
20260911_131106_302206,4,64,6,NM,2,18,0.7018120996654034,0.43776680063456297,0.43780050054192543
20260911_131106_302206,4,64,6,NM,2,19,0.6940374001860619,0.43975779972970486,0.43978860042989254
20260911_131106_302206,4,64,6,NM,2,20,0.6961261006072164,0.4471418000757694,0.44717250019311905
20260911_131106_302206,4,64,6,NM,2,21,0.6793789993971586,0.45458680018782616,0.45461910031735897
20260911_131106_302206,4,64,6,NM,2,22,0.6917530000209808,0.46185929980129004,0.46189980022609234
20260911_131106_302206,4,64,6,NM,2,23,0.7045397004112601,0.45595130044966936,0.45598259940743446
20260911_131106_302206,4,64,6,NM,2,24,0.6881124004721642,0.448993599973619,0.4490258004516363
20260911_131106_302206,4,64,6,NM,2,25,0.6917932005599141,0.46998560056090355,0.4700205000117421
20260911_131106_302206,4,64,6,NM,2,26,0.6947301998734474,0.44837919995188713,0.4484109999611974
20260911_131106_302206,4,64,6,NM,2,27,0.6921022003516555,0.4632601998746395,0.4632909996435046
20260911_131106_302206,4,64,6,NM,2,28,0.6802271995693445,0.4422484003007412,0.4422796005383134
20260911_131106_302206,4,64,6,NM,2,29,0.6965723996981978,0.4569453001022339,0.4569776998832822
20260911_131106_302206,4,64,6,NM,2,30,0.6943067004904151,0.44780270010232925,0.44783500023186207
20260911_131106_302206,4,64,6,NM,2,31,0.6923800995573401,0.4769118996337056,0.47695109993219376
20260911_131106_302206,4,64,6,NM,2,32,0.7894407995045185,0.47173780016601086,0.47177889943122864
20260911_131106_302206,4,64,6,NM,2,33,0.7048001997172832,0.4466072004288435,0.4466377003118396
20260911_131106_302206,4,64,6,NM,2,34,0.6801795000210404,0.44904259964823723,0.44907329976558685
20260911_131106_302206,4,64,6,NM,2,35,0.6922927005216479,0.4365672003477812,0.43660510051995516
20260911_131106_302206,4,64,6,NM,2,36,0.691032599657774,0.45530590042471886,0.45533790066838264
20260911_131106_302206,4,64,6,NM,2,37,0.6986926002427936,0.4390067998319864,0.43903980031609535
20260911_131106_302206,4,64,6,NM,2,38,0.6970525002107024,0.44902640022337437,0.4490598002448678
20260911_131106_302206,4,64,6,NM,2,39,0.6950654005631804,0.45285610016435385,0.45289519988000393
20260911_131106_302206,4,64,6,NM,2,40,0.6889968002215028,0.456581799313426,0.45661550015211105
20260911_131106_302206,4,64,6,NM,2,41,0.6857990007847548,0.48075420036911964,0.48079909943044186
20260911_131106_302206,4,64,6,NM,2,42,0.7037287997081876,0.4550604000687599,0.4550927998498082
20260911_131106_302206,4,64,6,NM,2,43,0.6952865999191999,0.4563149996101856,0.4563477002084255
20260911_131106_302206,4,64,6,NM,2,44,0.6915266998112202,0.4594458006322384,0.4594777002930641
20260911_131106_302206,4,64,6,NM,2,45,0.6868771994486451,0.4523712005466223,0.45240330044180155
20260911_131106_302206,4,64,6,NM,2,46,0.692539700306952,0.4532626997679472,0.4532941998913884
20260911_131106_302206,4,64,6,NM,2,47,0.7098666997626424,0.4554002992808819,0.4554324997588992
20260911_131106_302206,4,64,6,NM,2,48,0.7328233998268843,0.5033637005835772,0.5034079002216458
20260911_131106_302206,4,64,6,NM,2,49,0.7501787003129721,0.5238518007099628,0.5239001996815205
20260911_131106_302206,4,64,6,NM,2,50,0.7380125001072884,0.4782998003065586,0.47833359986543655
20260911_131106_302206,4,64,6,NM,2,51,0.7201734008267522,0.4642316000536084,0.4642660999670625
20260911_131106_302206,4,64,6,NM,2,52,0.721467200666666,0.4585609994828701,0.45860560052096844
20260911_131106_302206,4,64,6,NM,2,53,0.6978078996762633,0.4515225002542138,0.4515546001493931
20260911_131106_302206,4,64,6,NM,2,54,0.6888565998524427,0.4578657001256943,0.4578968994319439
20260911_131106_302206,4,64,6,NM,2,55,0.6877677999436855,0.43875040020793676,0.4387815995141864
20260911_131106_302206,4,64,6,NM,2,56,0.6920448001474142,0.449137800373137,0.4491713000461459
20260911_131106_302206,4,64,6,NM,2,57,0.6901530995965004,0.44625999964773655,0.4462925000116229
20260911_131106_302206,4,64,6,NM,2,58,0.7078242003917694,0.45428979955613613,0.4543207995593548
20260911_131106_302206,4,64,6,NM,2,59,0.6842593001201749,0.44739179965108633,0.4474222008138895
20260911_131106_302206,4,64,6,NM,2,60,0.6735169999301434,0.45434890035539865,0.4543826999142766
20260911_131106_302206,4,64,6,NM,2,61,0.6846136003732681,0.43933380022644997,0.43937049992382526
20260911_131106_302206,4,64,6,NM,2,62,0.6961388997733593,0.4521937994286418,0.4522253004834056
20260911_131106_302206,4,64,6,NM,2,63,0.6886944994330406,0.44286329951137304,0.4428981998935342
20260911_131106_302206,4,128,7,M,1,0,0.8215075992047787,0.42167709954082966,0.42170630022883415
20260911_131106_302206,4,128,7,M,1,1,0.8125288998708129,0.4265173003077507,0.426545899361372
20260911_131106_302206,4,128,7,M,1,2,0.8282107003033161,0.41631689947098494,0.41634630039334297
20260911_131106_302206,4,128,7,M,1,3,0.8183303000405431,0.4279714999720454,0.4280128004029393
20260911_131106_302206,4,128,7,M,1,4,0.824982300400734,0.42710790038108826,0.42713750060647726
20260911_131106_302206,4,128,7,M,1,5,0.8323414996266365,0.42600780073553324,0.4260397991165519
20260911_131106_302206,4,128,7,M,1,6,0.8189069991931319,0.43637660052627325,0.43640980031341314
20260911_131106_302206,4,128,7,M,1,7,0.860560099594295,0.47989890072494745,0.4799291007220745
20260911_131106_302206,4,128,7,M,1,8,0.9233849002048373,0.4946963004767895,0.494730900041759
20260911_131106_302206,4,128,7,M,1,9,0.8795067006722093,0.4535430995747447,0.4535727994516492
20260911_131106_302206,4,128,7,M,1,10,0.8823349000886083,0.4813171001151204,0.48134979978203773
20260911_131106_302206,4,128,7,M,1,11,0.8580453004688025,0.4416998000815511,0.4417278999462724
20260911_131106_302206,4,128,7,M,1,12,0.8318608999252319,0.4404643001034856,0.4405127000063658
20260911_131106_302206,4,128,7,M,1,13,0.821803099475801,0.43141689989715815,0.43144650012254715
20260911_131106_302206,4,128,7,M,1,14,0.8411082001402974,0.4573703994974494,0.4573999000713229
20260911_131106_302206,4,128,7,M,1,15,0.8430246999487281,0.4486892996355891,0.44871839974075556
20260911_131106_302206,4,128,7,M,1,16,0.8937919000163674,0.4443714004009962,0.4444066006690264
20260911_131106_302206,4,128,7,M,1,17,0.8999995002523065,0.45233230013400316,0.4523626007139683
20260911_131106_302206,4,128,7,M,1,18,0.9677363000810146,0.4986343001946807,0.49867039918899536
20260911_131106_302206,4,128,7,M,1,19,0.9250403996556997,0.47997620049864054,0.48001040052622557
20260911_131106_302206,4,128,7,M,1,20,0.908351699821651,0.4796468997374177,0.479683400131762
20260911_131106_302206,4,128,7,M,1,21,0.9435577001422644,0.5008562002331018,0.5008940994739532
20260911_131106_302206,4,128,7,M,1,22,0.9193996004760265,0.47319910023361444,0.4732320001348853
20260911_131106_302206,4,128,7,M,1,23,0.9230431001633406,0.4620024999603629,0.46203519962728024
20260911_131106_302206,4,128,7,M,1,24,0.9013242004439235,0.47377500031143427,0.4738079998642206
20260911_131106_302206,4,128,7,M,1,25,0.8884626999497414,0.47596760001033545,0.47602060064673424
20260911_131106_302206,4,128,7,M,1,26,0.8836214002221823,0.4867257997393608,0.4867592006921768
20260911_131106_302206,4,128,7,M,1,27,0.9079037001356483,0.4991803001612425,0.4992134999483824
20260911_131106_302206,4,128,7,M,1,28,0.8723601000383496,0.47932889964431524,0.4793622996658087
20260911_131106_302206,4,128,7,M,1,29,0.8985537998378277,0.48672019969671965,0.48675409983843565
20260911_131106_302206,4,128,7,M,1,30,0.8796032005921006,0.47065920010209084,0.47069269977509975
20260911_131106_302206,4,128,7,M,1,31,0.8966902997344732,0.4750061994418502,0.4750389000400901
20260911_131106_302206,4,128,7,M,1,32,0.8842048002406955,0.4760223999619484,0.4760563001036644
20260911_131106_302206,4,128,7,M,1,33,0.8829691000282764,0.47220780048519373,0.4722419995814562
20260911_131106_302206,4,128,7,M,1,34,0.901362500153482,0.46353929955512285,0.46357190050184727
20260911_131106_302206,4,128,7,M,1,35,0.8771122004836798,0.47576470021158457,0.4757981998845935
20260911_131106_302206,4,128,7,M,1,36,0.9159538000822067,0.4737125001847744,0.47374670021235943
20260911_131106_302206,4,128,7,M,1,37,0.8744002999737859,0.4767934000119567,0.4768280005082488
20260911_131106_302206,4,128,7,M,1,38,0.8962584994733334,0.46991110034286976,0.4699444007128477
20260911_131106_302206,4,128,7,M,1,39,0.8926585000008345,0.4617645004764199,0.46180779952555895
20260911_131106_302206,4,128,7,M,1,40,0.8966938005760312,0.46685179974883795,0.4668843001127243
20260911_131106_302206,4,128,7,M,1,41,0.8746032007038593,0.4818515991792083,0.4818856995552778
20260911_131106_302206,4,128,7,M,1,42,0.885738399811089,0.46937619987875223,0.4694103002548218
20260911_131106_302206,4,128,7,M,1,43,0.8861216995865107,0.47801259998232126,0.47804570011794567
20260911_131106_302206,4,128,7,M,1,44,0.8683658996596932,0.46696919947862625,0.46700539998710155
20260911_131106_302206,4,128,7,M,1,45,0.930745099671185,0.4957893993705511,0.4958228999748826
20260911_131106_302206,4,128,7,M,1,46,0.9321192000061274,0.48939070012420416,0.4894393999129534
20260911_131106_302206,4,128,7,M,1,47,0.9294047001749277,0.47339530009776354,0.47344360034912825
20260911_131106_302206,4,128,7,M,1,48,0.90174899995327,0.4749371996149421,0.474982600659132
20260911_131106_302206,4,128,7,M,1,49,0.8816408002749085,0.477793300524354,0.4778326004743576
20260911_131106_302206,4,128,7,M,1,50,0.9150580996647477,0.46524039935320616,0.46529339998960495
20260911_131106_302206,4,128,7,M,1,51,0.9108623005449772,0.4951569000259042,0.49519020039588213
20260911_131106_302206,4,128,7,M,1,52,0.9276106003671885,0.4691640008240938,0.4691981999203563
20260911_131106_302206,4,128,7,M,1,53,0.8952515004202724,0.4801484998315573,0.4801909998059273
20260911_131106_302206,4,128,7,M,1,54,0.912147699855268,0.4624966997653246,0.462530099786818
20260911_131106_302206,4,128,7,M,1,55,0.9003339996561408,0.4689532993361354,0.46900209970772266
20260911_131106_302206,4,128,7,M,1,56,0.8879993995651603,0.473267899826169,0.4733015997335315
20260911_131106_302206,4,128,7,M,1,57,0.9005064005032182,0.4685476999729872,0.46858210023492575
20260911_131106_302206,4,128,7,M,1,58,0.894743399694562,0.4636657005175948,0.4636989003047347
20260911_131106_302206,4,128,7,M,1,59,0.9011832997202873,0.4765333002433181,0.4765738993883133
20260911_131106_302206,4,128,7,M,1,60,0.8931216998025775,0.4641054002568126,0.4641372002661228
20260911_131106_302206,4,128,7,M,1,61,0.8718471005558968,0.46820379979908466,0.46824050042778254
20260911_131106_302206,4,128,7,M,1,62,0.9054750008508563,0.48759560007601976,0.4876258997246623
20260911_131106_302206,4,128,7,M,1,63,0.8923552995547652,0.4747315002605319,0.4747647000476718
20260911_131106_302206,4,128,7,M,1,64,0.8920202003791928,0.46981160063296556,0.4698443999513984
20260911_131106_302206,4,128,7,M,1,65,0.8715462991967797,0.49088700022548437,0.490922000259161
20260911_131106_302206,4,128,7,M,1,66,0.8847633004188538,0.4714553998783231,0.47149259969592094
20260911_131106_302206,4,128,7,M,1,67,0.8675245000049472,0.4810752999037504,0.4811100997030735
20260911_131106_302206,4,128,7,M,1,68,0.8850179994478822,0.4769026003777981,0.47693629935383797
20260911_131106_302206,4,128,7,M,1,69,0.8982517998665571,0.45895390026271343,0.45899050030857325
20260911_131106_302206,4,128,7,M,1,70,0.8920338992029428,0.4766015997156501,0.47663490008562803
20260911_131106_302206,4,128,7,M,1,71,0.8819054998457432,0.48904759995639324,0.48908159974962473
20260911_131106_302206,4,128,7,M,1,72,0.8691638000309467,0.4767720000818372,0.4768054001033306
20260911_131106_302206,4,128,7,M,1,73,0.9123978996649384,0.48324779979884624,0.48328129947185516
20260911_131106_302206,4,128,7,M,1,74,0.897702599875629,0.46047200076282024,0.4605038994923234
20260911_131106_302206,4,128,7,M,1,75,0.9071661997586489,0.4793718997389078,0.4794081002473831
20260911_131106_302206,4,128,7,M,1,76,0.8727946002036333,0.46251089964061975,0.4625484999269247
20260911_131106_302206,4,128,7,M,1,77,0.87564089987427,0.47486430034041405,0.4749082000926137
20260911_131106_302206,4,128,7,M,1,78,0.9118638997897506,0.4671815000474453,0.467216900549829
20260911_131106_302206,4,128,7,M,1,79,0.8874808996915817,0.4683647006750107,0.4684041999280453
20260911_131106_302206,4,128,7,M,1,80,0.8849665001034737,0.47876810003072023,0.4787997994571924
20260911_131106_302206,4,128,7,M,1,81,0.881101300008595,0.48614369984716177,0.4861791003495455
20260911_131106_302206,4,128,7,M,1,82,0.8837355999276042,0.4758729999884963,0.47590789943933487
20260911_131106_302206,4,128,7,M,1,83,0.9379212995991111,0.4714748999103904,0.4715173002332449
20260911_131106_302206,4,128,7,M,1,84,0.8843211000785232,0.4775081994011998,0.47764059994369745
20260911_131106_302206,4,128,7,M,1,85,0.8777366001158953,0.47573400009423494,0.47577690053731203
20260911_131106_302206,4,128,7,M,1,86,0.8903076006099582,0.4873353000730276,0.48737579956650734
20260911_131106_302206,4,128,7,M,1,87,0.8945316998288035,0.4706683000549674,0.47070119995623827
20260911_131106_302206,4,128,7,M,1,88,0.8893190007656813,0.4710777997970581,0.47112749982625246
20260911_131106_302206,4,128,7,M,1,89,0.8841196997091174,0.4678492993116379,0.46788320038467646
20260911_131106_302206,4,128,7,M,1,90,0.900514199398458,0.4744426002725959,0.47448769956827164
20260911_131106_302206,4,128,7,M,1,91,0.8925516000017524,0.4763578996062279,0.47639159951359034
20260911_131106_302206,4,128,7,M,1,92,0.8684371002018452,0.47193439956754446,0.4719715006649494
20260911_131106_302206,4,128,7,M,1,93,0.9134034002199769,0.46444080024957657,0.464478500187397
20260911_131106_302206,4,128,7,M,1,94,0.9027744997292757,0.47811869997531176,0.4781528003513813
20260911_131106_302206,4,128,7,M,1,95,0.8895616000518203,0.46010430064052343,0.46013670042157173
20260911_131106_302206,4,128,7,M,1,96,0.915094300173223,0.460520900785923,0.4605537001043558
20260911_131106_302206,4,128,7,M,1,97,0.8855450991541147,0.46867140009999275,0.4687048001214862
20260911_131106_302206,4,128,7,M,1,98,0.904122999869287,0.47719059977680445,0.4772223997861147
20260911_131106_302206,4,128,7,M,1,99,0.8991101002320647,0.45471740048378706,0.4547492004930973
20260911_131106_302206,4,128,7,M,1,100,0.8895072005689144,0.4611189002171159,0.4611526997759938
20260911_131106_302206,4,128,7,M,1,101,0.8946057995781302,0.4640741003677249,0.46410979982465506
20260911_131106_302206,4,128,7,M,1,102,0.8892273996025324,0.47523909993469715,0.47527499962598085
20260911_131106_302206,4,128,7,M,1,103,0.8706809002906084,0.48700760025531054,0.487041600048542
20260911_131106_302206,4,128,7,M,1,104,0.9042553007602692,0.4813270000740886,0.4813604997470975
20260911_131106_302206,4,128,7,M,1,105,0.8747605001553893,0.476358899846673,0.4764005998149514
20260911_131106_302206,4,128,7,M,1,106,0.8991740997880697,0.4659070000052452,0.4660435002297163
20260911_131106_302206,4,128,7,M,1,107,0.9169362997636199,0.46742699947208166,0.46745890006422997
20260911_131106_302206,4,128,7,M,1,108,0.8802378997206688,0.49070610012859106,0.4907406000420451
20260911_131106_302206,4,128,7,M,1,109,0.9116624994203448,0.47357030026614666,0.473602999933064
20260911_131106_302206,4,128,7,M,1,110,0.8936478001996875,0.4507438000291586,0.45077400002628565
20260911_131106_302206,4,128,7,M,1,111,0.8790731001645327,0.5060473000630736,0.5060794996097684
20260911_131106_302206,4,128,7,M,1,112,0.9947290997952223,0.47493680007755756,0.47497239988297224
20260911_131106_302206,4,128,7,M,1,113,0.9102384997531772,0.4671190995723009,0.46716370061039925
20260911_131106_302206,4,128,7,M,1,114,0.8783986000344157,0.46949859987944365,0.4695338001474738
20260911_131106_302206,4,128,7,M,1,115,0.9040225995704532,0.4726107995957136,0.47265599947422743
20260911_131106_302206,4,128,7,M,1,116,0.9607492005452514,0.47410300001502037,0.47414400056004524
20260911_131106_302206,4,128,7,M,1,117,0.889873799867928,0.4847888005897403,0.48482259921729565
20260911_131106_302206,4,128,7,M,1,118,0.8580072000622749,0.48396690003573895,0.48400040064007044
20260911_131106_302206,4,128,7,M,1,119,0.8696651998907328,0.4701796006411314,0.47021189983934164
20260911_131106_302206,4,128,7,M,1,120,0.9199756002053618,0.4531823005527258,0.45321409963071346
20260911_131106_302206,4,128,7,M,1,121,0.8802677998319268,0.47852629981935024,0.47855930030345917
20260911_131106_302206,4,128,7,M,1,122,0.8774823006242514,0.475237799808383,0.4753117999061942
20260911_131106_302206,4,128,7,M,1,123,0.9052862003445625,0.4696262003853917,0.46965999994426966
20260911_131106_302206,4,128,7,M,1,124,0.8857014002278447,0.46926720067858696,0.46929899975657463
20260911_131106_302206,4,128,7,M,1,125,0.9048939002677798,0.4673967994749546,0.4674350991845131
20260911_131106_302206,4,128,7,M,1,126,0.8777340007945895,0.47329899948090315,0.4733326993882656
20260911_131106_302206,4,128,7,M,1,127,0.8798056002706289,0.4810325996950269,0.48106740042567253
20260911_131106_302206,4,128,7,NM,2,0,0.7184873996302485,0.5115607995539904,0.5115946000441909
20260911_131106_302206,4,128,7,NM,2,1,0.8345114002004266,0.5236969999969006,0.5237372005358338
20260911_131106_302206,4,128,7,NM,2,2,0.7154647000133991,0.4417185001075268,0.441750499419868
20260911_131106_302206,4,128,7,NM,2,3,0.6725914999842644,0.48222369980067015,0.48225570004433393
20260911_131106_302206,4,128,7,NM,2,4,0.6745200995355844,0.47926570009440184,0.47931099962443113
20260911_131106_302206,4,128,7,NM,2,5,0.6795618003234267,0.449800499714911,0.4498330997303128
20260911_131106_302206,4,128,7,NM,2,6,0.7331968992948532,0.5827849004417658,0.5828238995745778
20260911_131106_302206,4,128,7,NM,2,7,0.888859199360013,0.5857944004237652,0.5858323993161321
20260911_131106_302206,4,128,7,NM,2,8,0.8305639997124672,0.49866100028157234,0.49869689997285604
20260911_131106_302206,4,128,7,NM,2,9,0.7593056000769138,0.48244990035891533,0.4825093001127243
20260911_131106_302206,4,128,7,NM,2,10,0.7068886002525687,0.4688093001022935,0.46884149964898825
20260911_131106_302206,4,128,7,NM,2,11,0.7243274003267288,0.45095579978078604,0.45098889991641045
20260911_131106_302206,4,128,7,NM,2,12,0.7004722999408841,0.4476811997592449,0.4477132000029087
20260911_131106_302206,4,128,7,NM,2,13,0.6664450000971556,0.4560678005218506,0.45609849970787764
20260911_131106_302206,4,128,7,NM,2,14,0.6776266004890203,0.4547836007550359,0.4548155004158616
20260911_131106_302206,4,128,7,NM,2,15,0.6894070003181696,0.4540657000616193,0.4540980998426676
20260911_131106_302206,4,128,7,NM,2,16,0.6916621997952461,0.4611598998308182,0.46119119971990585
20260911_131106_302206,4,128,7,NM,2,17,0.692663099616766,0.45547560043632984,0.45550880022346973
20260911_131106_302206,4,128,7,NM,2,18,0.6754198996350169,0.4599762000143528,0.4600088996812701
20260911_131106_302206,4,128,7,NM,2,19,0.6823900993913412,0.45978379994630814,0.4598150998353958
20260911_131106_302206,4,128,7,NM,2,20,0.6979721002280712,0.45680269971489906,0.4568391004577279
20260911_131106_302206,4,128,7,NM,2,21,0.6897574998438358,0.45438120048493147,0.45441289991140366
20260911_131106_302206,4,128,7,NM,2,22,0.6875555999577045,0.45052050054073334,0.4505523992702365
20260911_131106_302206,4,128,7,NM,2,23,0.6862454004585743,0.47355080023407936,0.4735829997807741
20260911_131106_302206,4,128,7,NM,2,24,0.7685495000332594,0.49179919995367527,0.49184290040284395
20260911_131106_302206,4,128,7,NM,2,25,0.7079005995765328,0.45542730018496513,0.4554593004286289
20260911_131106_302206,4,128,7,NM,2,26,0.6989524997770786,0.44978939928114414,0.44982319977134466
20260911_131106_302206,4,128,7,NM,2,27,0.7061466993764043,0.45685419999063015,0.4568876000121236
20260911_131106_302206,4,128,7,NM,2,28,0.7032046997919679,0.4493955001235008,0.4494330007582903
20260911_131106_302206,4,128,7,NM,2,29,0.7081553991883993,0.44626779947429895,0.44630040042102337
20260911_131106_302206,4,128,7,NM,2,30,0.6935681002214551,0.45318130031228065,0.4532124996185303
20260911_131106_302206,4,128,7,NM,2,31,0.698344299569726,0.44604279939085245,0.44607389997690916
20260911_131106_302206,4,128,7,NM,2,32,0.7072981996461749,0.45659920014441013,0.45663029979914427
20260911_131106_302206,4,128,7,NM,2,33,0.684595899656415,0.45321720000356436,0.45324920024722815
20260911_131106_302206,4,128,7,NM,2,34,0.6904279999434948,0.4459389001131058,0.4459696998819709
20260911_131106_302206,4,128,7,NM,2,35,0.7033746996894479,0.431046299636364,0.4310929998755455
20260911_131106_302206,4,128,7,NM,2,36,0.68200150039047,0.4525828994810581,0.45261629950255156
20260911_131106_302206,4,128,7,NM,2,37,0.6891877995803952,0.4492856999859214,0.44933090079575777
20260911_131106_302206,4,128,7,NM,2,38,0.6961277006193995,0.4554086998105049,0.4554403005167842
20260911_131106_302206,4,128,7,NM,2,39,0.6974352998659015,0.4537330996245146,0.4537650002166629
20260911_131106_302206,4,128,7,NM,2,40,0.7026575999334455,0.44638200011104345,0.4464205000549555
20260911_131106_302206,4,128,7,NM,2,41,0.6888433005660772,0.4468793999403715,0.44691160041838884
20260911_131106_302206,4,128,7,NM,2,42,0.7047670995816588,0.4459683997556567,0.44600130058825016
20260911_131106_302206,4,128,7,NM,2,43,0.7071537999436259,0.44697270076721907,0.44700520019978285
20260911_131106_302206,4,128,7,NM,2,44,0.6936505995690823,0.45803819969296455,0.4580859001725912
20260911_131106_302206,4,128,7,NM,2,45,0.6902336003258824,0.4523446001112461,0.45237760059535503
20260911_131106_302206,4,128,7,NM,2,46,0.6770972004160285,0.45854089967906475,0.4585757004097104
20260911_131106_302206,4,128,7,NM,2,47,0.6770187998190522,0.45323939993977547,0.4532716004177928
20260911_131106_302206,4,128,7,NM,2,48,0.7079078992828727,0.45329710002988577,0.4533282006159425
20260911_131106_302206,4,128,7,NM,2,49,0.7098712995648384,0.4502600999549031,0.45029240008443594
20260911_131106_302206,4,128,7,NM,2,50,0.7006401000544429,0.44966170005500317,0.44973000045865774
20260911_131106_302206,4,128,7,NM,2,51,0.6863698000088334,0.45856080017983913,0.458593999966979
20260911_131106_302206,4,128,7,NM,2,52,0.6858449000865221,0.4551758002489805,0.4552079001441598
20260911_131106_302206,4,128,7,NM,2,53,0.6929408004507422,0.460721499286592,0.46075400058180094
20260911_131106_302206,4,128,7,NM,2,54,0.6837261999025941,0.4564968002960086,0.45652669947594404
20260911_131106_302206,4,128,7,NM,2,55,0.6917995996773243,0.4441253999248147,0.44415870029479265
20260911_131106_302206,4,128,7,NM,2,56,0.6790811000391841,0.44784520007669926,0.4478758005425334
20260911_131106_302206,4,128,7,NM,2,57,0.6949322996661067,0.45846940018236637,0.4585012998431921
20260911_131106_302206,4,128,7,NM,2,58,0.667412799783051,0.45025830063968897,0.4502905001863837
20260911_131106_302206,4,128,7,NM,2,59,0.805935500189662,0.5390472998842597,0.539083200506866
20260911_131106_302206,4,128,7,NM,2,60,0.8598775006830692,0.4711792999878526,0.47123049944639206
20260911_131106_302206,4,128,7,NM,2,61,0.7209543995559216,0.49809710029512644,0.4981331005692482
20260911_131106_302206,4,128,7,NM,2,62,0.7475939001888037,0.45840740017592907,0.45845189969986677
20260911_131106_302206,4,128,7,NM,2,63,0.69465840049088,0.45805130060762167,0.4580843998119235
20260911_131106_302206,4,128,7,NM,2,64,0.6814853008836508,0.49242470040917397,0.4924598000943661
20260911_131106_302206,4,128,7,NM,2,65,0.708449000492692,0.44801839999854565,0.4480496998876333
20260911_131106_302206,4,128,7,NM,2,66,0.677569099701941,0.4445489002391696,0.4445844003930688
20260911_131106_302206,4,128,7,NM,2,67,0.6979999002069235,0.45151530019938946,0.4515479998663068
20260911_131106_302206,4,128,7,NM,2,68,0.6903993999585509,0.44357800018042326,0.4436109000816941
20260911_131106_302206,4,128,7,NM,2,69,0.69309620000422,0.45264700055122375,0.45267999917268753
20260911_131106_302206,4,128,7,NM,2,70,0.686344800516963,0.4604234993457794,0.46045610029250383
20260911_131106_302206,4,128,7,NM,2,71,0.6820247992873192,0.49221079982817173,0.49224300030618906
20260911_131106_302206,4,128,7,NM,2,72,0.7254905998706818,0.46269220020622015,0.46274050045758486
20260911_131106_302206,4,128,7,NM,2,73,0.681021299213171,0.4592941999435425,0.4593265997245908
20260911_131106_302206,4,128,7,NM,2,74,0.695975299924612,0.45129340048879385,0.45132899936288595
20260911_131106_302206,4,128,7,NM,2,75,0.6766828997060657,0.4438017997890711,0.44383380003273487
20260911_131106_302206,4,128,7,NM,2,76,0.6908935001119971,0.4520147005096078,0.4520451007410884
20260911_131106_302206,4,128,7,NM,2,77,0.6701744003221393,0.4666289007291198,0.4666617000475526
20260911_131106_302206,4,128,7,NM,2,78,0.6932484991848469,0.47697640024125576,0.477012500166893
20260911_131106_302206,4,128,7,NM,2,79,0.7134929001331329,0.4901772001758218,0.4902138998731971
20260911_131106_302206,4,128,7,NM,2,80,0.6949907001107931,0.45303000044077635,0.45306200068444014
20260911_131106_302206,4,128,7,NM,2,81,0.6887162001803517,0.4433353999629617,0.44336660020053387
20260911_131106_302206,4,128,7,NM,2,82,0.6967781996354461,0.4532380998134613,0.4532707007601857
20260911_131106_302206,4,128,7,NM,2,83,0.6939471000805497,0.4642628999426961,0.4642952997237444
20260911_131106_302206,4,128,7,NM,2,84,0.7753789993003011,0.4759245002642274,0.4759623995050788
20260911_131106_302206,4,128,7,NM,2,85,0.7607327001169324,0.48839200008660555,0.48842670023441315
20260911_131106_302206,4,128,7,NM,2,86,0.6928399000316858,0.444564500823617,0.44459470082074404
20260911_131106_302206,4,128,7,NM,2,87,0.6713463999330997,0.44468600023537874,0.44471769966185093
20260911_131106_302206,4,128,7,NM,2,88,0.7109245993196964,0.45891330018639565,0.4589470000937581
20260911_131106_302206,4,128,7,NM,2,89,0.7065928000956774,0.448759900406003,0.44880890008062124
20260911_131106_302206,4,128,7,NM,2,90,0.6814767997711897,0.4578101998195052,0.45784319937229156
20260911_131106_302206,4,128,7,NM,2,91,0.7003961000591516,0.4507360002025962,0.4507676996290684
20260911_131106_302206,4,128,7,NM,2,92,0.6816981006413698,0.4567467998713255,0.45677820034325123
20260911_131106_302206,4,128,7,NM,2,93,0.7033450994640589,0.45477449987083673,0.4548070998862386
20260911_131106_302206,4,128,7,NM,2,94,0.6814374998211861,0.45298510044813156,0.4530174005776644
20260911_131106_302206,4,128,7,NM,2,95,0.6937760999426246,0.46338369976729155,0.46341599989682436
20260911_131106_302206,4,128,7,NM,2,96,0.6928032003343105,0.4564788993448019,0.456513199955225
20260911_131106_302206,4,128,7,NM,2,97,0.6794092003256083,0.45989480055868626,0.4599262997508049
20260911_131106_302206,4,128,7,NM,2,98,0.6817859001457691,0.4524031998589635,0.45243499986827374
20260911_131106_302206,4,128,7,NM,2,99,0.6813043002039194,0.4349721996113658,0.4350081002339721
20260911_131106_302206,4,128,7,NM,2,100,0.697206400334835,0.44108370039612055,0.441117400303483
20260911_131106_302206,4,128,7,NM,2,101,0.6905715996399522,0.4455784000456333,0.4456272004172206
20260911_131106_302206,4,128,7,NM,2,102,0.6855177003890276,0.4453253000974655,0.445359000004828
20260911_131106_302206,4,128,7,NM,2,103,0.7407247992232442,0.45583990029990673,0.45587429963052273
20260911_131106_302206,4,128,7,NM,2,104,0.6964195994660258,0.4492474002763629,0.4492891002446413
20260911_131106_302206,4,128,7,NM,2,105,0.7004786999896169,0.4462559996172786,0.44628849998116493
20260911_131106_302206,4,128,7,NM,2,106,0.6875902004539967,0.4455792997032404,0.4456109004095197
20260911_131106_302206,4,128,7,NM,2,107,0.6934116007760167,0.44422819931060076,0.4442602004855871
20260911_131106_302206,4,128,7,NM,2,108,0.696900799870491,0.44454629998654127,0.44461040012538433
20260911_131106_302206,4,128,7,NM,2,109,0.6686065997928381,0.4568722005933523,0.45690179988741875
20260911_131106_302206,4,128,7,NM,2,110,0.6813718006014824,0.454848300665617,0.4548806007951498
20260911_131106_302206,4,128,7,NM,2,111,0.691571100614965,0.4516485994681716,0.4516823999583721
20260911_131106_302206,4,128,7,NM,2,112,0.6989835994318128,0.4421330997720361,0.4421642003580928
20260911_131106_302206,4,128,7,NM,2,113,0.6961826998740435,0.4399888999760151,0.44001989997923374
20260911_131106_302206,4,128,7,NM,2,114,0.7112245000898838,0.4641527999192476,0.4641871992498636
20260911_131106_302206,4,128,7,NM,2,115,0.6758113000541925,0.46159489918500185,0.46162759978324175
20260911_131106_302206,4,128,7,NM,2,116,0.6763492003083229,0.46223399974405766,0.46226629987359047
20260911_131106_302206,4,128,7,NM,2,117,0.6681099999696016,0.455188499763608,0.4552207998931408
20260911_131106_302206,4,128,7,NM,2,118,0.6806713007390499,0.44725329987704754,0.44728790037333965
20260911_131106_302206,4,128,7,NM,2,119,0.7045467002317309,0.4468569001182914,0.44688839931041
20260911_131106_302206,4,128,7,NM,2,120,0.6827654996886849,0.4468860998749733,0.44691700022667646
20260911_131106_302206,4,128,7,NM,2,121,0.6958592003211379,0.4552461998537183,0.45528570003807545
20260911_131106_302206,4,128,7,NM,2,122,0.6975980000570416,0.45173879992216825,0.4517708998173475
20260911_131106_302206,4,128,7,NM,2,123,0.6717705000191927,0.4645206006243825,0.46455319970846176
20260911_131106_302206,4,128,7,NM,2,124,0.7363058999180794,0.4668656000867486,0.46690759994089603
20260911_131106_302206,4,128,7,NM,2,125,0.7144213998690248,0.46691069938242435,0.46694269962608814
20260911_131106_302206,4,128,7,NM,2,126,0.6888798996806145,0.4402029998600483,0.440243199467659
20260911_131106_302206,4,128,7,NM,2,127,0.6840803995728493,0.4553062003105879,0.45533759985119104
20260911_131106_302206,4,256,8,M,1,0,0.814033099450171,0.4221191992983222,0.42214909940958023
20260911_131106_302206,4,256,8,M,1,1,0.8126531997695565,0.44155609980225563,0.4415826005861163
20260911_131106_302206,4,256,8,M,1,2,0.8282173005864024,0.4205651003867388,0.42059370037168264
20260911_131106_302206,4,256,8,M,1,3,0.8719233004376292,0.42960150074213743,0.42963110003620386
20260911_131106_302206,4,256,8,M,1,4,0.8283174997195601,0.43871800042688847,0.4387600002810359
20260911_131106_302206,4,256,8,M,1,5,0.8269050996750593,0.4338892996311188,0.4339312007650733
20260911_131106_302206,4,256,8,M,1,6,0.8294166000559926,0.4303574999794364,0.4303867006674409
20260911_131106_302206,4,256,8,M,1,7,0.8365231994539499,0.4381045000627637,0.4381344998255372
20260911_131106_302206,4,256,8,M,1,8,0.8310914998874068,0.4369005998596549,0.43693079985678196
20260911_131106_302206,4,256,8,M,1,9,0.8334478000178933,0.43321669939905405,0.43324619997292757
20260911_131106_302206,4,256,8,M,1,10,0.8404667992144823,0.42251589987426996,0.4225426008924842
20260911_131106_302206,4,256,8,M,1,11,0.8637122996151447,0.4299592999741435,0.42998789995908737
20260911_131106_302206,4,256,8,M,1,12,0.8255036994814873,0.44015480019152164,0.4401842001825571
20260911_131106_302206,4,256,8,M,1,13,0.8879222003743052,0.4939505001530051,0.4939842000603676
20260911_131106_302206,4,256,8,M,1,14,0.9223709991201758,0.4897993002086878,0.4898342005908489
20260911_131106_302206,4,256,8,M,1,15,0.900547600351274,0.48963170032948256,0.48966600000858307
20260911_131106_302206,4,256,8,M,1,16,0.9182852003723383,0.4922487996518612,0.4922838006168604
20260911_131106_302206,4,256,8,M,1,17,0.9069138001650572,0.4777555000036955,0.47779589984565973
20260911_131106_302206,4,256,8,M,1,18,0.9304993003606796,0.4654401997104287,0.46548489946871996
20260911_131106_302206,4,256,8,M,1,19,0.9187724003568292,0.4912924999371171,0.49132669996470213
20260911_131106_302206,4,256,8,M,1,20,0.9365562004968524,0.46349470037966967,0.46354479994624853
20260911_131106_302206,4,256,8,M,1,21,0.886727400124073,0.4845821000635624,0.4846160002052784
20260911_131106_302206,4,256,8,M,1,22,0.9018032997846603,0.4806354995816946,0.4806690998375416
20260911_131106_302206,4,256,8,M,1,23,0.9031881997361779,0.4816728997975588,0.4817067999392748
20260911_131106_302206,4,256,8,M,1,24,0.8860707003623247,0.4841347998008132,0.4841804001480341
20260911_131106_302206,4,256,8,M,1,25,0.9148874999955297,0.47368589974939823,0.4737200001254678
20260911_131106_302206,4,256,8,M,1,26,0.8764043999835849,0.48042699974030256,0.4804619001224637
20260911_131106_302206,4,256,8,M,1,27,0.9230174999684095,0.4722504001110792,0.47228530049324036
20260911_131106_302206,4,256,8,M,1,28,0.8882280001416802,0.4787553995847702,0.47878980077803135
20260911_131106_302206,4,256,8,M,1,29,0.9109717002138495,0.49123340006917715,0.4912697998806834
20260911_131106_302206,4,256,8,M,1,30,0.9000225001946092,0.4804630996659398,0.4804977998137474
20260911_131106_302206,4,256,8,M,1,31,0.9187162006273866,0.47183190006762743,0.4718666998669505
20260911_131106_302206,4,256,8,M,1,32,0.8844231003895402,0.4778101993724704,0.4778436003252864
20260911_131106_302206,4,256,8,M,1,33,0.9088054997846484,0.4640589002519846,0.46409379970282316
20260911_131106_302206,4,256,8,M,1,34,0.8904737997800112,0.4719334999099374,0.47196719981729984
20260911_131106_302206,4,256,8,M,1,35,0.9496273994445801,0.49470070004463196,0.49473540019243956
20260911_131106_302206,4,256,8,M,1,36,0.9168839994817972,0.4673792002722621,0.467412699945271
20260911_131106_302206,4,256,8,M,1,37,0.9059166004881263,0.4874612996354699,0.4874949995428324
20260911_131106_302206,4,256,8,M,1,38,0.9202777994796634,0.46302219945937395,0.4630546001717448
20260911_131106_302206,4,256,8,M,1,39,0.9063703995198011,0.4806474996730685,0.480680700391531
20260911_131106_302206,4,256,8,M,1,40,0.9046357003971934,0.485911600291729,0.4859458999708295
20260911_131106_302206,4,256,8,M,1,41,0.9671029997989535,0.5176996998488903,0.5177362002432346
20260911_131106_302206,4,256,8,M,1,42,0.9367480995133519,0.4743870999664068,0.47441979963332415
20260911_131106_302206,4,256,8,M,1,43,0.8922469997778535,0.46047830022871494,0.4605117002502084
20260911_131106_302206,4,256,8,M,1,44,0.9163520000874996,0.45916799921542406,0.45919999945908785
20260911_131106_302206,4,256,8,M,1,45,0.887172999791801,0.4633031003177166,0.4633357999846339
20260911_131106_302206,4,256,8,M,1,46,0.8813999006524682,0.47597889974713326,0.4760119002312422
20260911_131106_302206,4,256,8,M,1,47,0.89605120010674,0.4815519005060196,0.4815846001729369
20260911_131106_302206,4,256,8,M,1,48,0.8959717005491257,0.47591299936175346,0.47594610042870045
20260911_131106_302206,4,256,8,M,1,49,0.8959436006844044,0.46451309975236654,0.46455090027302504
20260911_131106_302206,4,256,8,M,1,50,0.8859935002401471,0.4776297006756067,0.4776627002283931
20260911_131106_302206,4,256,8,M,1,51,0.9096134006977081,0.4701281003654003,0.4701653001829982
20260911_131106_302206,4,256,8,M,1,52,0.8964277999475598,0.4758741008117795,0.475908599793911
20260911_131106_302206,4,256,8,M,1,53,0.8913364000618458,0.4785914998501539,0.4786259001120925
20260911_131106_302206,4,256,8,M,1,54,0.878218499943614,0.4746375996619463,0.4746717996895313
20260911_131106_302206,4,256,8,M,1,55,0.9143380997702479,0.4749108999967575,0.4749432997778058
20260911_131106_302206,4,256,8,M,1,56,0.9170593004673719,0.46202890016138554,0.46206080075353384
20260911_131106_302206,4,256,8,M,1,57,0.8907642997801304,0.4619287997484207,0.46196180023252964
20260911_131106_302206,4,256,8,M,1,58,0.8910563001409173,0.4736610995605588,0.4736941000446677
20260911_131106_302206,4,256,8,M,1,59,0.8887662999331951,0.4754932001233101,0.47552770003676414
20260911_131106_302206,4,256,8,M,1,60,0.9055717000737786,0.47843610029667616,0.47848060075193644
20260911_131106_302206,4,256,8,M,1,61,0.9040383994579315,0.49167830031365156,0.49171230010688305
20260911_131106_302206,4,256,8,M,1,62,0.9239322002977133,0.4690108001232147,0.4690565997734666
20260911_131106_302206,4,256,8,M,1,63,0.9805156998336315,0.5345271993428469,0.534569900482893
20260911_131106_302206,4,256,8,M,1,64,0.9314256003126502,0.48685709945857525,0.48689289949834347
20260911_131106_302206,4,256,8,M,1,65,0.8912538001313806,0.45798780024051666,0.458020499907434
20260911_131106_302206,4,256,8,M,1,66,0.907481899484992,0.4717739997431636,0.47180969920009375
20260911_131106_302206,4,256,8,M,1,67,0.9055641004815698,0.46685179974883795,0.4668854996562004
20260911_131106_302206,4,256,8,M,1,68,0.9106890996918082,0.47171339951455593,0.47174989990890026
20260911_131106_302206,4,256,8,M,1,69,0.9072823002934456,0.4664413006976247,0.46647309977561235
20260911_131106_302206,4,256,8,M,1,70,0.9251552997156978,0.47126550041139126,0.4713009996339679
20260911_131106_302206,4,256,8,M,1,71,0.9067903002724051,0.471089200116694,0.47112130001187325
20260911_131106_302206,4,256,8,M,1,72,0.8986297994852066,0.47322649974375963,0.47326180059462786
20260911_131106_302206,4,256,8,M,1,73,0.8978298008441925,0.4742452995851636,0.47428090032190084
20260911_131106_302206,4,256,8,M,1,74,0.8989986004307866,0.4715271005406976,0.4715598002076149
20260911_131106_302206,4,256,8,M,1,75,0.9179388992488384,0.4671652000397444,0.4671981995925307
20260911_131106_302206,4,256,8,M,1,76,0.8970780996605754,0.47916319966316223,0.47919819969683886
20260911_131106_302206,4,256,8,M,1,77,0.8775957999750972,0.4878088999539614,0.4878447996452451
20260911_131106_302206,4,256,8,M,1,78,0.9060862995684147,0.4638971006497741,0.4639363996684551
20260911_131106_302206,4,256,8,M,1,79,0.8920968007296324,0.482570200227201,0.4826040994375944
20260911_131106_302206,4,256,8,M,1,80,0.8859107997268438,0.4852625001221895,0.4852978000417352
20260911_131106_302206,4,256,8,M,1,81,0.90100990049541,0.46555939968675375,0.46559219993650913
20260911_131106_302206,4,256,8,M,1,82,0.89916290063411,0.47983899991959333,0.4798793001100421
20260911_131106_302206,4,256,8,M,1,83,0.9022858999669552,0.47241879999637604,0.47245849948376417
20260911_131106_302206,4,256,8,M,1,84,0.8992219008505344,0.47658610064536333,0.4766202000901103
20260911_131106_302206,4,256,8,M,1,85,0.9050035001710057,0.472478199750185,0.47251089941710234
20260911_131106_302206,4,256,8,M,1,86,0.9029971994459629,0.476176000200212,0.4762107003480196
20260911_131106_302206,4,256,8,M,1,87,0.898267799988389,0.47735039982944727,0.4773833993822336
20260911_131106_302206,4,256,8,M,1,88,0.9011391000822186,0.4751461008563638,0.47518499940633774
20260911_131106_302206,4,256,8,M,1,89,0.9109915997833014,0.4687032997608185,0.4687441997230053
20260911_131106_302206,4,256,8,M,1,90,0.9086506003513932,0.47128869965672493,0.4713219003751874
20260911_131106_302206,4,256,8,M,1,91,0.8868046998977661,0.46891130041331053,0.4689434999600053
20260911_131106_302206,4,256,8,M,1,92,0.880905999802053,0.4803527006879449,0.4803862003609538
20260911_131106_302206,4,256,8,M,1,93,0.8825973002240062,0.4795759003609419,0.4796102996915579
20260911_131106_302206,4,256,8,M,1,94,0.9086603000760078,0.49352840054780245,0.49356320034712553
20260911_131106_302206,4,256,8,M,1,95,0.9013533992692828,0.4793028002604842,0.47933659981936216
20260911_131106_302206,4,256,8,M,1,96,0.8965338002890348,0.4785505998879671,0.47859650012105703
20260911_131106_302206,4,256,8,M,1,97,0.9003391992300749,0.4713963996618986,0.47143290005624294
20260911_131106_302206,4,256,8,M,1,98,0.8977346001192927,0.46552459988743067,0.4655591994524002
20260911_131106_302206,4,256,8,M,1,99,0.9047844000160694,0.4718247000128031,0.47185799945145845
20260911_131106_302206,4,256,8,M,1,100,0.8943452006205916,0.4946380006149411,0.49467220064252615
20260911_131106_302206,4,256,8,M,1,101,0.9367980994284153,0.4832880003377795,0.4833227004855871
20260911_131106_302206,4,256,8,M,1,102,1.0176240000873804,0.47210370004177094,0.47213759925216436
20260911_131106_302206,4,256,8,M,1,103,0.9040013002231717,0.4880689000710845,0.48810339998453856
20260911_131106_302206,4,256,8,M,1,104,0.9086969997733831,0.46600710041821003,0.4660403998568654
20260911_131106_302206,4,256,8,M,1,105,0.9034634996205568,0.4749857997521758,0.47501880023628473
20260911_131106_302206,4,256,8,M,1,106,0.8842009007930756,0.47574769984930754,0.47578320000320673
20260911_131106_302206,4,256,8,M,1,107,0.8885126002132893,0.480052100494504,0.4800859997048974
20260911_131106_302206,4,256,8,M,1,108,0.9192359000444412,0.5131960995495319,0.5132280001416802
20260911_131106_302206,4,256,8,M,1,109,0.9382699998095632,0.49697900004684925,0.4970132000744343
20260911_131106_302206,4,256,8,M,1,110,0.9344645002856851,0.48789989948272705,0.48793389927595854
20260911_131106_302206,4,256,8,M,1,111,0.9110509995371103,0.46965410001575947,0.469688200391829
20260911_131106_302206,4,256,8,M,1,112,0.9405982997268438,0.46708699967712164,0.46712019946426153
20260911_131106_302206,4,256,8,M,1,113,0.90695929992944,0.4793129004538059,0.47934670001268387
20260911_131106_302206,4,256,8,M,1,114,0.8987491000443697,0.47804380021989346,0.4780748002231121
20260911_131106_302206,4,256,8,M,1,115,0.9210655996575952,0.4966302001848817,0.4966640006750822
20260911_131106_302206,4,256,8,M,1,116,0.9188679000362754,0.4712508004158735,0.4712872002273798
20260911_131106_302206,4,256,8,M,1,117,0.8970753997564316,0.4758941000327468,0.47593280021101236
20260911_131106_302206,4,256,8,M,1,118,0.9135079002007842,0.46964129991829395,0.46967760007828474
20260911_131106_302206,4,256,8,M,1,119,0.8933942997828126,0.4642500998452306,0.46429149992763996
20260911_131106_302206,4,256,8,M,1,120,0.8983414005488157,0.46832369919866323,0.4683561995625496
20260911_131106_302206,4,256,8,M,1,121,0.888654999434948,0.4646303001791239,0.46466990001499653
20260911_131106_302206,4,256,8,M,1,122,0.8884359998628497,0.48398569971323013,0.484018100425601
20260911_131106_302206,4,256,8,M,1,123,0.9233312997967005,0.4797970000654459,0.479831600561738
20260911_131106_302206,4,256,8,M,1,124,0.8797600995749235,0.4769369997084141,0.47697130031883717
20260911_131106_302206,4,256,8,M,1,125,0.970308099873364,0.4892438994720578,0.4892774000763893
20260911_131106_302206,4,256,8,M,1,126,0.9028914999216795,0.45629450026899576,0.4563252003863454
20260911_131106_302206,4,256,8,M,1,127,0.9284673007205129,0.4567320002242923,0.45676640048623085
20260911_131106_302206,4,256,8,M,1,128,0.8984205005690455,0.47633250057697296,0.4763702005147934
20260911_131106_302206,4,256,8,M,1,129,0.8815636001527309,0.4691498000174761,0.46918229945003986
20260911_131106_302206,4,256,8,M,1,130,0.8919828999787569,0.46397069934755564,0.46400379948318005
20260911_131106_302206,4,256,8,M,1,131,0.8744040997698903,0.47422150056809187,0.47425480000674725
20260911_131106_302206,4,256,8,M,1,132,0.8860769001767039,0.486994800157845,0.48703010007739067
20260911_131106_302206,4,256,8,M,1,133,0.9029628997668624,0.47337180003523827,0.4734047995880246
20260911_131106_302206,4,256,8,M,1,134,0.92252909950912,0.46996239945292473,0.4699951997026801
20260911_131106_302206,4,256,8,M,1,135,0.9236599998548627,0.4716464001685381,0.4716803999617696
20260911_131106_302206,4,256,8,M,1,136,0.894131800159812,0.4742734991014004,0.47430740017443895
20260911_131106_302206,4,256,8,M,1,137,0.8865002002567053,0.47882809955626726,0.4788605999201536
20260911_131106_302206,4,256,8,M,1,138,0.8960694000124931,0.4801066005602479,0.48014310002326965
20260911_131106_302206,4,256,8,M,1,139,0.9014845006167889,0.4821634003892541,0.48219669982790947
20260911_131106_302206,4,256,8,M,1,140,0.9238860998302698,0.46771170012652874,0.4677571998909116
20260911_131106_302206,4,256,8,M,1,141,0.8915804997086525,0.4869812997058034,0.4870249005034566
20260911_131106_302206,4,256,8,M,1,142,0.9156548995524645,0.4749346002936363,0.4749755999073386
20260911_131106_302206,4,256,8,M,1,143,0.9347198000177741,0.4673490999266505,0.4673820994794369
20260911_131106_302206,4,256,8,M,1,144,0.9015632001683116,0.48009940050542355,0.48013419937342405
20260911_131106_302206,4,256,8,M,1,145,0.8966108001768589,0.48129819985479116,0.4813312003389001
20260911_131106_302206,4,256,8,M,1,146,0.9165730997920036,0.46300370059907436,0.4630403006449342
20260911_131106_302206,4,256,8,M,1,147,0.8976913001388311,0.4861052995547652,0.48613939993083477
20260911_131106_302206,4,256,8,M,1,148,0.9099454004317522,0.4678503004834056,0.46788279991596937
20260911_131106_302206,4,256,8,M,1,149,0.8875094996765256,0.46348960045725107,0.463523400016129
20260911_131106_302206,4,256,8,M,1,150,0.9491048995405436,0.5153417000547051,0.5153805995360017
20260911_131106_302206,4,256,8,M,1,151,0.9465856999158859,0.48469650000333786,0.484739700332284
20260911_131106_302206,4,256,8,M,1,152,0.8718135999515653,0.457766299135983,0.45780119951814413
20260911_131106_302206,4,256,8,M,1,153,0.8918500998988748,0.4834710005670786,0.48350670002400875
20260911_131106_302206,4,256,8,M,1,154,0.8990641999989748,0.4739234996959567,0.47395650018006563
20260911_131106_302206,4,256,8,M,1,155,0.883114599622786,0.4777402002364397,0.4777734000235796
20260911_131106_302206,4,256,8,M,1,156,0.9471913995221257,0.4663960002362728,0.46644069999456406
20260911_131106_302206,4,256,8,M,1,157,0.9191620005294681,0.47455709986388683,0.47459050081670284
20260911_131106_302206,4,256,8,M,1,158,0.8989146007224917,0.4794447999447584,0.47947859950363636
20260911_131106_302206,4,256,8,M,1,159,0.8877483000978827,0.4748291000723839,0.47486439999192953
20260911_131106_302206,4,256,8,M,1,160,0.9211358996108174,0.4604374999180436,0.46047000028192997
20260911_131106_302206,4,256,8,M,1,161,0.9113402999937534,0.46655100025236607,0.46658420003950596
20260911_131106_302206,4,256,8,M,1,162,0.8929797001183033,0.4779153000563383,0.4779492998495698
20260911_131106_302206,4,256,8,M,1,163,0.8910888005048037,0.474324700422585,0.47437069937586784
20260911_131106_302206,4,256,8,M,1,164,0.9083915995433927,0.46871709916740656,0.46875999961048365
20260911_131106_302206,4,256,8,M,1,165,0.9084211997687817,0.46958590019494295,0.4696197994053364
20260911_131106_302206,4,256,8,M,1,166,0.8848858997225761,0.4793878998607397,0.479419999755919
20260911_131106_302206,4,256,8,M,1,167,0.9052253998816013,0.46494150068610907,0.4649857999756932
20260911_131106_302206,4,256,8,M,1,168,0.9019097993150353,0.49131640046834946,0.49135070014744997
20260911_131106_302206,4,256,8,M,1,169,0.9116238001734018,0.4746165992692113,0.47465220000594854
20260911_131106_302206,4,256,8,M,1,170,0.9234928991645575,0.48658400028944016,0.48662810027599335
20260911_131106_302206,4,256,8,M,1,171,0.9074294995516539,0.4748232997953892,0.47485760040581226
20260911_131106_302206,4,256,8,M,1,172,0.9220633003860712,0.4615112002938986,0.46155469957739115
20260911_131106_302206,4,256,8,M,1,173,0.8983606994152069,0.47930119931697845,0.479334500618279
20260911_131106_302206,4,256,8,M,1,174,0.868431500159204,0.4765507997944951,0.47658499982208014
20260911_131106_302206,4,256,8,M,1,175,0.8917932007461786,0.46641810052096844,0.466457299888134
20260911_131106_302206,4,256,8,M,1,176,0.9109188998118043,0.4665134996175766,0.4665539003908634
20260911_131106_302206,4,256,8,M,1,177,0.9164162995293736,0.4629873000085354,0.46302179992198944
20260911_131106_302206,4,256,8,M,1,178,0.9045454999431968,0.4753199992701411,0.4753550002351403
20260911_131106_302206,4,256,8,M,1,179,0.9018783997744322,0.4844759004190564,0.4845110001042485
20260911_131106_302206,4,256,8,M,1,180,0.880561999976635,0.470940800383687,0.47097660042345524
20260911_131106_302206,4,256,8,M,1,181,0.8921179994940758,0.47546179965138435,0.4754940001294017
20260911_131106_302206,4,256,8,M,1,182,0.8885152004659176,0.4782402999699116,0.4782749004662037
20260911_131106_302206,4,256,8,M,1,183,0.9195975996553898,0.47473399993032217,0.47476919926702976
20260911_131106_302206,4,256,8,M,1,184,0.9025781005620956,0.46774169988930225,0.46777649968862534
20260911_131106_302206,4,256,8,M,1,185,0.8922707000747323,0.4712953995913267,0.47133000008761883
20260911_131106_302206,4,256,8,M,1,186,0.9236736996099353,0.48293070029467344,0.4829748999327421
20260911_131106_302206,4,256,8,M,1,187,0.9055987996980548,0.4731676001101732,0.47320069931447506
20260911_131106_302206,4,256,8,M,1,188,0.9158853003755212,0.4854606995359063,0.4854931002482772
20260911_131106_302206,4,256,8,M,1,189,0.9118269002065063,0.4699421999976039,0.4699784005060792
20260911_131106_302206,4,256,8,M,1,190,0.8844032995402813,0.4768834998831153,0.4769180007278919
20260911_131106_302206,4,256,8,M,1,191,0.9087175000458956,0.4703193996101618,0.4703570008277893
20260911_131106_302206,4,256,8,M,1,192,0.8942716000601649,0.4690576000139117,0.4691026993095875
20260911_131106_302206,4,256,8,M,1,193,0.9122550003230572,0.4787253001704812,0.47876339964568615
20260911_131106_302206,4,256,8,M,1,194,0.901570999994874,0.4715587003156543,0.47159119974821806
20260911_131106_302206,4,256,8,M,1,195,0.9074152000248432,0.4767337003722787,0.4767777994275093
20260911_131106_302206,4,256,8,M,1,196,0.9050532998517156,0.46033249981701374,0.46037650015205145
20260911_131106_302206,4,256,8,M,1,197,0.9092766996473074,0.4650144996121526,0.4650479005649686
20260911_131106_302206,4,256,8,M,1,198,0.8948218999430537,0.46799950022250414,0.46803539991378784
20260911_131106_302206,4,256,8,M,1,199,0.9239628994837403,0.4586229994893074,0.4586565997451544
20260911_131106_302206,4,256,8,M,1,200,0.9107691003009677,0.4666233994066715,0.4666554993018508
20260911_131106_302206,4,256,8,M,1,201,0.9011567002162337,0.49835499934852123,0.498399100266397
20260911_131106_302206,4,256,8,M,1,202,0.9244961999356747,0.485202900134027,0.485236999578774
20260911_131106_302206,4,256,8,M,1,203,0.9000236000865698,0.5318026999011636,0.5318380994722247
20260911_131106_302206,4,256,8,M,1,204,0.9355300003662705,0.4778982000425458,0.47793359961360693
20260911_131106_302206,4,256,8,M,1,205,0.9032446993514895,0.4837162997573614,0.4837513994425535
20260911_131106_302206,4,256,8,M,1,206,0.9153249002993107,0.46595679968595505,0.4659904995933175
20260911_131106_302206,4,256,8,M,1,207,0.9098059004172683,0.48269400000572205,0.48273099958896637
20260911_131106_302206,4,256,8,M,1,208,0.9020442003384233,0.4724254999309778,0.47245819959789515
20260911_131106_302206,4,256,8,M,1,209,0.8953933995217085,0.47457539942115545,0.4746099002659321
20260911_131106_302206,4,256,8,M,1,210,0.9023116994649172,0.47203500010073185,0.47206849977374077
20260911_131106_302206,4,256,8,M,1,211,0.9224584996700287,0.4772312995046377,0.4772651996463537
20260911_131106_302206,4,256,8,M,1,212,0.9165075002238154,0.47334680054336786,0.47348889987915754
20260911_131106_302206,4,256,8,M,1,213,0.8832721998915076,0.46847520023584366,0.46850719954818487
20260911_131106_302206,4,256,8,M,1,214,0.9122890001162887,0.4719497999176383,0.4719829000532627
20260911_131106_302206,4,256,8,M,1,215,0.9144882000982761,0.4727052003145218,0.47274640016257763
20260911_131106_302206,4,256,8,M,1,216,0.9012246998026967,0.47413819935172796,0.4741727001965046
20260911_131106_302206,4,256,8,M,1,217,0.8956715995445848,0.4732582001015544,0.47329379990696907
20260911_131106_302206,4,256,8,M,1,218,0.8808310003951192,0.48009780049324036,0.4801475992426276
20260911_131106_302206,4,256,8,M,1,219,0.9088045004755259,0.4634969001635909,0.46354479994624853
20260911_131106_302206,4,256,8,M,1,220,0.9212969001382589,0.46143370028585196,0.461467900313437
20260911_131106_302206,4,256,8,M,1,221,0.9122977005317807,0.5268457997590303,0.5268993992358446
20260911_131106_302206,4,256,8,M,1,222,1.0192791996523738,0.47387690003961325,0.47390969935804605
20260911_131106_302206,4,256,8,M,1,223,0.9445848995819688,0.47983380034565926,0.4798824992030859
20260911_131106_302206,4,256,8,M,1,224,0.9423985006287694,0.46536440029740334,0.46539830043911934
20260911_131106_302206,4,256,8,M,1,225,0.9010982001200318,0.46905209962278605,0.46908480022102594
20260911_131106_302206,4,256,8,M,1,226,0.8908144002780318,0.4789900006726384,0.4790244000032544
20260911_131106_302206,4,256,8,M,1,227,0.9227163996547461,0.46230840031057596,0.46234200056642294
20260911_131106_302206,4,256,8,M,1,228,0.8903026003390551,0.4697487996891141,0.46978280041366816
20260911_131106_302206,4,256,8,M,1,229,0.9331635003909469,0.47413770016282797,0.47417400032281876
20260911_131106_302206,4,256,8,M,1,230,0.9249011008068919,0.4642102001234889,0.46424280013889074
20260911_131106_302206,4,256,8,M,1,231,0.8758251005783677,0.46759890019893646,0.46763280034065247
20260911_131106_302206,4,256,8,M,1,232,0.9265804002061486,0.5151473004370928,0.5151830995455384
20260911_131106_302206,4,256,8,M,1,233,0.972923900000751,0.47470799926668406,0.4747432004660368
20260911_131106_302206,4,256,8,M,1,234,0.9390569003298879,0.47012109961360693,0.47015449963510036
20260911_131106_302206,4,256,8,M,1,235,0.8812592001631856,0.47411719989031553,0.4741496006026864
20260911_131106_302206,4,256,8,M,1,236,0.8777221003547311,0.47656829934567213,0.4766015000641346
20260911_131106_302206,4,256,8,M,1,237,0.9038401003926992,0.4691849993541837,0.46921660006046295
20260911_131106_302206,4,256,8,M,1,238,0.8872718997299671,0.49877289962023497,0.49880720023065805
20260911_131106_302206,4,256,8,M,1,239,0.9065783992409706,0.5217621000483632,0.5218136003240943
20260911_131106_302206,4,256,8,M,1,240,0.9115083999931812,0.47152649983763695,0.4715601997449994
20260911_131106_302206,4,256,8,M,1,241,0.8934239000082016,0.47539420053362846,0.4754292005673051
20260911_131106_302206,4,256,8,M,1,242,0.8993892995640635,0.4789845999330282,0.47901830077171326
20260911_131106_302206,4,256,8,M,1,243,0.9150779005140066,0.4792822999879718,0.4793191999197006
20260911_131106_302206,4,256,8,M,1,244,0.8929716004058719,0.47469120007008314,0.47472700010985136
20260911_131106_302206,4,256,8,M,1,245,0.9042338998988271,0.4654241995885968,0.4654585998505354
20260911_131106_302206,4,256,8,M,1,246,0.8926750998944044,0.4658383000642061,0.46587170008569956
20260911_131106_302206,4,256,8,M,1,247,0.8847538996487856,0.49248140025883913,0.4925159001722932
20260911_131106_302206,4,256,8,M,1,248,0.9289106000214815,0.4730416005477309,0.47307429928332567
20260911_131106_302206,4,256,8,M,1,249,0.897863800637424,0.4774356996640563,0.4774706996977329
20260911_131106_302206,4,256,8,M,1,250,0.8962300000712276,0.47372990008443594,0.4737675003707409
20260911_131106_302206,4,256,8,M,1,251,0.8743700999766588,0.48569300025701523,0.4857274992391467
20260911_131106_302206,4,256,8,M,1,252,0.9097580993548036,0.4729583002626896,0.47299360018223524
20260911_131106_302206,4,256,8,M,1,253,0.9139088001102209,0.47006359975785017,0.4701117994263768
20260911_131106_302206,4,256,8,M,1,254,0.8779939999803901,0.4772936003282666,0.47732759919017553
20260911_131106_302206,4,256,8,M,1,255,0.9156990004703403,0.4826454995200038,0.48268810007721186
20260911_131106_302206,4,256,8,NM,2,0,0.7399301994591951,0.460377499461174,0.4604230001568794
20260911_131106_302206,4,256,8,NM,2,1,0.7235393999144435,0.46427629981189966,0.46430820040404797
20260911_131106_302206,4,256,8,NM,2,2,0.6812536995857954,0.45108329970389605,0.45111670065671206
20260911_131106_302206,4,256,8,NM,2,3,0.6800640001893044,0.49471789970993996,0.4947500005364418
20260911_131106_302206,4,256,8,NM,2,4,0.809862700290978,0.498810900375247,0.498844999819994
20260911_131106_302206,4,256,8,NM,2,5,0.6994165005162358,0.4394049998372793,0.43943489994853735
20260911_131106_302206,4,256,8,NM,2,6,0.6778269000351429,0.4575650002807379,0.4575968999415636
20260911_131106_302206,4,256,8,NM,2,7,0.6823680000379682,0.4479760993272066,0.4480100004002452
20260911_131106_302206,4,256,8,NM,2,8,0.6804022993892431,0.4625766994431615,0.46260800026357174
20260911_131106_302206,4,256,8,NM,2,9,0.6881983000785112,0.4462935999035835,0.44632519967854023
20260911_131106_302206,4,256,8,NM,2,10,0.6842324994504452,0.4506118996068835,0.4506440991535783
20260911_131106_302206,4,256,8,NM,2,11,0.7122731991112232,0.44874839950352907,0.4488235004246235
20260911_131106_302206,4,256,8,NM,2,12,0.6823236001655459,0.4555619992315769,0.4555946998298168
20260911_131106_302206,4,256,8,NM,2,13,0.6798926005139947,0.45380540005862713,0.4538383996114135
20260911_131106_302206,4,256,8,NM,2,14,0.6910966001451015,0.4469951996579766,0.44702669978141785
20260911_131106_302206,4,256,8,NM,2,15,0.6811170000582933,0.45555009972304106,0.4555822005495429
20260911_131106_302206,4,256,8,NM,2,16,0.6828175997361541,0.4542656997218728,0.45429749973118305
20260911_131106_302206,4,256,8,NM,2,17,0.6862330995500088,0.45596609916538,0.4560136003419757
20260911_131106_302206,4,256,8,NM,2,18,0.6978333005681634,0.45030680019408464,0.4503373000770807
20260911_131106_302206,4,256,8,NM,2,19,0.6884482996538281,0.4466691995039582,0.44670189917087555
20260911_131106_302206,4,256,8,NM,2,20,0.7071574004366994,0.4413646999746561,0.4414063999429345
20260911_131106_302206,4,256,8,NM,2,21,0.6919338004663587,0.45570459961891174,0.4557374007999897
20260911_131106_302206,4,256,8,NM,2,22,0.6799253998324275,0.4538246002048254,0.4538551000878215
20260911_131106_302206,4,256,8,NM,2,23,0.6991542000323534,0.44764940068125725,0.44768170081079006
20260911_131106_302206,4,256,8,NM,2,24,0.6876288997009397,0.4481515996158123,0.4481822997331619
20260911_131106_302206,4,256,8,NM,2,25,0.6904573002830148,0.4536490999162197,0.4536830000579357
20260911_131106_302206,4,256,8,NM,2,26,0.6922370996326208,0.44354560039937496,0.4435890996828675
20260911_131106_302206,4,256,8,NM,2,27,0.6888986006379128,0.44712179992347956,0.4471535999327898
20260911_131106_302206,4,256,8,NM,2,28,0.6888339994475245,0.45277890004217625,0.45281129982322454
20260911_131106_302206,4,256,8,NM,2,29,0.7060696007683873,0.45902330055832863,0.45905609987676144
20260911_131106_302206,4,256,8,NM,2,30,0.7027491005137563,0.4685389995574951,0.4685709998011589
20260911_131106_302206,4,256,8,NM,2,31,0.6870713997632265,0.45846910029649734,0.4585004998371005
20260911_131106_302206,4,256,8,NM,2,32,0.7152405008673668,0.4467301005497575,0.44677590020000935
20260911_131106_302206,4,256,8,NM,2,33,0.6887429999187589,0.4483209000900388,0.4483543997630477
20260911_131106_302206,4,256,8,NM,2,34,0.6889381995424628,0.45382390078157187,0.45385489985346794
20260911_131106_302206,4,256,8,NM,2,35,0.7001294996589422,0.4555518999695778,0.45558510068804026
20260911_131106_302206,4,256,8,NM,2,36,0.6983072999864817,0.4418647000566125,0.441898200660944
20260911_131106_302206,4,256,8,NM,2,37,0.68265559989959,0.4585437001660466,0.45857479982078075
20260911_131106_302206,4,256,8,NM,2,38,0.7009199997410178,0.4558594999834895,0.4558907998725772
20260911_131106_302206,4,256,8,NM,2,39,0.6925502000376582,0.45284529961645603,0.4528769999742508
20260911_131106_302206,4,256,8,NM,2,40,0.6817017002031207,0.45499909948557615,0.45503070019185543
20260911_131106_302206,4,256,8,NM,2,41,0.6881258999928832,0.4493394000455737,0.44936969969421625
20260911_131106_302206,4,256,8,NM,2,42,0.7326728999614716,0.4686681004241109,0.4687020005658269
20260911_131106_302206,4,256,8,NM,2,43,0.6988396998494864,0.45094799995422363,0.45098069962114096
20260911_131106_302206,4,256,8,NM,2,44,0.6915735006332397,0.460330200381577,0.46036320086568594
20260911_131106_302206,4,256,8,NM,2,45,0.6889631999656558,0.4438437996432185,0.4438757002353668
20260911_131106_302206,4,256,8,NM,2,46,0.6781131001189351,0.45026340056210756,0.4502957006916404
20260911_131106_302206,4,256,8,NM,2,47,0.7169912001118064,0.44431039970368147,0.4443503003567457
20260911_131106_302206,4,256,8,NM,2,48,0.6920614000409842,0.4620013004168868,0.46203359961509705
20260911_131106_302206,4,256,8,NM,2,49,0.6824101004749537,0.43937360029667616,0.43940440006554127
20260911_131106_302206,4,256,8,NM,2,50,0.6862039994448423,0.4564242996275425,0.456466699950397
20260911_131106_302206,4,256,8,NM,2,51,0.6891204994171858,0.4485333999618888,0.4485638998448849
20260911_131106_302206,4,256,8,NM,2,52,0.6916640996932983,0.44943860080093145,0.44946980010718107
20260911_131106_302206,4,256,8,NM,2,53,0.6897772997617722,0.46000489965081215,0.46005350071936846
20260911_131106_302206,4,256,8,NM,2,54,0.6911506997421384,0.4547322001308203,0.4547651996836066
20260911_131106_302206,4,256,8,NM,2,55,0.7031824002042413,0.4498963002115488,0.44994330033659935
20260911_131106_302206,4,256,8,NM,2,56,0.6926319003105164,0.4447709992527962,0.444802800193429
20260911_131106_302206,4,256,8,NM,2,57,0.6835538996383548,0.46211419999599457,0.4621460996568203
20260911_131106_302206,4,256,8,NM,2,58,0.6791585003957152,0.45973929949104786,0.4597777994349599
20260911_131106_302206,4,256,8,NM,2,59,0.6862749997526407,0.4617798998951912,0.461812200024724
20260911_131106_302206,4,256,8,NM,2,60,0.7003425005823374,0.45341529976576567,0.4534487994387746
20260911_131106_302206,4,256,8,NM,2,61,0.6953077996149659,0.4447935000061989,0.4448406994342804
20260911_131106_302206,4,256,8,NM,2,62,0.6981012001633644,0.44760029949247837,0.44764639995992184
20260911_131106_302206,4,256,8,NM,2,63,0.6817355994135141,0.4462804002687335,0.44631109945476055
20260911_131106_302206,4,256,8,NM,2,64,0.6940457001328468,0.4453322999179363,0.4453627998009324
20260911_131106_302206,4,256,8,NM,2,65,0.6750285001471639,0.45920810010284185,0.45924009941518307
20260911_131106_302206,4,256,8,NM,2,66,0.6917606005445123,0.44980569928884506,0.4498397996649146
20260911_131106_302206,4,256,8,NM,2,67,0.6846011001616716,0.44147880002856255,0.44151260051876307
20260911_131106_302206,4,256,8,NM,2,68,0.6868230998516083,0.450271800160408,0.4503038004040718
20260911_131106_302206,4,256,8,NM,2,69,0.6893702000379562,0.4512511007487774,0.4512827005237341
20260911_131106_302206,4,256,8,NM,2,70,0.6884325994178653,0.4526851996779442,0.4527276000007987
20260911_131106_302206,4,256,8,NM,2,71,0.6706154998391867,0.4558294992893934,0.45586179941892624
20260911_131106_302206,4,256,8,NM,2,72,0.7000585999339819,0.44385060016065836,0.4438835000619292
20260911_131106_302206,4,256,8,NM,2,73,0.6862877998501062,0.4496249007061124,0.44965790025889874
20260911_131106_302206,4,256,8,NM,2,74,0.6896542003378272,0.4612790001556277,0.4613106995820999
20260911_131106_302206,4,256,8,NM,2,75,0.6820614999160171,0.44299309980124235,0.4430252006277442
20260911_131106_302206,4,256,8,NM,2,76,0.7027834998443723,0.4431400001049042,0.4431750001385808
20260911_131106_302206,4,256,8,NM,2,77,0.6880459003150463,0.4518173998221755,0.4518494997173548
20260911_131106_302206,4,256,8,NM,2,78,0.6887453999370337,0.45236719958484173,0.45239910017699003
20260911_131106_302206,4,256,8,NM,2,79,0.6930406000465155,0.4522909000515938,0.4523336002603173
20260911_131106_302206,4,256,8,NM,2,80,0.682558000087738,0.445791800506413,0.4458248997107148
20260911_131106_302206,4,256,8,NM,2,81,0.6864888994023204,0.44526010006666183,0.44530680030584335
20260911_131106_302206,4,256,8,NM,2,82,0.6952907992526889,0.45606920029968023,0.45610060077160597
20260911_131106_302206,4,256,8,NM,2,83,0.6801062999293208,0.4502828000113368,0.45031540002673864
20260911_131106_302206,4,256,8,NM,2,84,0.6905132001265883,0.48260890040546656,0.48264059983193874
20260911_131106_302206,4,256,8,NM,2,85,0.7323708003386855,0.4612330002710223,0.4612670000642538
20260911_131106_302206,4,256,8,NM,2,86,0.6855574995279312,0.45585899986326694,0.45589049998670816
20260911_131106_302206,4,256,8,NM,2,87,0.6988800996914506,0.4693638999015093,0.4693964999169111
20260911_131106_302206,4,256,8,NM,2,88,0.7004980994388461,0.4480704003944993,0.4481009002774954
20260911_131106_302206,4,256,8,NM,2,89,0.7047236999496818,0.45696450024843216,0.45700789988040924
20260911_131106_302206,4,256,8,NM,2,90,0.6877693999558687,0.4385395999997854,0.43857530038803816
20260911_131106_302206,4,256,8,NM,2,91,0.688732199370861,0.4780537998303771,0.47808470018208027
20260911_131106_302206,4,256,8,NM,2,92,0.6954220002517104,0.45781540032476187,0.4578485004603863
20260911_131106_302206,4,256,8,NM,2,93,0.6918858997523785,0.4483583001419902,0.4483894007280469
20260911_131106_302206,4,256,8,NM,2,94,0.669475800357759,0.44909469969570637,0.44913289975374937
20260911_131106_302206,4,256,8,NM,2,95,0.6851380001753569,0.4582798006013036,0.45831120014190674
20260911_131106_302206,4,256,8,NM,2,96,0.700289299711585,0.4401277005672455,0.4401585999876261
20260911_131106_302206,4,256,8,NM,2,97,0.6830537999048829,0.4516914999112487,0.45172359980642796
20260911_131106_302206,4,256,8,NM,2,98,0.7234116997569799,0.45331820007413626,0.453350099734962
20260911_131106_302206,4,256,8,NM,2,99,0.6967209996655583,0.46189589984714985,0.4619373995810747
20260911_131106_302206,4,256,8,NM,2,100,0.6893014004454017,0.48764599952846766,0.4876792998984456
20260911_131106_302206,4,256,8,NM,2,101,0.7314370004460216,0.4667801996693015,0.46681420039385557
20260911_131106_302206,4,256,8,NM,2,102,0.7175923995673656,0.45648249983787537,0.4565146006643772
20260911_131106_302206,4,256,8,NM,2,103,0.7136369999498129,0.5055470000952482,0.5055828001350164
20260911_131106_302206,4,256,8,NM,2,104,0.698144200257957,0.4698586007580161,0.4698949996381998
20260911_131106_302206,4,256,8,NM,2,105,0.6708550006151199,0.4448067005723715,0.4448472000658512
20260911_131106_302206,4,256,8,NM,2,106,0.6833226000890136,0.4543358003720641,0.45436879992485046
20260911_131106_302206,4,256,8,NM,2,107,0.6954773003235459,0.4404493002220988,0.44048089999705553
20260911_131106_302206,4,256,8,NM,2,108,0.6882662000134587,0.463319499976933,0.4633521996438503
20260911_131106_302206,4,256,8,NM,2,109,0.7137496005743742,0.45144870039075613,0.45148069970309734
20260911_131106_302206,4,256,8,NM,2,110,0.7034028004854918,0.45516050048172474,0.4551934003829956
20260911_131106_302206,4,256,8,NM,2,111,0.6844108002260327,0.4418771006166935,0.44191120006144047
20260911_131106_302206,4,256,8,NM,2,112,0.6845589000731707,0.4476512996479869,0.44768440071493387
20260911_131106_302206,4,256,8,NM,2,113,0.6910342006012797,0.45314040035009384,0.4531717002391815
20260911_131106_302206,4,256,8,NM,2,114,0.7011337000876665,0.4554872000589967,0.45551859959959984
20260911_131106_302206,4,256,8,NM,2,115,0.6713630994781852,0.45143659971654415,0.4514688001945615
20260911_131106_302206,4,256,8,NM,2,116,0.7188120996579528,0.4460101006552577,0.44604070018976927
20260911_131106_302206,4,256,8,NM,2,117,0.6866273004561663,0.4433142999187112,0.4433583999052644
20260911_131106_302206,4,256,8,NM,2,118,0.6898702997714281,0.44123049918562174,0.4413054995238781
20260911_131106_302206,4,256,8,NM,2,119,0.7029716996476054,0.4557998003438115,0.45584100019186735
20260911_131106_302206,4,256,8,NM,2,120,0.6902876999229193,0.4561123000457883,0.45614590030163527
20260911_131106_302206,4,256,8,NM,2,121,0.7455771993845701,0.45515269972383976,0.4551919000223279
20260911_131106_302206,4,256,8,NM,2,122,0.7063330002129078,0.43028000090271235,0.43032229971140623
20260911_131106_302206,4,256,8,NM,2,123,0.6970343003049493,0.44935240037739277,0.44939539954066277
20260911_131106_302206,4,256,8,NM,2,124,0.6963546993210912,0.4476161999627948,0.4476489005610347
20260911_131106_302206,4,256,8,NM,2,125,0.6779447998851538,0.4407895999029279,0.4408211000263691
20260911_131106_302206,4,256,8,NM,2,126,0.6981275994330645,0.4530855007469654,0.453116100281477
20260911_131106_302206,4,256,8,NM,2,127,0.7012069998309016,0.4506208999082446,0.4506532996892929
20260911_131106_302206,4,256,8,NM,2,128,0.7228691997006536,0.4666157001629472,0.46665550023317337
20260911_131106_302206,4,256,8,NM,2,129,0.7263379003852606,0.5420030998066068,0.5420391000807285
20260911_131106_302206,4,256,8,NM,2,130,0.7579091005027294,0.5272425999864936,0.5272749001160264
20260911_131106_302206,4,256,8,NM,2,131,0.7440340006724,0.4614675994962454,0.46150039974600077
20260911_131106_302206,4,256,8,NM,2,132,0.6870851004496217,0.4449459994211793,0.4449791004881263
20260911_131106_302206,4,256,8,NM,2,133,0.7051152996718884,0.4527201000601053,0.45275270007550716
20260911_131106_302206,4,256,8,NM,2,134,0.688570799306035,0.4508405001834035,0.4508725004270673
20260911_131106_302206,4,256,8,NM,2,135,0.6972142998129129,0.44851090013980865,0.44854560028761625
20260911_131106_302206,4,256,8,NM,2,136,0.6992033002898097,0.4542485000565648,0.4542827997356653
20260911_131106_302206,4,256,8,NM,2,137,0.6981945000588894,0.465115699917078,0.4651482002809644
20260911_131106_302206,4,256,8,NM,2,138,0.6919587003067136,0.4525395995005965,0.4525720002129674
20260911_131106_302206,4,256,8,NM,2,139,0.6992726000025868,0.4392740996554494,0.43930969946086407
20260911_131106_302206,4,256,8,NM,2,140,0.6975354002788663,0.459052799269557,0.4590847995132208
20260911_131106_302206,4,256,8,NM,2,141,0.6974543994292617,0.44371499959379435,0.4437486007809639
20260911_131106_302206,4,256,8,NM,2,142,0.7036282001063228,0.45061219949275255,0.4506419999524951
20260911_131106_302206,4,256,8,NM,2,143,0.695006700232625,0.45750629995018244,0.4575383998453617
20260911_131106_302206,4,256,8,NM,2,144,0.6957175992429256,0.45643579959869385,0.45646960008889437
20260911_131106_302206,4,256,8,NM,2,145,0.6777182007208467,0.4521692004054785,0.4522021999582648
20260911_131106_302206,4,256,8,NM,2,146,0.69437410030514,0.44997929967939854,0.45001310016959906
20260911_131106_302206,4,256,8,NM,2,147,0.6863303007557988,0.4468353996053338,0.4468673998489976
20260911_131106_302206,4,256,8,NM,2,148,0.6820914000272751,0.46092330012470484,0.46095599979162216
20260911_131106_302206,4,256,8,NM,2,149,0.7097719991579652,0.4469649000093341,0.4469960005953908
20260911_131106_302206,4,256,8,NM,2,150,0.6802869997918606,0.4561005998402834,0.4561318000778556
20260911_131106_302206,4,256,8,NM,2,151,0.700479599647224,0.46683220006525517,0.46686459984630346
20260911_131106_302206,4,256,8,NM,2,152,0.7022786000743508,0.4561828998848796,0.4562293002381921
20260911_131106_302206,4,256,8,NM,2,153,0.7018667999655008,0.44814079999923706,0.4481740007176995
20260911_131106_302206,4,256,8,NM,2,154,0.6811909005045891,0.4486140999943018,0.4486445998772979
20260911_131106_302206,4,256,8,NM,2,155,0.6850471999496222,0.44757650047540665,0.44761019945144653
20260911_131106_302206,4,256,8,NM,2,156,0.6949332999065518,0.4421953000128269,0.44224239978939295
20260911_131106_302206,4,256,8,NM,2,157,0.6793039003387094,0.4596648998558521,0.45969600044190884
20260911_131106_302206,4,256,8,NM,2,158,0.6977661997079849,0.4443153999745846,0.44434869941323996
20260911_131106_302206,4,256,8,NM,2,159,0.681661400012672,0.45767190027981997,0.457702100276947
20260911_131106_302206,4,256,8,NM,2,160,0.705664299428463,0.5173903005197644,0.5174242006614804
20260911_131106_302206,4,256,8,NM,2,161,0.7548778997734189,0.47460730001330376,0.47464049980044365
20260911_131106_302206,4,256,8,NM,2,162,0.7074432000517845,0.44097760040313005,0.4410089999437332
20260911_131106_302206,4,256,8,NM,2,163,0.6672775000333786,0.44712879974395037,0.44716070033609867
20260911_131106_302206,4,256,8,NM,2,164,0.6896341992542148,0.45310170017182827,0.4531351998448372
20260911_131106_302206,4,256,8,NM,2,165,0.6865376997739077,0.4525162000209093,0.452547799795866
20260911_131106_302206,4,256,8,NM,2,166,0.6812438992783427,0.44984869938343763,0.4498978992924094
20260911_131106_302206,4,256,8,NM,2,167,0.6752960002049804,0.44753099977970123,0.44756289944052696
20260911_131106_302206,4,256,8,NM,2,168,0.6918666996061802,0.44838569965213537,0.44841859955340624
20260911_131106_302206,4,256,8,NM,2,169,0.6945502003654838,0.45405689999461174,0.4540898995473981
20260911_131106_302206,4,256,8,NM,2,170,0.6851501008495688,0.48538680002093315,0.4854190004989505
20260911_131106_302206,4,256,8,NM,2,171,0.715798799879849,0.45695200003683567,0.45698600076138973
20260911_131106_302206,4,256,8,NM,2,172,0.7094451002776623,0.4616867005825043,0.46171929966658354
20260911_131106_302206,4,256,8,NM,2,173,0.6925432002171874,0.45521949976682663,0.45525109954178333
20260911_131106_302206,4,256,8,NM,2,174,0.6812300002202392,0.43911439925432205,0.43914590030908585
20260911_131106_302206,4,256,8,NM,2,175,0.6802340000867844,0.4445110000669956,0.44455139990895987
20260911_131106_302206,4,256,8,NM,2,176,0.6845853002741933,0.4463462997227907,0.44637819938361645
20260911_131106_302206,4,256,8,NM,2,177,0.6844159001484513,0.44952140003442764,0.4495524996891618
20260911_131106_302206,4,256,8,NM,2,178,0.7009329991415143,0.44769930001348257,0.44773489981889725
20260911_131106_302206,4,256,8,NM,2,179,0.6823218995705247,0.4532965999096632,0.4533292008563876
20260911_131106_302206,4,256,8,NM,2,180,0.7001778995618224,0.44572569988667965,0.44575769919902086
20260911_131106_302206,4,256,8,NM,2,181,0.6828643996268511,0.4472543001174927,0.447286200709641
20260911_131106_302206,4,256,8,NM,2,182,0.698794400319457,0.4385056998580694,0.43853750079870224
20260911_131106_302206,4,256,8,NM,2,183,0.6972721004858613,0.4465554002672434,0.44659260008484125
20260911_131106_302206,4,256,8,NM,2,184,0.691728200763464,0.4561715004965663,0.4562062006443739
20260911_131106_302206,4,256,8,NM,2,185,0.6804480999708176,0.45083179976791143,0.4508778005838394
20260911_131106_302206,4,256,8,NM,2,186,0.6803914997726679,0.45528769958764315,0.45532749965786934
20260911_131106_302206,4,256,8,NM,2,187,0.6853373004123569,0.4569780994206667,0.45701880007982254
20260911_131106_302206,4,256,8,NM,2,188,0.6868792995810509,0.4467604998499155,0.44679190032184124
20260911_131106_302206,4,256,8,NM,2,189,0.6861587995663285,0.4581026006489992,0.4581351997330785
20260911_131106_302206,4,256,8,NM,2,190,0.7049919003620744,0.45998809952288866,0.4600218003615737
20260911_131106_302206,4,256,8,NM,2,191,0.6806781999766827,0.44363499991595745,0.44366580061614513
20260911_131106_302206,4,256,8,NM,2,192,0.6755848005414009,0.4563789004459977,0.4564086003229022
20260911_131106_302206,4,256,8,NM,2,193,0.6806419994682074,0.46697849966585636,0.4670111006125808
20260911_131106_302206,4,256,8,NM,2,194,0.7152968002483249,0.4525521006435156,0.45258540008217096
20260911_131106_302206,4,256,8,NM,2,195,0.6947464002296329,0.4416372999548912,0.4416771000251174
20260911_131106_302206,4,256,8,NM,2,196,0.6960843997076154,0.45090419985353947,0.45093700010329485
20260911_131106_302206,4,256,8,NM,2,197,0.6924400003626943,0.4568985002115369,0.45693060010671616
20260911_131106_302206,4,256,8,NM,2,198,0.6852711997926235,0.4376829005777836,0.4377198005095124
20260911_131106_302206,4,256,8,NM,2,199,0.6976474998518825,0.45172990020364523,0.4517620000988245
20260911_131106_302206,4,256,8,NM,2,200,0.6968120001256466,0.456742599606514,0.4567854003980756
20260911_131106_302206,4,256,8,NM,2,201,0.6782722007483244,0.43875240068882704,0.4387930007651448
20260911_131106_302206,4,256,8,NM,2,202,0.6732861995697021,0.4479358000680804,0.44796990044414997
20260911_131106_302206,4,256,8,NM,2,203,0.6885756999254227,0.45194589998573065,0.45197829976677895
20260911_131106_302206,4,256,8,NM,2,204,0.7115094996988773,0.455057299695909,0.4550932999700308
20260911_131106_302206,4,256,8,NM,2,205,0.6920069996267557,0.4432038003578782,0.4432381996884942
20260911_131106_302206,4,256,8,NM,2,206,0.6990101002156734,0.45604579988867044,0.4560771994292736
20260911_131106_302206,4,256,8,NM,2,207,0.6629134006798267,0.4537602001801133,0.45379160065203905
20260911_131106_302206,4,256,8,NM,2,208,0.6725522996857762,0.44670720025897026,0.4467394994571805
20260911_131106_302206,4,256,8,NM,2,209,0.7014546003192663,0.4552645003423095,0.45529869943857193
20260911_131106_302206,4,256,8,NM,2,210,0.6898600999265909,0.44263430032879114,0.44266670010983944
20260911_131106_302206,4,256,8,NM,2,211,0.7214106004685163,0.4720679000020027,0.47210139967501163
20260911_131106_302206,4,256,8,NM,2,212,0.7069703992456198,0.4462746996432543,0.44631769973784685
20260911_131106_302206,4,256,8,NM,2,213,0.6843814998865128,0.44865799974650145,0.4486916996538639
20260911_131106_302206,4,256,8,NM,2,214,0.6739734001457691,0.4502774002030492,0.4503112994134426
20260911_131106_302206,4,256,8,NM,2,215,0.6869980003684759,0.4540714006870985,0.45410440023988485
20260911_131106_302206,4,256,8,NM,2,216,0.7134609995409846,0.4538831999525428,0.4539173999801278
20260911_131106_302206,4,256,8,NM,2,217,0.6864368999376893,0.4488206999376416,0.4488534005358815
20260911_131106_302206,4,256,8,NM,2,218,0.6920381998643279,0.44790889974683523,0.44794119987636805
20260911_131106_302206,4,256,8,NM,2,219,0.6909766998142004,0.45889610052108765,0.45892960019409657
20260911_131106_302206,4,256,8,NM,2,220,0.6968945004045963,0.4519968004897237,0.45202980004251003
20260911_131106_302206,4,256,8,NM,2,221,0.6797221004962921,0.45254489965736866,0.45257600024342537
20260911_131106_302206,4,256,8,NM,2,222,0.692629300057888,0.44402149971574545,0.4440521001815796
20260911_131106_302206,4,256,8,NM,2,223,0.678422600030899,0.453957200050354,0.4539871998131275
20260911_131106_302206,4,256,8,NM,2,224,0.6812049997970462,0.4527341993525624,0.4527674997225404
20260911_131106_302206,4,256,8,NM,2,225,0.687088799662888,0.46725959982723,0.46729130018502474
20260911_131106_302206,4,256,8,NM,2,226,0.6969023002311587,0.4461494004353881,0.4462048998102546
20260911_131106_302206,4,256,8,NM,2,227,0.6893402999266982,0.4501403998583555,0.45017850026488304
20260911_131106_302206,4,256,8,NM,2,228,0.6688797008246183,0.44437909964472055,0.4444100996479392
20260911_131106_302206,4,256,8,NM,2,229,0.6824623998254538,0.4427461000159383,0.4427784997969866
20260911_131106_302206,4,256,8,NM,2,230,0.6848410991951823,0.4402202991768718,0.44025229942053556
20260911_131106_302206,4,256,8,NM,2,231,0.6981129003688693,0.4534556996077299,0.45357399992644787
20260911_131106_302206,4,256,8,NM,2,232,0.6817811001092196,0.4370625000447035,0.43710360024124384
20260911_131106_302206,4,256,8,NM,2,233,0.6715998994186521,0.45916640013456345,0.4591974997892976
20260911_131106_302206,4,256,8,NM,2,234,0.6840896997600794,0.45203670021146536,0.45206800010055304
20260911_131106_302206,4,256,8,NM,2,235,0.6903547998517752,0.4492681995034218,0.4493116997182369
20260911_131106_302206,4,256,8,NM,2,236,0.684438499622047,0.45999279990792274,0.4600370991975069
20260911_131106_302206,4,256,8,NM,2,237,0.6925695994868875,0.4601079998537898,0.460138900205493
20260911_131106_302206,4,256,8,NM,2,238,0.6899183001369238,0.43577060010284185,0.43580139987170696
20260911_131106_302206,4,256,8,NM,2,239,0.7020568000152707,0.4452823996543884,0.4453135998919606
20260911_131106_302206,4,256,8,NM,2,240,0.6933803996071219,0.45339589938521385,0.4534271005541086
20260911_131106_302206,4,256,8,NM,2,241,0.6780710006132722,0.4535305006429553,0.45356510020792484
20260911_131106_302206,4,256,8,NM,2,242,0.6853496003895998,0.46216220036149025,0.46220859978348017
20260911_131106_302206,4,256,8,NM,2,243,0.7012999998405576,0.43807709962129593,0.4381275000050664
20260911_131106_302206,4,256,8,NM,2,244,0.6777977999299765,0.4356533996760845,0.4356986004859209
20260911_131106_302206,4,256,8,NM,2,245,0.6695252005010843,0.44175689946860075,0.44178999960422516
20260911_131106_302206,4,256,8,NM,2,246,0.6988653996959329,0.4461715007200837,0.44620729982852936
20260911_131106_302206,4,256,8,NM,2,247,0.7127232998609543,0.4525676006451249,0.4525990001857281
20260911_131106_302206,4,256,8,NM,2,248,0.6713097002357244,0.47230760008096695,0.47233999986201525
20260911_131106_302206,4,256,8,NM,2,249,0.6954828994348645,0.4423131998628378,0.44234529975801706
20260911_131106_302206,4,256,8,NM,2,250,0.6854039998725057,0.44638510048389435,0.44641750026494265
20260911_131106_302206,4,256,8,NM,2,251,0.6981886997818947,0.4535055002197623,0.4535376001149416
20260911_131106_302206,4,256,8,NM,2,252,0.6920464998111129,0.45464999973773956,0.45469410065561533
20260911_131106_302206,4,256,8,NM,2,253,0.6783083993941545,0.44988830015063286,0.4499263996258378
20260911_131106_302206,4,256,8,NM,2,254,0.7239597998559475,0.4621632993221283,0.4621971007436514
20260911_131106_302206,4,256,8,NM,2,255,0.6810115007683635,0.4542876994237304,0.4543190002441406
20260911_131106_302206,5,8,3,NM,1,0,0.6457142997533083,0.4294881001114845,0.4295161999762058
20260911_131106_302206,5,8,3,NM,1,1,0.6752865994349122,0.41954359970986843,0.41957079991698265
20260911_131106_302206,5,8,3,NM,1,2,0.6499805999919772,0.430745099671185,0.43077339977025986
20260911_131106_302206,5,8,3,NM,1,3,0.6756811998784542,0.42747880052775145,0.4275054996833205
20260911_131106_302206,5,8,3,NM,1,4,0.6558926003053784,0.43850480020046234,0.43853059969842434
20260911_131106_302206,5,8,3,NM,1,5,0.677058800123632,0.4379797000437975,0.43800750002264977
20260911_131106_302206,5,8,3,NM,1,6,0.6466774996370077,0.43544309958815575,0.4354756996035576
20260911_131106_302206,5,8,3,NM,1,7,0.6551018003374338,0.4350934997200966,0.43512449972331524
20260911_131106_302206,5,8,3,M,2,0,0.7176905004307628,0.43971400056034327,0.4397435998544097
20260911_131106_302206,5,8,3,M,2,1,0.7585901999846101,0.42803539987653494,0.42806580010801554
20260911_131106_302206,5,8,3,M,2,2,0.7535990001633763,0.4618955999612808,0.4619276998564601
20260911_131106_302206,5,8,3,M,2,3,0.7697344003245234,0.4759245999157429,0.4759579999372363
20260911_131106_302206,5,8,3,M,2,4,0.7638336000964046,0.4701586998999119,0.4701917003840208
20260911_131106_302206,5,8,3,M,2,5,0.7855114005506039,0.45857470016926527,0.45860680006444454
20260911_131106_302206,5,8,3,M,2,6,0.7852608999237418,0.46394869964569807,0.46398620028048754
20260911_131106_302206,5,8,3,M,2,7,0.7911204993724823,0.460636000148952,0.4606683999300003
20260911_131106_302206,5,16,4,NM,1,0,0.6609426997601986,0.4134737001731992,0.41350429970771074
20260911_131106_302206,5,16,4,NM,1,1,0.6654659006744623,0.4283966002985835,0.4284297004342079
20260911_131106_302206,5,16,4,NM,1,2,0.6636636005714536,0.4259307999163866,0.4259624993428588
20260911_131106_302206,5,16,4,NM,1,3,0.6503748996183276,0.43106709979474545,0.43109679967164993
20260911_131106_302206,5,16,4,NM,1,4,0.6524729002267122,0.4249963006004691,0.4250409994274378
20260911_131106_302206,5,16,4,NM,1,5,0.6504915999248624,0.43451920058578253,0.43454750068485737
20260911_131106_302206,5,16,4,NM,1,6,0.6679715001955628,0.44148110039532185,0.4415149996057153
20260911_131106_302206,5,16,4,NM,1,7,0.6584697002544999,0.44302629958838224,0.4430556995794177
20260911_131106_302206,5,16,4,NM,1,8,0.6567297000437975,0.4349792003631592,0.4350084997713566
20260911_131106_302206,5,16,4,NM,1,9,0.6550808008760214,0.42835350055247545,0.4283834993839264
20260911_131106_302206,5,16,4,NM,1,10,0.6713327001780272,0.4392368998378515,0.43927539978176355
20260911_131106_302206,5,16,4,NM,1,11,0.6566318003460765,0.4345564004033804,0.4345863005146384
20260911_131106_302206,5,16,4,NM,1,12,0.6557895001024008,0.432150399312377,0.43218239955604076
20260911_131106_302206,5,16,4,NM,1,13,0.6727127004414797,0.46169100049883127,0.46172240003943443
20260911_131106_302206,5,16,4,NM,1,14,0.7338557001203299,0.4659952996298671,0.4660290004685521
20260911_131106_302206,5,16,4,NM,1,15,0.71090819966048,0.4571839002892375,0.4572159005329013
20260911_131106_302206,5,16,4,M,2,0,0.810406799428165,0.47764529939740896,0.47767840046435595
20260911_131106_302206,5,16,4,M,2,1,0.8164605004712939,0.4606480998918414,0.46069019939750433
20260911_131106_302206,5,16,4,M,2,2,0.7928047999739647,0.46087029948830605,0.4609051002189517
20260911_131106_302206,5,16,4,M,2,3,0.7910254998132586,0.47070430032908916,0.4707380002364516
20260911_131106_302206,5,16,4,M,2,4,0.798089999705553,0.46908439975231886,0.46911829989403486
20260911_131106_302206,5,16,4,M,2,5,0.8055031998082995,0.5176138002425432,0.5176470000296831
20260911_131106_302206,5,16,4,M,2,6,0.9462420996278524,0.6172299003228545,0.6172779994085431
20260911_131106_302206,5,16,4,M,2,7,0.9324040003120899,0.5141239995136857,0.5141611006110907
20260911_131106_302206,5,16,4,M,2,8,0.9549497999250889,0.5331187006086111,0.5331561006605625
20260911_131106_302206,5,16,4,M,2,9,0.8789771003648639,0.5094972997903824,0.5095330998301506
20260911_131106_302206,5,16,4,M,2,10,0.8744846992194653,0.4767913995310664,0.47682440001517534
20260911_131106_302206,5,16,4,M,2,11,0.7917953999713063,0.461608299985528,0.4616534002125263
20260911_131106_302206,5,16,4,M,2,12,0.7801369996741414,0.46069199964404106,0.46072589978575706
20260911_131106_302206,5,16,4,M,2,13,0.7870315006002784,0.46105509996414185,0.4611045001074672
20260911_131106_302206,5,16,4,M,2,14,0.7938652997836471,0.4523649998009205,0.45239670015871525
20260911_131106_302206,5,16,4,M,2,15,0.7731523001566529,0.45724370051175356,0.4572732001543045
20260911_131106_302206,5,32,5,NM,1,0,0.6680565997958183,0.4352643992751837,0.4353074003010988
20260911_131106_302206,5,32,5,NM,1,1,0.6624092999845743,0.42406969983130693,0.424099700525403
20260911_131106_302206,5,32,5,NM,1,2,0.6453839000314474,0.42935650050640106,0.4293863996863365
20260911_131106_302206,5,32,5,NM,1,3,0.6402088003233075,0.4399926997721195,0.4400227004662156
20260911_131106_302206,5,32,5,NM,1,4,0.680884100496769,0.4340065997093916,0.43403720017522573
20260911_131106_302206,5,32,5,NM,1,5,0.658356100320816,0.4257701002061367,0.42579959984868765
20260911_131106_302206,5,32,5,NM,1,6,0.6646440997719765,0.4333494007587433,0.4333754004910588
20260911_131106_302206,5,32,5,NM,1,7,0.6741627994924784,0.4357841005548835,0.4358121994882822
20260911_131106_302206,5,32,5,NM,1,8,0.6651214007288218,0.42951640021055937,0.4295650003477931
20260911_131106_302206,5,32,5,NM,1,9,0.6735069006681442,0.42688219994306564,0.42691139969974756
20260911_131106_302206,5,32,5,NM,1,10,0.6714265001937747,0.43215860053896904,0.4321873001754284
20260911_131106_302206,5,32,5,NM,1,11,0.6646156003698707,0.43344829976558685,0.43347950000315905
20260911_131106_302206,5,32,5,NM,1,12,0.64797049947083,0.4347198996692896,0.43474840000271797
20260911_131106_302206,5,32,5,NM,1,13,0.6805206993594766,0.4438244001939893,0.4438544996082783
20260911_131106_302206,5,32,5,NM,1,14,0.6686079995706677,0.4565544007346034,0.45658550038933754
20260911_131106_302206,5,32,5,NM,1,15,0.7298697996884584,0.4781681001186371,0.4782027006149292
20260911_131106_302206,5,32,5,NM,1,16,0.7351056998595595,0.463968800380826,0.46403330005705357
20260911_131106_302206,5,32,5,NM,1,17,0.7240791004151106,0.45438200049102306,0.4544131001457572
20260911_131106_302206,5,32,5,NM,1,18,0.7047673994675279,0.4804487992078066,0.4804841997101903
20260911_131106_302206,5,32,5,NM,1,19,0.7243161993101239,0.4722306001931429,0.4722805004566908
20260911_131106_302206,5,32,5,NM,1,20,0.7060282994061708,0.4587601004168391,0.458793300203979
20260911_131106_302206,5,32,5,NM,1,21,0.6910730004310608,0.49223809968680143,0.49228080082684755
20260911_131106_302206,5,32,5,NM,1,22,0.7281580995768309,0.4651263998821378,0.465162199921906
20260911_131106_302206,5,32,5,NM,1,23,0.7024637004360557,0.46438900008797646,0.46443929988890886
20260911_131106_302206,5,32,5,NM,1,24,0.6874082004651427,0.4545129993930459,0.4545480003580451
20260911_131106_302206,5,32,5,NM,1,25,0.7144351992756128,0.44996290002018213,0.45001239981502295
20260911_131106_302206,5,32,5,NM,1,26,0.7104591997340322,0.45210450049489737,0.4521433999761939
20260911_131106_302206,5,32,5,NM,1,27,0.7069148998707533,0.4564608000218868,0.45649300049990416
20260911_131106_302206,5,32,5,NM,1,28,0.7069689994677901,0.45845420006662607,0.4584865001961589
20260911_131106_302206,5,32,5,NM,1,29,0.7037417003884912,0.45443509984761477,0.45446749962866306
20260911_131106_302206,5,32,5,NM,1,30,0.7241774993017316,0.49078769981861115,0.4908214006572962
20260911_131106_302206,5,32,5,NM,1,31,0.7305814996361732,0.4643409000709653,0.46438390016555786
20260911_131106_302206,5,32,5,M,2,0,0.8141392003744841,0.47510839998722076,0.4751434000208974
20260911_131106_302206,5,32,5,M,2,1,0.8108077999204397,0.470244700089097,0.47027780022472143
20260911_131106_302206,5,32,5,M,2,2,0.8091150997206569,0.4584955992177129,0.45853039994835854
20260911_131106_302206,5,32,5,M,2,3,0.7860997002571821,0.46468530036509037,0.46471819933503866
20260911_131106_302206,5,32,5,M,2,4,0.8238339005038142,0.47653939947485924,0.47657249961048365
20260911_131106_302206,5,32,5,M,2,5,0.8020350998267531,0.48409010004252195,0.48412259947508574
20260911_131106_302206,5,32,5,M,2,6,0.9077197993174195,0.47258919943124056,0.4726232998073101
20260911_131106_302206,5,32,5,M,2,7,0.82815430033952,0.47732690069824457,0.47736579924821854
20260911_131106_302206,5,32,5,M,2,8,0.7746321996673942,0.456249600276351,0.4562818007543683
20260911_131106_302206,5,32,5,M,2,9,0.7833793004974723,0.4652772005647421,0.465310899540782
20260911_131106_302206,5,32,5,M,2,10,0.7921083001419902,0.4761557998135686,0.4761896999552846
20260911_131106_302206,5,32,5,M,2,11,0.8121562004089355,0.4618402002379298,0.46187369991093874
20260911_131106_302206,5,32,5,M,2,12,0.8342078002169728,0.46782940067350864,0.4678611997514963
20260911_131106_302206,5,32,5,M,2,13,0.7952475994825363,0.4696324998512864,0.46966730058193207
20260911_131106_302206,5,32,5,M,2,14,0.8026387998834252,0.45948929991573095,0.45952160004526377
20260911_131106_302206,5,32,5,M,2,15,0.8095268001779914,0.45877949986606836,0.4588125003501773
20260911_131106_302206,5,32,5,M,2,16,0.8085719998925924,0.46887749992311,0.46891049947589636
20260911_131106_302206,5,32,5,M,2,17,0.7951608002185822,0.4657131992280483,0.46574729960411787
20260911_131106_302206,5,32,5,M,2,18,0.7823603004217148,0.46212949976325035,0.46216189954429865
20260911_131106_302206,5,32,5,M,2,19,0.8051542993634939,0.457893499173224,0.4579257005825639
20260911_131106_302206,5,32,5,M,2,20,0.7976540997624397,0.4605120001360774,0.4605452995747328
20260911_131106_302206,5,32,5,M,2,21,0.7996327001601458,0.45845390018075705,0.45848770067095757
20260911_131106_302206,5,32,5,M,2,22,0.8442008998245001,0.4673137003555894,0.46734580025076866
20260911_131106_302206,5,32,5,M,2,23,0.8051148001104593,0.4561620997264981,0.456194800324738
20260911_131106_302206,5,32,5,M,2,24,0.8085881993174553,0.4579563997685909,0.45798979979008436
20260911_131106_302206,5,32,5,M,2,25,0.7880669999867678,0.46264030039310455,0.46267190016806126
20260911_131106_302206,5,32,5,M,2,26,0.8013894995674491,0.46302570030093193,0.4630593005567789
20260911_131106_302206,5,32,5,M,2,27,0.7951079001650214,0.47074799984693527,0.4707879004999995
20260911_131106_302206,5,32,5,M,2,28,0.7987275999039412,0.4697297001257539,0.4697615997865796
20260911_131106_302206,5,32,5,M,2,29,0.8199439002200961,0.4682676997035742,0.46830209996551275
20260911_131106_302206,5,32,5,M,2,30,0.8079619994387031,0.4644503006711602,0.46448300033807755
20260911_131106_302206,5,32,5,M,2,31,0.8012132998555899,0.4616694999858737,0.46171349938958883
20260911_131106_302206,5,64,6,NM,1,0,0.6509961001574993,0.42583390045911074,0.42586810048669577
20260911_131106_302206,5,64,6,NM,1,1,0.6503163008019328,0.4191049998626113,0.41913279984146357
20260911_131106_302206,5,64,6,NM,1,2,0.647762699984014,0.41997170075774193,0.4200007002800703
20260911_131106_302206,5,64,6,NM,1,3,0.6681054001674056,0.43369979970157146,0.4337284993380308
20260911_131106_302206,5,64,6,NM,1,4,0.6648607002571225,0.432425900362432,0.4324676999822259
20260911_131106_302206,5,64,6,NM,1,5,0.6659409999847412,0.4369591996073723,0.4369884002953768
20260911_131106_302206,5,64,6,NM,1,6,0.6324901003390551,0.4326096000149846,0.4326376998797059
20260911_131106_302206,5,64,6,NM,1,7,0.6661351006478071,0.4217103002592921,0.42174290027469397
20260911_131106_302206,5,64,6,NM,1,8,0.6459977999329567,0.4235713994130492,0.42360430024564266
20260911_131106_302206,5,64,6,NM,1,9,0.7298505995422602,0.4922997998073697,0.49233120027929544
20260911_131106_302206,5,64,6,NM,1,10,0.7422791998833418,0.42975430004298687,0.42978370003402233
20260911_131106_302206,5,64,6,NM,1,11,0.6744576999917626,0.4711100999265909,0.4711420005187392
20260911_131106_302206,5,64,6,NM,1,12,0.6684624003246427,0.43192939925938845,0.4319622991606593
20260911_131106_302206,5,64,6,NM,1,13,0.6825711997225881,0.4405383998528123,0.44056549947708845
20260911_131106_302206,5,64,6,NM,1,14,0.6659013004973531,0.43424549978226423,0.43429220002144575
20260911_131106_302206,5,64,6,NM,1,15,0.6853066999465227,0.45079199969768524,0.4508226001635194
20260911_131106_302206,5,64,6,NM,1,16,0.6985067995265126,0.4539981000125408,0.45403119921684265
20260911_131106_302206,5,64,6,NM,1,17,0.7083153994753957,0.4607913000509143,0.46082380041480064
20260911_131106_302206,5,64,6,NM,1,18,0.692557199858129,0.45650359988212585,0.45653640013188124
20260911_131106_302206,5,64,6,NM,1,19,0.6967249000445008,0.4629053995013237,0.4629420004785061
20260911_131106_302206,5,64,6,NM,1,20,0.6979082999750972,0.4666854999959469,0.46671710070222616
20260911_131106_302206,5,64,6,NM,1,21,0.7319928994402289,0.48333549965173006,0.4833701001480222
20260911_131106_302206,5,64,6,NM,1,22,0.7250886000692844,0.4927065996453166,0.49274110049009323
20260911_131106_302206,5,64,6,NM,1,23,0.7105930997058749,0.45052719954401255,0.45055980049073696
20260911_131106_302206,5,64,6,NM,1,24,0.717978099361062,0.45529660023748875,0.4553279997780919
20260911_131106_302206,5,64,6,NM,1,25,0.6897160997614264,0.4520661998540163,0.45210549980401993
20260911_131106_302206,5,64,6,NM,1,26,0.6899912003427744,0.4573628008365631,0.45739830005913973
20260911_131106_302206,5,64,6,NM,1,27,0.7041212003678083,0.4549812003970146,0.4550277004018426
20260911_131106_302206,5,64,6,NM,1,28,0.68264289945364,0.45455180015414953,0.4545847000554204
20260911_131106_302206,5,64,6,NM,1,29,0.68670619931072,0.4644352002069354,0.46446789987385273
20260911_131106_302206,5,64,6,NM,1,30,0.7001267997547984,0.4541277000680566,0.45416059996932745
20260911_131106_302206,5,64,6,NM,1,31,0.698416099883616,0.4600537000223994,0.4600908001884818
20260911_131106_302206,5,64,6,NM,1,32,0.7391550997272134,0.5059885000810027,0.5060218991711736
20260911_131106_302206,5,64,6,NM,1,33,0.7516625998541713,0.47250030003488064,0.472532800398767
20260911_131106_302206,5,64,6,NM,1,34,0.6958272000774741,0.4739047000184655,0.4739391999319196
20260911_131106_302206,5,64,6,NM,1,35,0.6956676002591848,0.47535450011491776,0.47538649942725897
20260911_131106_302206,5,64,6,NM,1,36,0.7265954995527864,0.4490625001490116,0.4491030005738139
20260911_131106_302206,5,64,6,NM,1,37,0.7083408003672957,0.46154530066996813,0.461600000038743
20260911_131106_302206,5,64,6,NM,1,38,0.7151702996343374,0.4570420002564788,0.457090400159359
20260911_131106_302206,5,64,6,NM,1,39,0.7042656000703573,0.4873575000092387,0.48739019967615604
20260911_131106_302206,5,64,6,NM,1,40,0.7361551001667976,0.4693599995225668,0.46939370036125183
20260911_131106_302206,5,64,6,NM,1,41,0.8119486998766661,0.47628969978541136,0.47632609959691763
20260911_131106_302206,5,64,6,NM,1,42,0.7377092996612191,0.449550099670887,0.4495824994519353
20260911_131106_302206,5,64,6,NM,1,43,0.6961089996621013,0.44949090015143156,0.44952249992638826
20260911_131106_302206,5,64,6,NM,1,44,0.6894611995667219,0.451541599817574,0.4515744997188449
20260911_131106_302206,5,64,6,NM,1,45,0.68369510024786,0.43486389983445406,0.4348948001861572
20260911_131106_302206,5,64,6,NM,1,46,0.7080921996384859,0.44837090000510216,0.4484053999185562
20260911_131106_302206,5,64,6,NM,1,47,0.7107747001573443,0.47187190037220716,0.4719053003937006
20260911_131106_302206,5,64,6,NM,1,48,0.7289279000833631,0.4750306000933051,0.47512019984424114
20260911_131106_302206,5,64,6,NM,1,49,0.700654299929738,0.4710480999201536,0.4710817001760006
20260911_131106_302206,5,64,6,NM,1,50,0.7040614997968078,0.45366680063307285,0.4537032004445791
20260911_131106_302206,5,64,6,NM,1,51,0.6807548999786377,0.4533472005277872,0.45337990019470453
20260911_131106_302206,5,64,6,NM,1,52,0.7054544007405639,0.4546263003721833,0.45465909969061613
20260911_131106_302206,5,64,6,NM,1,53,0.6963597005233169,0.4540253998711705,0.4540574001148343
20260911_131106_302206,5,64,6,NM,1,54,0.6926426999270916,0.45178219955414534,0.45181339979171753
20260911_131106_302206,5,64,6,NM,1,55,0.6868641003966331,0.4536338998004794,0.45367300044745207
20260911_131106_302206,5,64,6,NM,1,56,0.6925949994474649,0.4499044995754957,0.44993679970502853
20260911_131106_302206,5,64,6,NM,1,57,0.6825657999143004,0.4623622000217438,0.46239739935845137
20260911_131106_302206,5,64,6,NM,1,58,0.6974865002557635,0.4532107999548316,0.45324730034917593
20260911_131106_302206,5,64,6,NM,1,59,0.6954903993755579,0.45293609984219074,0.4529725993052125
20260911_131106_302206,5,64,6,NM,1,60,0.6967382002621889,0.45531850028783083,0.4553533997386694
20260911_131106_302206,5,64,6,NM,1,61,0.6930160000920296,0.4486066997051239,0.44863929972052574
20260911_131106_302206,5,64,6,NM,1,62,0.6989194992929697,0.44797660037875175,0.4480101000517607
20260911_131106_302206,5,64,6,NM,1,63,0.6940522994846106,0.4532639002427459,0.4533009994775057
20260911_131106_302206,5,64,6,M,2,0,0.8868420999497175,0.4566762996837497,0.45670949947088957
20260911_131106_302206,5,64,6,M,2,1,0.881564300507307,0.4747881004586816,0.47482499945908785
20260911_131106_302206,5,64,6,M,2,2,0.8597219996154308,0.5200445996597409,0.5200784998014569
20260911_131106_302206,5,64,6,M,2,3,0.931979600340128,0.45507320016622543,0.45510780066251755
20260911_131106_302206,5,64,6,M,2,4,0.9030953999608755,0.47501750010997057,0.4750509997829795
20260911_131106_302206,5,64,6,M,2,5,0.8722374001517892,0.4757317993789911,0.475764499977231
20260911_131106_302206,5,64,6,M,2,6,0.8724848004058003,0.45960789918899536,0.45964109990745783
20260911_131106_302206,5,64,6,M,2,7,0.8886562995612621,0.4719233000651002,0.4719564998522401
20260911_131106_302206,5,64,6,M,2,8,0.8946855003014207,0.4653013003990054,0.46533820033073425
20260911_131106_302206,5,64,6,M,2,9,0.8861850006505847,0.4608204001560807,0.4608519999310374
20260911_131106_302206,5,64,6,M,2,10,0.884077399969101,0.4678790997713804,0.4679118003696203
20260911_131106_302206,5,64,6,M,2,11,0.8865853995084763,0.46412419993430376,0.4642605995759368
20260911_131106_302206,5,64,6,M,2,12,0.868673000484705,0.47004539985209703,0.4700778005644679
20260911_131106_302206,5,64,6,M,2,13,0.9020453002303839,0.4646552000194788,0.4646870996803045
20260911_131106_302206,5,64,6,M,2,14,0.864703900180757,0.4624236999079585,0.4624568000435829
20260911_131106_302206,5,64,6,M,2,15,0.8553721997886896,0.46922750025987625,0.4692628998309374
20260911_131106_302206,5,64,6,M,2,16,0.8794133998453617,0.47485619969666004,0.4748903000727296
20260911_131106_302206,5,64,6,M,2,17,0.876643399707973,0.4569455999881029,0.4569784002378583
20260911_131106_302206,5,64,6,M,2,18,0.8865721002221107,0.4694341002032161,0.4694694001227617
20260911_131106_302206,5,64,6,M,2,19,0.8762860000133514,0.4672013996168971,0.4672368001192808
20260911_131106_302206,5,64,6,M,2,20,0.887118199840188,0.4593916004523635,0.4594282004982233
20260911_131106_302206,5,64,6,M,2,21,0.8884445000439882,0.46697389986366034,0.4670067997649312
20260911_131106_302206,5,64,6,M,2,22,0.8895456995815039,0.47186140064150095,0.4718941003084183
20260911_131106_302206,5,64,6,M,2,23,0.8777505997568369,0.46577690076082945,0.46580890007317066
20260911_131106_302206,5,64,6,M,2,24,0.8911365997046232,0.47250180039554834,0.47253490053117275
20260911_131106_302206,5,64,6,M,2,25,0.8581678001210093,0.4682946000248194,0.4683272996917367
20260911_131106_302206,5,64,6,M,2,26,0.8780343998223543,0.46830760035663843,0.46834190003573895
20260911_131106_302206,5,64,6,M,2,27,0.8644428001716733,0.48087430000305176,0.48090839944779873
20260911_131106_302206,5,64,6,M,2,28,0.875878700055182,0.47473250050097704,0.4747689003124833
20260911_131106_302206,5,64,6,M,2,29,0.8896000999957323,0.4820558000355959,0.48208910040557384
20260911_131106_302206,5,64,6,M,2,30,0.884706299751997,0.4625230999663472,0.46255569998174906
20260911_131106_302206,5,64,6,M,2,31,0.8609319999814034,0.4765535006299615,0.4765878999605775
20260911_131106_302206,5,64,6,M,2,32,0.8695200998336077,0.47271860018372536,0.4727519005537033
20260911_131106_302206,5,64,6,M,2,33,0.8570514004677534,0.47736839950084686,0.4774142000824213
20260911_131106_302206,5,64,6,M,2,34,0.8725322000682354,0.470618799328804,0.47065369971096516
20260911_131106_302206,5,64,6,M,2,35,0.8811789005994797,0.47165000066161156,0.4716833997517824
20260911_131106_302206,5,64,6,M,2,36,0.8520627999678254,0.47672299947589636,0.4767574993893504
20260911_131106_302206,5,64,6,M,2,37,0.8920804001390934,0.4719178006052971,0.4719528006389737
20260911_131106_302206,5,64,6,M,2,38,0.8618823001161218,0.477292800322175,0.4773257998749614
20260911_131106_302206,5,64,6,M,2,39,0.9062574999406934,0.47733910009264946,0.47737290058285
20260911_131106_302206,5,64,6,M,2,40,0.9052424002438784,0.457133200019598,0.45718440040946007
20260911_131106_302206,5,64,6,M,2,41,0.9019634993746877,0.4691170006990433,0.46915960032492876
20260911_131106_302206,5,64,6,M,2,42,0.8682697005569935,0.47546910028904676,0.4755033999681473
20260911_131106_302206,5,64,6,M,2,43,0.9030243000015616,0.47397860046476126,0.47401290014386177
20260911_131106_302206,5,64,6,M,2,44,0.9762127995491028,0.5098573006689548,0.5098920995369554
20260911_131106_302206,5,64,6,M,2,45,0.9600112000480294,0.47077069990336895,0.470804700627923
20260911_131106_302206,5,64,6,M,2,46,0.9074189001694322,0.4883984001353383,0.48843999952077866
20260911_131106_302206,5,64,6,M,2,47,0.9718264993280172,0.4827464995905757,0.48278370033949614
20260911_131106_302206,5,64,6,M,2,48,0.9056349992752075,0.46166620030999184,0.4617007002234459
20260911_131106_302206,5,64,6,M,2,49,0.8675889000296593,0.46922210045158863,0.469255399890244
20260911_131106_302206,5,64,6,M,2,50,0.882715200074017,0.44840720016509295,0.4484401997178793
20260911_131106_302206,5,64,6,M,2,51,0.8684765994548798,0.4655756000429392,0.4656157996505499
20260911_131106_302206,5,64,6,M,2,52,0.9022025000303984,0.4708382999524474,0.47088300064206123
20260911_131106_302206,5,64,6,M,2,53,0.8747598007321358,0.4589408999308944,0.45897459983825684
20260911_131106_302206,5,64,6,M,2,54,0.8748617004603148,0.47279549948871136,0.4728292999789119
20260911_131106_302206,5,64,6,M,2,55,0.8912311000749469,0.47840460017323494,0.4784371005371213
20260911_131106_302206,5,64,6,M,2,56,0.8495129002258182,0.474618399515748,0.47465250082314014
20260911_131106_302206,5,64,6,M,2,57,0.9837175002321601,0.47974069975316525,0.4797747004777193
20260911_131106_302206,5,64,6,M,2,58,0.8864034004509449,0.47573740035295486,0.4757754998281598
20260911_131106_302206,5,64,6,M,2,59,0.9010087000206113,0.46629060059785843,0.4663239996880293
20260911_131106_302206,5,64,6,M,2,60,0.8962265998125076,0.47240519989281893,0.4724443005397916
20260911_131106_302206,5,64,6,M,2,61,0.8877634005621076,0.4606758998706937,0.4607089003548026
20260911_131106_302206,5,64,6,M,2,62,0.866801000200212,0.47553010005503893,0.4755618004128337
20260911_131106_302206,5,64,6,M,2,63,0.8955971002578735,0.47844390012323856,0.47847750037908554
20260911_131106_302206,5,128,7,NM,1,0,0.6445630006492138,0.4212604006752372,0.42128860019147396
20260911_131106_302206,5,128,7,NM,1,1,0.647668699733913,0.41723999939858913,0.4172833003103733
20260911_131106_302206,5,128,7,NM,1,2,0.6509446995332837,0.4192754002287984,0.4193119006231427
20260911_131106_302206,5,128,7,NM,1,3,0.6550193000584841,0.43509059958159924,0.4351206999272108
20260911_131106_302206,5,128,7,NM,1,4,0.6573355002328753,0.43046890012919903,0.43049969989806414
20260911_131106_302206,5,128,7,NM,1,5,0.6481579998508096,0.430247800424695,0.43027800042182207
20260911_131106_302206,5,128,7,NM,1,6,0.6451452001929283,0.4206191999837756,0.42064839974045753
20260911_131106_302206,5,128,7,NM,1,7,0.650203499943018,0.44055380020290613,0.44058379996567965
20260911_131106_302206,5,128,7,NM,1,8,0.657073300331831,0.42677889950573444,0.42681119963526726
20260911_131106_302206,5,128,7,NM,1,9,0.6614413997158408,0.43496759980916977,0.43499680049717426
20260911_131106_302206,5,128,7,NM,1,10,0.6613135002553463,0.4185592997819185,0.418588500469923
20260911_131106_302206,5,128,7,NM,1,11,0.6928319996222854,0.420219499617815,0.42024890054017305
20260911_131106_302206,5,128,7,NM,1,12,0.7464207001030445,0.42707990016788244,0.4271078007295728
20260911_131106_302206,5,128,7,NM,1,13,0.6941731004044414,0.43675849959254265,0.43678969983011484
20260911_131106_302206,5,128,7,NM,1,14,0.6645638002082705,0.44660629983991385,0.4466348998248577
20260911_131106_302206,5,128,7,NM,1,15,0.6692025996744633,0.44197720009833574,0.44200529996305704
20260911_131106_302206,5,128,7,NM,1,16,0.6582890003919601,0.4403889998793602,0.44041729997843504
20260911_131106_302206,5,128,7,NM,1,17,0.6535217994824052,0.43184430059045553,0.43188910000026226
20260911_131106_302206,5,128,7,NM,1,18,0.6604880997911096,0.4337243000045419,0.4337518000975251
20260911_131106_302206,5,128,7,NM,1,19,0.6620693998411298,0.4252704996615648,0.4252981999889016
20260911_131106_302206,5,128,7,NM,1,20,0.7062050001695752,0.41716619953513145,0.41719469986855984
20260911_131106_302206,5,128,7,NM,1,21,0.6688518999144435,0.4286587992683053,0.4286880996078253
20260911_131106_302206,5,128,7,NM,1,22,0.6774022001773119,0.4438271000981331,0.4438574993982911
20260911_131106_302206,5,128,7,NM,1,23,0.6894894000142813,0.4629298998042941,0.4629619000479579
20260911_131106_302206,5,128,7,NM,1,24,0.7026964006945491,0.4692695001140237,0.46930240001529455
20260911_131106_302206,5,128,7,NM,1,25,0.7020715000107884,0.4644207004457712,0.4644633000716567
20260911_131106_302206,5,128,7,NM,1,26,0.7059492003172636,0.45089450012892485,0.45093190018087626
20260911_131106_302206,5,128,7,NM,1,27,0.7058153999969363,0.45022870041429996,0.45026039984077215
20260911_131106_302206,5,128,7,NM,1,28,0.6942534996196628,0.46150750014930964,0.4615403991192579
20260911_131106_302206,5,128,7,NM,1,29,0.6934626000002027,0.45246870070695877,0.4525007000193
20260911_131106_302206,5,128,7,NM,1,30,0.6947948997840285,0.4613271998241544,0.46136070042848587
20260911_131106_302206,5,128,7,NM,1,31,0.6935975002124906,0.45461149979382753,0.4546507000923157
20260911_131106_302206,5,128,7,NM,1,32,0.7122694002464414,0.4561948999762535,0.45623760018497705
20260911_131106_302206,5,128,7,NM,1,33,0.7234664000570774,0.4569051004946232,0.45693679992109537
20260911_131106_302206,5,128,7,NM,1,34,0.7036959007382393,0.4560401001945138,0.4560720007866621
20260911_131106_302206,5,128,7,NM,1,35,0.6962318997830153,0.45175240002572536,0.45178489945828915
20260911_131106_302206,5,128,7,NM,1,36,0.7056611999869347,0.45726250018924475,0.45730850007385015
20260911_131106_302206,5,128,7,NM,1,37,0.677496800199151,0.4647433003410697,0.464776000007987
20260911_131106_302206,5,128,7,NM,1,38,0.7137558003887534,0.45609189942479134,0.45612450037151575
20260911_131106_302206,5,128,7,NM,1,39,0.6978707006201148,0.4510869001969695,0.4511209996417165
20260911_131106_302206,5,128,7,NM,1,40,0.6978576993569732,0.4476679004728794,0.4476995998993516
20260911_131106_302206,5,128,7,NM,1,41,0.6812223996967077,0.4506777999922633,0.45070979930460453
20260911_131106_302206,5,128,7,NM,1,42,0.6945434994995594,0.45550059992820024,0.45553379971534014
20260911_131106_302206,5,128,7,NM,1,43,0.694734700024128,0.4497082997113466,0.44973940029740334
20260911_131106_302206,5,128,7,NM,1,44,0.7016807002946734,0.4569439999759197,0.4569769995287061
20260911_131106_302206,5,128,7,NM,1,45,0.6786431996151805,0.4489358002319932,0.44896769989281893
20260911_131106_302206,5,128,7,NM,1,46,0.6917489003390074,0.451545599848032,0.45157690066844225
20260911_131106_302206,5,128,7,NM,1,47,0.682935400865972,0.4552082996815443,0.4552414994686842
20260911_131106_302206,5,128,7,NM,1,48,0.7031934997066855,0.4536689994856715,0.45370119996368885
20260911_131106_302206,5,128,7,NM,1,49,0.6862233998253942,0.4470346001908183,0.4470678996294737
20260911_131106_302206,5,128,7,NM,1,50,0.6878597997128963,0.46045249979943037,0.46048570051789284
20260911_131106_302206,5,128,7,NM,1,51,0.6871375003829598,0.4575706999748945,0.4576030997559428
20260911_131106_302206,5,128,7,NM,1,52,0.6912525994703174,0.45500379987061024,0.45503730047494173
20260911_131106_302206,5,128,7,NM,1,53,0.6894872998818755,0.4467569002881646,0.4467916004359722
20260911_131106_302206,5,128,7,NM,1,54,0.6983201000839472,0.46833539940416813,0.468367800116539
20260911_131106_302206,5,128,7,NM,1,55,0.713174800388515,0.4350519999861717,0.43508430011570454
20260911_131106_302206,5,128,7,NM,1,56,0.690531799569726,0.451371599920094,0.4514021994546056
20260911_131106_302206,5,128,7,NM,1,57,0.6850683996453881,0.4517862005159259,0.45181879960000515
20260911_131106_302206,5,128,7,NM,1,58,0.6836076993495226,0.45231430046260357,0.4523470001295209
20260911_131106_302206,5,128,7,NM,1,59,0.6806499008089304,0.45940109994262457,0.4594336003065109
20260911_131106_302206,5,128,7,NM,1,60,0.7339099999517202,0.4682698994874954,0.46831300016492605
20260911_131106_302206,5,128,7,NM,1,61,0.6962414002045989,0.45161479990929365,0.4516484998166561
20260911_131106_302206,5,128,7,NM,1,62,0.703142799437046,0.45418550074100494,0.454216199927032
20260911_131106_302206,5,128,7,NM,1,63,0.6866226000711322,0.4588741008192301,0.45891400054097176
20260911_131106_302206,5,128,7,NM,1,64,0.6875733993947506,0.45204530004411936,0.4520782995969057
20260911_131106_302206,5,128,7,NM,1,65,0.6914833001792431,0.46729990001767874,0.4673344995826483
20260911_131106_302206,5,128,7,NM,1,66,0.701579200103879,0.44372460059821606,0.44376480020582676
20260911_131106_302206,5,128,7,NM,1,67,0.6865895995870233,0.4488206999376416,0.4488519998267293
20260911_131106_302206,5,128,7,NM,1,68,0.800343600101769,0.46844399999827147,0.46848229970782995
20260911_131106_302206,5,128,7,NM,1,69,0.7472718004137278,0.4446396008133888,0.4446831997483969
20260911_131106_302206,5,128,7,NM,1,70,0.6849945997819304,0.43402200005948544,0.4340658001601696
20260911_131106_302206,5,128,7,NM,1,71,0.6894733002409339,0.4448972996324301,0.44492930080741644
20260911_131106_302206,5,128,7,NM,1,72,0.703303299844265,0.4478933000937104,0.4479249995201826
20260911_131106_302206,5,128,7,NM,1,73,0.6810037000104785,0.4489221004769206,0.4489542003720999
20260911_131106_302206,5,128,7,NM,1,74,0.6962436996400356,0.4528153007850051,0.45284629985690117
20260911_131106_302206,5,128,7,NM,1,75,0.6992428004741669,0.4560316000133753,0.4560635006055236
20260911_131106_302206,5,128,7,NM,1,76,0.6781438002362847,0.46196459978818893,0.4619962004944682
20260911_131106_302206,5,128,7,NM,1,77,0.6950821001082659,0.46493220049887896,0.4649788998067379
20260911_131106_302206,5,128,7,NM,1,78,0.6859178999438882,0.4602651000022888,0.4602976003661752
20260911_131106_302206,5,128,7,NM,1,79,0.6989334998652339,0.4493682002648711,0.4494006996974349
20260911_131106_302206,5,128,7,NM,1,80,0.6946132993325591,0.4506163001060486,0.45066590048372746
20260911_131106_302206,5,128,7,NM,1,81,0.6895055994391441,0.4532809006050229,0.4533267002552748
20260911_131106_302206,5,128,7,NM,1,82,0.6797837996855378,0.44142539985477924,0.4414552999660373
20260911_131106_302206,5,128,7,NM,1,83,0.6868917997926474,0.44303829967975616,0.44306949991732836
20260911_131106_302206,5,128,7,NM,1,84,0.6800541002303362,0.4524437002837658,0.4524765005335212
20260911_131106_302206,5,128,7,NM,1,85,0.6802988993003964,0.4567327005788684,0.45676570013165474
20260911_131106_302206,5,128,7,NM,1,86,0.6950091002508998,0.4524830998852849,0.45251800026744604
20260911_131106_302206,5,128,7,NM,1,87,0.6947079999372363,0.4537516003474593,0.45378579944372177
20260911_131106_302206,5,128,7,NM,1,88,0.7109305998310447,0.4485472999513149,0.44858359917998314
20260911_131106_302206,5,128,7,NM,1,89,0.6833370998501778,0.442649700678885,0.44268159940838814
20260911_131106_302206,5,128,7,NM,1,90,0.6845429996028543,0.46044209972023964,0.4604756999760866
20260911_131106_302206,5,128,7,NM,1,91,0.6845695003867149,0.4536394998431206,0.4536714004352689
20260911_131106_302206,5,128,7,NM,1,92,0.697744500823319,0.45716540049761534,0.45719849970191717
20260911_131106_302206,5,128,7,NM,1,93,0.6915017003193498,0.4449364999309182,0.44503819942474365
20260911_131106_302206,5,128,7,NM,1,94,0.7000353001058102,0.4426824003458023,0.4427140997722745
20260911_131106_302206,5,128,7,NM,1,95,0.6946802996098995,0.4579659001901746,0.45801199972629547
20260911_131106_302206,5,128,7,NM,1,96,0.6806678995490074,0.4492461998015642,0.4492775993421674
20260911_131106_302206,5,128,7,NM,1,97,0.7106673000380397,0.4613590994849801,0.46139360032975674
20260911_131106_302206,5,128,7,NM,1,98,0.7017962001264095,0.44625569973140955,0.4463027995079756
20260911_131106_302206,5,128,7,NM,1,99,0.6895941002294421,0.45536290016025305,0.4554051999002695
20260911_131106_302206,5,128,7,NM,1,100,0.6990128997713327,0.4621250992640853,0.46216619946062565
20260911_131106_302206,5,128,7,NM,1,101,0.7151079000905156,0.45311770029366016,0.4531496996060014
20260911_131106_302206,5,128,7,NM,1,102,0.6988460998982191,0.4565533995628357,0.45658519957214594
20260911_131106_302206,5,128,7,NM,1,103,0.6961217997595668,0.4373190002515912,0.4373858002945781
20260911_131106_302206,5,128,7,NM,1,104,0.6943627996370196,0.45062390062958,0.45065539982169867
20260911_131106_302206,5,128,7,NM,1,105,0.6752606993541121,0.4632851993665099,0.4633272998034954
20260911_131106_302206,5,128,7,NM,1,106,0.692272000014782,0.45428469963371754,0.454317600466311
20260911_131106_302206,5,128,7,NM,1,107,0.6892620995640755,0.45693300012499094,0.4569659996777773
20260911_131106_302206,5,128,7,NM,1,108,0.6966232005506754,0.4540992993861437,0.45413140021264553
20260911_131106_302206,5,128,7,NM,1,109,0.6941849002614617,0.4501719996333122,0.45020279940217733
20260911_131106_302206,5,128,7,NM,1,110,0.6919510001316667,0.46262090001255274,0.4626647997647524
20260911_131106_302206,5,128,7,NM,1,111,0.6786396000534296,0.44855850003659725,0.44859049934893847
20260911_131106_302206,5,128,7,NM,1,112,0.6721831997856498,0.4482864001765847,0.44832060020416975
20260911_131106_302206,5,128,7,NM,1,113,0.6931398995220661,0.48369000013917685,0.4837236003950238
20260911_131106_302206,5,128,7,NM,1,114,0.7103539993986487,0.44994410034269094,0.44998359959572554
20260911_131106_302206,5,128,7,NM,1,115,0.698064399883151,0.4463158994913101,0.44634999986737967
20260911_131106_302206,5,128,7,NM,1,116,0.7012779992073774,0.44626109953969717,0.4462949000298977
20260911_131106_302206,5,128,7,NM,1,117,0.6892905998975039,0.4597364002838731,0.4597695004194975
20260911_131106_302206,5,128,7,NM,1,118,0.7156684994697571,0.45925419963896275,0.4592867000028491
20260911_131106_302206,5,128,7,NM,1,119,0.6885240003466606,0.4537040004506707,0.45374020002782345
20260911_131106_302206,5,128,7,NM,1,120,0.6963453004136682,0.44592699967324734,0.4459583992138505
20260911_131106_302206,5,128,7,NM,1,121,0.7001386005431414,0.4465974001213908,0.44662890024483204
20260911_131106_302206,5,128,7,NM,1,122,0.7148611005395651,0.45139880012720823,0.45143149979412556
20260911_131106_302206,5,128,7,NM,1,123,0.6865092003718019,0.44915270060300827,0.44918869994580746
20260911_131106_302206,5,128,7,NM,1,124,0.7015412002801895,0.4579881001263857,0.45802069921046495
20260911_131106_302206,5,128,7,NM,1,125,0.6851474000141025,0.45794350001960993,0.4579753000289202
20260911_131106_302206,5,128,7,NM,1,126,0.6917538000270724,0.44742640014737844,0.44746659975498915
20260911_131106_302206,5,128,7,NM,1,127,0.7304670000448823,0.4409723002463579,0.4410254992544651
20260911_131106_302206,5,128,7,M,2,0,0.8891087006777525,0.4958029007539153,0.4958372004330158
20260911_131106_302206,5,128,7,M,2,1,1.0002520000562072,0.525318400003016,0.5253552002832294
20260911_131106_302206,5,128,7,M,2,2,0.9746317993849516,0.514822999946773,0.514860900118947
20260911_131106_302206,5,128,7,M,2,3,0.9662015000358224,0.5276375999674201,0.5276760002598166
20260911_131106_302206,5,128,7,M,2,4,0.9936712998896837,0.48151509929448366,0.48155099991708994
20260911_131106_302206,5,128,7,M,2,5,0.8901448994874954,0.4721448998898268,0.4721790002658963
20260911_131106_302206,5,128,7,M,2,6,0.9171601003035903,0.5017757005989552,0.5018114000558853
20260911_131106_302206,5,128,7,M,2,7,0.9305273005738854,0.48413769993931055,0.4841873999685049
20260911_131106_302206,5,128,7,M,2,8,0.8997178999707103,0.4883032999932766,0.4883489003404975
20260911_131106_302206,5,128,7,M,2,9,0.9255490005016327,0.4605996999889612,0.46063279919326305
20260911_131106_302206,5,128,7,M,2,10,0.9285989003255963,0.4847467001527548,0.4847793998196721
20260911_131106_302206,5,128,7,M,2,11,0.8812092998996377,0.4598111994564533,0.4598428001627326
20260911_131106_302206,5,128,7,M,2,12,0.8721866998821497,0.4794634999707341,0.47949800081551075
20260911_131106_302206,5,128,7,M,2,13,0.8830877998843789,0.4698291998356581,0.4698625998571515
20260911_131106_302206,5,128,7,M,2,14,0.8922368995845318,0.466512399725616,0.4665465001016855
20260911_131106_302206,5,128,7,M,2,15,0.9085221998393536,0.465518600307405,0.46555190067738295
20260911_131106_302206,5,128,7,M,2,16,0.8960914006456733,0.4733436005190015,0.4733768003061414
20260911_131106_302206,5,128,7,M,2,17,0.8964949995279312,0.4680190999060869,0.4680538000538945
20260911_131106_302206,5,128,7,M,2,18,0.8901161998510361,0.47568560019135475,0.47572030033916235
20260911_131106_302206,5,128,7,M,2,19,0.9074747003614902,0.4712225003167987,0.47125629987567663
20260911_131106_302206,5,128,7,M,2,20,0.8911760998889804,0.47622299939393997,0.47626249957829714
20260911_131106_302206,5,128,7,M,2,21,0.8852131003513932,0.4720968008041382,0.47213019989430904
20260911_131106_302206,5,128,7,M,2,22,0.8818964995443821,0.4690666999667883,0.46910899970680475
20260911_131106_302206,5,128,7,M,2,23,0.8954211995005608,0.4713262999430299,0.4713620999827981
20260911_131106_302206,5,128,7,M,2,24,1.041632299311459,0.5460198000073433,0.5460582999512553
20260911_131106_302206,5,128,7,M,2,25,1.0672169998288155,0.46070090029388666,0.46075120009481907
20260911_131106_302206,5,128,7,M,2,26,0.9593595005571842,0.510499800555408,0.510534799657762
20260911_131106_302206,5,128,7,M,2,27,0.924601599574089,0.45870849955827,0.45874590054154396
20260911_131106_302206,5,128,7,M,2,28,0.9005338000133634,0.4727340005338192,0.47277010045945644
20260911_131106_302206,5,128,7,M,2,29,0.8948357002809644,0.4616850996389985,0.46171960048377514
20260911_131106_302206,5,128,7,M,2,30,0.8709396002814174,0.47563759982585907,0.4756763996556401
20260911_131106_302206,5,128,7,M,2,31,0.9149958994239569,0.46579020004719496,0.4658238999545574
20260911_131106_302206,5,128,7,M,2,32,0.8885161001235247,0.46698529925197363,0.4670193996280432
20260911_131106_302206,5,128,7,M,2,33,0.8772201994433999,0.49430650006979704,0.4943503001704812
20260911_131106_302206,5,128,7,M,2,34,0.9871674999594688,0.5120778996497393,0.5121162002906203
20260911_131106_302206,5,128,7,M,2,35,0.9462639996781945,0.4722262006253004,0.47226510010659695
20260911_131106_302206,5,128,7,M,2,36,0.8688831003382802,0.4768861001357436,0.4769227998331189
20260911_131106_302206,5,128,7,M,2,37,0.91302639991045,0.4626565994694829,0.462690900079906
20260911_131106_302206,5,128,7,M,2,38,0.8711600005626678,0.4802431995049119,0.4802786000072956
20260911_131106_302206,5,128,7,M,2,39,0.9022332997992635,0.473590100184083,0.47362569998949766
20260911_131106_302206,5,128,7,M,2,40,0.8840366993099451,0.4680604999884963,0.46809539943933487
20260911_131106_302206,5,128,7,M,2,41,0.8797965999692678,0.4752826998010278,0.47531590051949024
20260911_131106_302206,5,128,7,M,2,42,0.9046267997473478,0.4676342001184821,0.467667599208653
20260911_131106_302206,5,128,7,M,2,43,0.8948947004973888,0.47367480024695396,0.4737117998301983
20260911_131106_302206,5,128,7,M,2,44,0.8833962995558977,0.4591731997206807,0.4592083003371954
20260911_131106_302206,5,128,7,M,2,45,0.9222117997705936,0.474244499579072,0.47427730076014996
20260911_131106_302206,5,128,7,M,2,46,0.9105168003588915,0.47285629995167255,0.472889999859035
20260911_131106_302206,5,128,7,M,2,47,0.9095546994358301,0.4674982996657491,0.46754360012710094
20260911_131106_302206,5,128,7,M,2,48,0.893426800146699,0.4599839001893997,0.460020799189806
20260911_131106_302206,5,128,7,M,2,49,0.8771476000547409,0.4758313000202179,0.4758671997115016
20260911_131106_302206,5,128,7,M,2,50,0.8948848005384207,0.48535129986703396,0.48538490012288094
20260911_131106_302206,5,128,7,M,2,51,0.8988764993846416,0.47400010004639626,0.4740479998290539
20260911_131106_302206,5,128,7,M,2,52,0.9235196001827717,0.47375719994306564,0.47379930038005114
20260911_131106_302206,5,128,7,M,2,53,0.898033999837935,0.4677560003474355,0.4677972001954913
20260911_131106_302206,5,128,7,M,2,54,0.8987576998770237,0.4652521004900336,0.4652869999408722
20260911_131106_302206,5,128,7,M,2,55,0.9347342001274228,0.47454450000077486,0.474579899571836
20260911_131106_302206,5,128,7,M,2,56,0.9182017995044589,0.46859339997172356,0.46862810011953115
20260911_131106_302206,5,128,7,M,2,57,0.8912909999489784,0.47298530023545027,0.4730179002508521
20260911_131106_302206,5,128,7,M,2,58,0.8972292998805642,0.47037220001220703,0.4704031003639102
20260911_131106_302206,5,128,7,M,2,59,0.8897146005183458,0.4628553995862603,0.462890800088644
20260911_131106_302206,5,128,7,M,2,60,0.8893466992303729,0.4671958005055785,0.467238100245595
20260911_131106_302206,5,128,7,M,2,61,0.9060576995834708,0.4499388998374343,0.44998620077967644
20260911_131106_302206,5,128,7,M,2,62,0.8672959003597498,0.48690610006451607,0.4869410004466772
20260911_131106_302206,5,128,7,M,2,63,0.8866657996550202,0.47091060038655996,0.47095409967005253
20260911_131106_302206,5,128,7,M,2,64,0.9057515999302268,0.4669408993795514,0.46697589941322803
20260911_131106_302206,5,128,7,M,2,65,0.8916563000530005,0.471361200325191,0.47139500081539154
20260911_131106_302206,5,128,7,M,2,66,0.8880743002519011,0.4703454002737999,0.47038260009139776
20260911_131106_302206,5,128,7,M,2,67,0.8984420001506805,0.4654098004102707,0.4654433000832796
20260911_131106_302206,5,128,7,M,2,68,0.9120383001863956,0.459464100189507,0.45949860010296106
20260911_131106_302206,5,128,7,M,2,69,0.8765869000926614,0.47257799934595823,0.47261170018464327
20260911_131106_302206,5,128,7,M,2,70,0.9043723000213504,0.46944240015000105,0.4694828996434808
20260911_131106_302206,5,128,7,M,2,71,0.8845966998487711,0.46968340035527945,0.4697273997589946
20260911_131106_302206,5,128,7,M,2,72,0.8957956004887819,0.48240269999951124,0.48243939969688654
20260911_131106_302206,5,128,7,M,2,73,0.9262765999883413,0.47628699988126755,0.47632080037146807
20260911_131106_302206,5,128,7,M,2,74,0.8833791995421052,0.46576139982789755,0.46580579970031977
20260911_131106_302206,5,128,7,M,2,75,0.8809627993032336,0.463425500318408,0.4634611001238227
20260911_131106_302206,5,128,7,M,2,76,0.9003898994997144,0.46045250073075294,0.46048690006136894
20260911_131106_302206,5,128,7,M,2,77,0.8818899998441339,0.4740022998303175,0.4740369003266096
20260911_131106_302206,5,128,7,M,2,78,0.893839499913156,0.48207599949091673,0.48211139999330044
20260911_131106_302206,5,128,7,M,2,79,0.9246692005544901,0.4580172002315521,0.458050100132823
20260911_131106_302206,5,128,7,M,2,80,0.9008667999878526,0.5418215999379754,0.541856599971652
20260911_131106_302206,5,128,7,M,2,81,0.9840703001245856,0.48177250009030104,0.4818069003522396
20260911_131106_302206,5,128,7,M,2,82,0.8829663004726171,0.45394790079444647,0.4539802996441722
20260911_131106_302206,5,128,7,M,2,83,0.8846344007179141,0.47308879997581244,0.47312270011752844
20260911_131106_302206,5,128,7,M,2,84,0.8821186991408467,0.4872480006888509,0.48728219978511333
20260911_131106_302206,5,128,7,M,2,85,0.9084021998569369,0.47370690014213324,0.4737467998638749
20260911_131106_302206,5,128,7,M,2,86,0.9158006999641657,0.47113920003175735,0.47118179965764284
20260911_131106_302206,5,128,7,M,2,87,0.9453108999878168,0.47103009931743145,0.4710633996874094
20260911_131106_302206,5,128,7,M,2,88,0.8888829005882144,0.466775800101459,0.46680959966033697
20260911_131106_302206,5,128,7,M,2,89,0.8969079004600644,0.4724798994138837,0.4725126000121236
20260911_131106_302206,5,128,7,M,2,90,0.8774180999025702,0.47930970042943954,0.4793442999944091
20260911_131106_302206,5,128,7,M,2,91,0.8955945996567607,0.45725150033831596,0.45728540048003197
20260911_131106_302206,5,128,7,M,2,92,0.8842441001906991,0.4741422003135085,0.4741786001250148
20260911_131106_302206,5,128,7,M,2,93,0.9168683998286724,0.46139040030539036,0.461425700224936
20260911_131106_302206,5,128,7,M,2,94,0.8835736997425556,0.47022460028529167,0.4702603993937373
20260911_131106_302206,5,128,7,M,2,95,0.8974953005090356,0.47294840030372143,0.47298140078783035
20260911_131106_302206,5,128,7,M,2,96,0.883177800104022,0.4676529001444578,0.4676880994811654
20260911_131106_302206,5,128,7,M,2,97,0.902051099576056,0.4734688997268677,0.47350329998880625
20260911_131106_302206,5,128,7,M,2,98,0.8892230000346899,0.4766345005482435,0.4766669999808073
20260911_131106_302206,5,128,7,M,2,99,0.8971875002607703,0.47766679991036654,0.4777047000825405
20260911_131106_302206,5,128,7,M,2,100,0.896845799870789,0.4720032000914216,0.4720477005466819
20260911_131106_302206,5,128,7,M,2,101,0.8843670003116131,0.4596599005162716,0.45969369914382696
20260911_131106_302206,5,128,7,M,2,102,0.8973457999527454,0.4717610003426671,0.47179510071873665
20260911_131106_302206,5,128,7,M,2,103,0.8873756993561983,0.46932619996368885,0.4693595003336668
20260911_131106_302206,5,128,7,M,2,104,0.8862212998792529,0.46521199960261583,0.4652456007897854
20260911_131106_302206,5,128,7,M,2,105,0.892629100009799,0.45659360010176897,0.45662689954042435
20260911_131106_302206,5,128,7,M,2,106,0.8914450006559491,0.4769607000052929,0.47699480038136244
20260911_131106_302206,5,128,7,M,2,107,0.9046248998492956,0.452157000079751,0.4522007992491126
20260911_131106_302206,5,128,7,M,2,108,0.8765556998550892,0.4807329000905156,0.48076750058680773
20260911_131106_302206,5,128,7,M,2,109,0.8945933002978563,0.48075329978019,0.48078810051083565
20260911_131106_302206,5,128,7,M,2,110,0.8953192997723818,0.5156700992956758,0.5157028995454311
20260911_131106_302206,5,128,7,M,2,111,1.042051600292325,0.5910232001915574,0.5910657001659274
20260911_131106_302206,5,128,7,M,2,112,0.9225949998944998,0.47536120004951954,0.4753936007618904
20260911_131106_302206,5,128,7,M,2,113,0.9630134999752045,0.48399640060961246,0.4840303994715214
20260911_131106_302206,5,128,7,M,2,114,0.9022877998650074,0.473824399523437,0.47386040072888136
20260911_131106_302206,5,128,7,M,2,115,0.8911692993715405,0.4612724995240569,0.4613061994314194
20260911_131106_302206,5,128,7,M,2,116,0.8965050000697374,0.4682513000443578,0.4682846004143357
20260911_131106_302206,5,128,7,M,2,117,0.9129452994093299,0.4680578000843525,0.46809470001608133
20260911_131106_302206,5,128,7,M,2,118,0.8982737995684147,0.4957129992544651,0.49575840029865503
20260911_131106_302206,5,128,7,M,2,119,0.9110342003405094,0.46712750010192394,0.46716650016605854
20260911_131106_302206,5,128,7,M,2,120,0.9014327004551888,0.46767110005021095,0.46771120000630617
20260911_131106_302206,5,128,7,M,2,121,0.8666143007576466,0.4804536998271942,0.4804865997284651
20260911_131106_302206,5,128,7,M,2,122,0.9018184999004006,0.46306889969855547,0.4631014000624418
20260911_131106_302206,5,128,7,M,2,123,0.8615013994276524,0.46942569967359304,0.4694604007527232
20260911_131106_302206,5,128,7,M,2,124,0.9320093002170324,0.5532281994819641,0.5532698007300496
20260911_131106_302206,5,128,7,M,2,125,0.9038984999060631,0.4683724995702505,0.46840739995241165
20260911_131106_302206,5,128,7,M,2,126,0.8942253002896905,0.4639130001887679,0.46394560020416975
20260911_131106_302206,5,128,7,M,2,127,0.8787713004276156,0.47630030009895563,0.47633459977805614
20260911_131106_302206,5,256,8,NM,1,0,0.6491173002868891,0.4215983999893069,0.4216424999758601
20260911_131106_302206,5,256,8,NM,1,1,0.6556815998628736,0.4163535004481673,0.4163777995854616
20260911_131106_302206,5,256,8,NM,1,2,0.660733999684453,0.41223360039293766,0.41227530036121607
20260911_131106_302206,5,256,8,NM,1,3,0.6587105998769403,0.4494674000889063,0.4495095005258918
20260911_131106_302206,5,256,8,NM,1,4,0.6489924006164074,0.4162771003320813,0.41630579996854067
20260911_131106_302206,5,256,8,NM,1,5,0.6451480994001031,0.430621599778533,0.43065259978175163
20260911_131106_302206,5,256,8,NM,1,6,0.651580199599266,0.4239461002871394,0.42397719994187355
20260911_131106_302206,5,256,8,NM,1,7,0.6545511996373534,0.4251790000125766,0.42521189991384745
20260911_131106_302206,5,256,8,NM,1,8,0.647227100096643,0.41423299908638,0.4142593005672097
20260911_131106_302206,5,256,8,NM,1,9,0.6498179994523525,0.43024739995598793,0.43027650006115437
20260911_131106_302206,5,256,8,NM,1,10,0.6452164007350802,0.4374182000756264,0.43746040016412735
20260911_131106_302206,5,256,8,NM,1,11,0.6464261002838612,0.42393159959465265,0.4239603001624346
20260911_131106_302206,5,256,8,NM,1,12,0.6595636997371912,0.42255489993840456,0.42258649971336126
20260911_131106_302206,5,256,8,NM,1,13,0.6500570001080632,0.42011249996721745,0.4201536001637578
20260911_131106_302206,5,256,8,NM,1,14,0.6600048001855612,0.435915800742805,0.43595349974930286
20260911_131106_302206,5,256,8,NM,1,15,0.6521665994077921,0.41734439972788095,0.41737799998372793
20260911_131106_302206,5,256,8,NM,1,16,0.6732263993471861,0.4430673001334071,0.44309849943965673
20260911_131106_302206,5,256,8,NM,1,17,0.6915046004578471,0.4729848997667432,0.47301900014281273
20260911_131106_302206,5,256,8,NM,1,18,0.7038203002884984,0.4680968001484871,0.46813050005584955
20260911_131106_302206,5,256,8,NM,1,19,0.7204969003796577,0.46897510066628456,0.46901729982346296
20260911_131106_302206,5,256,8,NM,1,20,0.7047635996714234,0.4595846999436617,0.45961919985711575
20260911_131106_302206,5,256,8,NM,1,21,0.6959132002666593,0.4612479005008936,0.4612809997051954
20260911_131106_302206,5,256,8,NM,1,22,0.7156905001029372,0.4488847004249692,0.44892669934779406
20260911_131106_302206,5,256,8,NM,1,23,0.703875900246203,0.45732560008764267,0.45735760033130646
20260911_131106_302206,5,256,8,NM,1,24,0.7050540000200272,0.45766449999064207,0.4577053999528289
20260911_131106_302206,5,256,8,NM,1,25,0.6831938996911049,0.4585243994370103,0.4585581002756953
20260911_131106_302206,5,256,8,NM,1,26,0.685895400121808,0.4600366000086069,0.46007109992206097
20260911_131106_302206,5,256,8,NM,1,27,0.6855369992554188,0.4517628997564316,0.4517943998798728
20260911_131106_302206,5,256,8,NM,1,28,0.6972062001004815,0.4527369998395443,0.45276950020343065
20260911_131106_302206,5,256,8,NM,1,29,0.6982766008004546,0.4540013996884227,0.4540351005271077
20260911_131106_302206,5,256,8,NM,1,30,0.6962465001270175,0.4584689000621438,0.45850220043212175
20260911_131106_302206,5,256,8,NM,1,31,0.7088545998558402,0.45858229976147413,0.4586140001192689
20260911_131106_302206,5,256,8,NM,1,32,0.7084606997668743,0.4588422002270818,0.4588757995516062
20260911_131106_302206,5,256,8,NM,1,33,0.6979116993024945,0.45515509974211454,0.4551892001181841
20260911_131106_302206,5,256,8,NM,1,34,0.6985964998602867,0.43989129923284054,0.43993320036679506
20260911_131106_302206,5,256,8,NM,1,35,0.6977129001170397,0.44211919978260994,0.4421517001464963
20260911_131106_302206,5,256,8,NM,1,36,0.697210400365293,0.4489671001210809,0.44901550002396107
20260911_131106_302206,5,256,8,NM,1,37,0.6905140001326799,0.4516564002260566,0.4517020005732775
20260911_131106_302206,5,256,8,NM,1,38,0.6864652000367641,0.4445667006075382,0.44461109954863787
20260911_131106_302206,5,256,8,NM,1,39,0.689427200704813,0.4516291990876198,0.45166429970413446
20260911_131106_302206,5,256,8,NM,1,40,0.6812543999403715,0.4485057005658746,0.44853940047323704
20260911_131106_302206,5,256,8,NM,1,41,0.6868017995730042,0.4541229996830225,0.4541638996452093
20260911_131106_302206,5,256,8,NM,1,42,0.6953854998573661,0.4535860000178218,0.45361840073019266
20260911_131106_302206,5,256,8,NM,1,43,0.7133104996755719,0.4697406003251672,0.46977399941533804
20260911_131106_302206,5,256,8,NM,1,44,0.6898307995870709,0.4905775999650359,0.49061140045523643
20260911_131106_302206,5,256,8,NM,1,45,0.7317949002608657,0.4648040998727083,0.4648373005911708
20260911_131106_302206,5,256,8,NM,1,46,0.6977388998493552,0.4495398001745343,0.4495721999555826
20260911_131106_302206,5,256,8,NM,1,47,0.7073940997943282,0.4514629999175668,0.4514956995844841
20260911_131106_302206,5,256,8,NM,1,48,0.6969662997871637,0.4544875007122755,0.4545203000307083
20260911_131106_302206,5,256,8,NM,1,49,0.6836239006370306,0.44950239919126034,0.44953660015016794
20260911_131106_302206,5,256,8,NM,1,50,0.6792307002469897,0.480829699896276,0.4808628000319004
20260911_131106_302206,5,256,8,NM,1,51,0.8147426005452871,0.48963920027017593,0.48968600016087294
20260911_131106_302206,5,256,8,NM,1,52,0.7200759006664157,0.4695990001782775,0.46963310055434704
20260911_131106_302206,5,256,8,NM,1,53,0.7162966998293996,0.4646384995430708,0.46467130072414875
20260911_131106_302206,5,256,8,NM,1,54,0.7034676996991038,0.44849380012601614,0.448526400141418
20260911_131106_302206,5,256,8,NM,1,55,0.7013485999777913,0.45605750009417534,0.45609960053116083
20260911_131106_302206,5,256,8,NM,1,56,0.6849537007510662,0.4520778991281986,0.45211019925773144
20260911_131106_302206,5,256,8,NM,1,57,0.7074472000822425,0.46058000065386295,0.46062370017170906
20260911_131106_302206,5,256,8,NM,1,58,0.6924575995653868,0.453350399620831,0.4533820999786258
20260911_131106_302206,5,256,8,NM,1,59,0.6924045002087951,0.4453019006177783,0.44533459935337305
20260911_131106_302206,5,256,8,NM,1,60,0.6892120996490121,0.4543784996494651,0.4544131997972727
20260911_131106_302206,5,256,8,NM,1,61,0.7126716002821922,0.45307529997080564,0.4531069006770849
20260911_131106_302206,5,256,8,NM,1,62,0.6909443996846676,0.4527560006827116,0.4527887003496289
20260911_131106_302206,5,256,8,NM,1,63,0.6766421999782324,0.45422910060733557,0.4542606007307768
20260911_131106_302206,5,256,8,NM,1,64,0.6994449999183416,0.4500500001013279,0.45008250046521425
20260911_131106_302206,5,256,8,NM,1,65,0.6971899000927806,0.45101770013570786,0.4510511998087168
20260911_131106_302206,5,256,8,NM,1,66,0.6891096001490951,0.45694389939308167,0.4569772994145751
20260911_131106_302206,5,256,8,NM,1,67,0.7040550000965595,0.44480929989367723,0.44484779983758926
20260911_131106_302206,5,256,8,NM,1,68,0.6905183000490069,0.4523427998647094,0.4523743996396661
20260911_131106_302206,5,256,8,NM,1,69,0.6897721998393536,0.45069439988583326,0.4507266003638506
20260911_131106_302206,5,256,8,NM,1,70,0.6919348007068038,0.4670355003327131,0.4670679001137614
20260911_131106_302206,5,256,8,NM,1,71,0.7183788996189833,0.4492744002491236,0.44930800050497055
20260911_131106_302206,5,256,8,NM,1,72,0.6908194003626704,0.4494112003594637,0.4494423996657133
20260911_131106_302206,5,256,8,NM,1,73,0.7158313998952508,0.45404560025781393,0.45407800003886223
20260911_131106_302206,5,256,8,NM,1,74,0.7061753002926707,0.44215389993041754,0.442195700481534
20260911_131106_302206,5,256,8,NM,1,75,0.6877144994214177,0.4528976995497942,0.45293059945106506
20260911_131106_302206,5,256,8,NM,1,76,0.6912842998281121,0.4608633005991578,0.4608964007347822
20260911_131106_302206,5,256,8,NM,1,77,0.6910186000168324,0.4640049999579787,0.4640359999611974
20260911_131106_302206,5,256,8,NM,1,78,0.700114999897778,0.4591888999566436,0.459221500903368
20260911_131106_302206,5,256,8,NM,1,79,0.6999738002195954,0.4540731003507972,0.454105700366199
20260911_131106_302206,5,256,8,NM,1,80,0.6849511992186308,0.444811699911952,0.4448425993323326
20260911_131106_302206,5,256,8,NM,1,81,0.7048006001859903,0.4416865995153785,0.44172840006649494
20260911_131106_302206,5,256,8,NM,1,82,0.6956889992579818,0.4896817998960614,0.4897143002599478
20260911_131106_302206,5,256,8,NM,1,83,0.7203616993501782,0.45760339964181185,0.4576366003602743
20260911_131106_302206,5,256,8,NM,1,84,0.6835408005863428,0.44939040020108223,0.44942199997603893
20260911_131106_302206,5,256,8,NM,1,85,0.7095854999497533,0.44840960018336773,0.44844220019876957
20260911_131106_302206,5,256,8,NM,1,86,0.6931860996410251,0.44684609957039356,0.4468785999342799
20260911_131106_302206,5,256,8,NM,1,87,0.6665187003090978,0.44300480000674725,0.44303680025041103
20260911_131106_302206,5,256,8,NM,1,88,0.7064527003094554,0.4418805995956063,0.44191280007362366
20260911_131106_302206,5,256,8,NM,1,89,0.6949483994394541,0.4439361998811364,0.443983799777925
20260911_131106_302206,5,256,8,NM,1,90,0.6764415996149182,0.4590881997719407,0.4591232007369399
20260911_131106_302206,5,256,8,NM,1,91,0.7125565996393561,0.44992389995604753,0.4499548999592662
20260911_131106_302206,5,256,8,NM,1,92,0.6927652005106211,0.4454447003081441,0.4454805003479123
20260911_131106_302206,5,256,8,NM,1,93,0.696467200294137,0.44408849999308586,0.44412040058523417
20260911_131106_302206,5,256,8,NM,1,94,0.6952767996117473,0.4441732997074723,0.4442049004137516
20260911_131106_302206,5,256,8,NM,1,95,0.6748627992346883,0.46890699956566095,0.46894289925694466
20260911_131106_302206,5,256,8,NM,1,96,0.7173520997166634,0.45331939961761236,0.4533532001078129
20260911_131106_302206,5,256,8,NM,1,97,0.6840508002787828,0.4547656998038292,0.4548003999516368
20260911_131106_302206,5,256,8,NM,1,98,0.6906952001154423,0.4560116995126009,0.4560463996604085
20260911_131106_302206,5,256,8,NM,1,99,0.6994273001328111,0.4642788004130125,0.4643127005547285
20260911_131106_302206,5,256,8,NM,1,100,0.7071885000914335,0.45170010067522526,0.45173450000584126
20260911_131106_302206,5,256,8,NM,1,101,0.6863644998520613,0.4575356999412179,0.4575747000053525
20260911_131106_302206,5,256,8,NM,1,102,0.6759294997900724,0.44733660016208887,0.4473685994744301
20260911_131106_302206,5,256,8,NM,1,103,0.6915020002052188,0.45501159969717264,0.4550585001707077
20260911_131106_302206,5,256,8,NM,1,104,0.6857447996735573,0.4521282995119691,0.45215929951518774
20260911_131106_302206,5,256,8,NM,1,105,0.7135362001135945,0.4531835000962019,0.4532318999990821
20260911_131106_302206,5,256,8,NM,1,106,0.7163092996925116,0.448807000182569,0.44883929938077927
20260911_131106_302206,5,256,8,NM,1,107,0.6929721999913454,0.4550718003883958,0.45510900020599365
20260911_131106_302206,5,256,8,NM,1,108,0.6884725000709295,0.4534681998193264,0.4535013996064663
20260911_131106_302206,5,256,8,NM,1,109,0.6971149006858468,0.4590231003239751,0.4590585995465517
20260911_131106_302206,5,256,8,NM,1,110,0.6907275002449751,0.4486742001026869,0.44870870001614094
20260911_131106_302206,5,256,8,NM,1,111,0.6916857995092869,0.44934319984167814,0.4493757002055645
20260911_131106_302206,5,256,8,NM,1,112,0.6783834993839264,0.45953259989619255,0.45956540014594793
20260911_131106_302206,5,256,8,NM,1,113,0.6904742000624537,0.45284080039709806,0.45287169981747866
20260911_131106_302206,5,256,8,NM,1,114,0.6863349992781878,0.4518946995958686,0.45192679949104786
20260911_131106_302206,5,256,8,NM,1,115,0.7014514002948999,0.44233089964836836,0.4423713004216552
20260911_131106_302206,5,256,8,NM,1,116,0.6927375001832843,0.45169639959931374,0.4517323998734355
20260911_131106_302206,5,256,8,NM,1,117,0.7352930996567011,0.5613065008074045,0.5613427991047502
20260911_131106_302206,5,256,8,NM,1,118,0.7405804991722107,0.5127877006307244,0.5128220999613404
20260911_131106_302206,5,256,8,NM,1,119,0.778498400002718,0.5260307006537914,0.5260645002126694
20260911_131106_302206,5,256,8,NM,1,120,0.7005901001393795,0.49377109948545694,0.49380340054631233
20260911_131106_302206,5,256,8,NM,1,121,0.6909545995295048,0.45017070043832064,0.4502033004537225
20260911_131106_302206,5,256,8,NM,1,122,0.6633641002699733,0.45282579958438873,0.4528569998219609
20260911_131106_302206,5,256,8,NM,1,123,0.6865933993831277,0.4565023994073272,0.4565339991822839
20260911_131106_302206,5,256,8,NM,1,124,0.6988341007381678,0.45007480029016733,0.4501066002994776
20260911_131106_302206,5,256,8,NM,1,125,0.6922653997316957,0.4474902004003525,0.447520999237895
20260911_131106_302206,5,256,8,NM,1,126,0.6940626995638013,0.4525236999616027,0.4525567004457116
20260911_131106_302206,5,256,8,NM,1,127,0.6959328996017575,0.4653106005862355,0.4653428001329303
20260911_131106_302206,5,256,8,NM,1,128,0.6903731003403664,0.46175319980829954,0.4617857998237014
20260911_131106_302206,5,256,8,NM,1,129,0.6876514004543424,0.46102690044790506,0.4610611004754901
20260911_131106_302206,5,256,8,NM,1,130,0.696068299934268,0.44393880013376474,0.44397199992090464
20260911_131106_302206,5,256,8,NM,1,131,0.70190570037812,0.45875600073486567,0.45878979936242104
20260911_131106_302206,5,256,8,NM,1,132,0.6943773003295064,0.4374961005523801,0.4375287005677819
20260911_131106_302206,5,256,8,NM,1,133,0.7001925995573401,0.45912310015410185,0.459166600368917
20260911_131106_302206,5,256,8,NM,1,134,0.7152998000383377,0.4663836993277073,0.46641530003398657
20260911_131106_302206,5,256,8,NM,1,135,0.7178474003449082,0.4709636000916362,0.4709970997646451
20260911_131106_302206,5,256,8,NM,1,136,0.7337752003222704,0.4443887993693352,0.44442159961909056
20260911_131106_302206,5,256,8,NM,1,137,0.7084120996296406,0.4497590996325016,0.44979270081967115
20260911_131106_302206,5,256,8,NM,1,138,0.685618900693953,0.4350610002875328,0.435092999599874
20260911_131106_302206,5,256,8,NM,1,139,0.6773255998268723,0.45254720002412796,0.4525781003758311
20260911_131106_302206,5,256,8,NM,1,140,0.6793837994337082,0.4537669997662306,0.45382400043308735
20260911_131106_302206,5,256,8,NM,1,141,0.69133420009166,0.4424621993675828,0.4425007998943329
20260911_131106_302206,5,256,8,NM,1,142,0.7211033999919891,0.5660597998648882,0.5661019999533892
20260911_131106_302206,5,256,8,NM,1,143,0.8668344002217054,0.5425904002040625,0.54262899979949
20260911_131106_302206,5,256,8,NM,1,144,0.7782803997397423,0.5028045000508428,0.5028501003980637
20260911_131106_302206,5,256,8,NM,1,145,0.7977307997643948,0.4968735007569194,0.49691620003432035
20260911_131106_302206,5,256,8,NM,1,146,0.8071150006726384,0.49526149965822697,0.49529669992625713
20260911_131106_302206,5,256,8,NM,1,147,0.7752229999750853,0.5207815999165177,0.5208173003047705
20260911_131106_302206,5,256,8,NM,1,148,0.828200800344348,0.5477009005844593,0.5477382000535727
20260911_131106_302206,5,256,8,NM,1,149,0.8294131997972727,0.5529091004282236,0.552950200624764
20260911_131106_302206,5,256,8,NM,1,150,0.7767977993935347,0.5025821998715401,0.5026160003617406
20260911_131106_302206,5,256,8,NM,1,151,0.7701013004407287,0.5117667000740767,0.5118014002218843
20260911_131106_302206,5,256,8,NM,1,152,0.7977230995893478,0.5255979998037219,0.5256364000961185
20260911_131106_302206,5,256,8,NM,1,153,0.8363159000873566,0.5092351995408535,0.5092714000493288
20260911_131106_302206,5,256,8,NM,1,154,0.7826471999287605,0.5370255997404456,0.5370626002550125
20260911_131106_302206,5,256,8,NM,1,155,0.771093500778079,0.4924721997231245,0.49254880007356405
20260911_131106_302206,5,256,8,NM,1,156,0.7255686996504664,0.46166269946843386,0.46169700007885695
20260911_131106_302206,5,256,8,NM,1,157,0.7331037996336818,0.4585544001311064,0.45858640037477016
20260911_131106_302206,5,256,8,NM,1,158,0.7074229000136256,0.47173039987683296,0.4717638995498419
20260911_131106_302206,5,256,8,NM,1,159,0.7147968001663685,0.47329340036958456,0.4733277000486851
20260911_131106_302206,5,256,8,NM,1,160,0.7380619002506137,0.4857000997290015,0.4857349991798401
20260911_131106_302206,5,256,8,NM,1,161,0.7122999997809529,0.46426380053162575,0.46429730020463467
20260911_131106_302206,5,256,8,NM,1,162,0.716198000125587,0.47322919964790344,0.47326260060071945
20260911_131106_302206,5,256,8,NM,1,163,0.7019319999963045,0.4646669002249837,0.4646985996514559
20260911_131106_302206,5,256,8,NM,1,164,0.7029029000550508,0.4619240006431937,0.4619589000940323
20260911_131106_302206,5,256,8,NM,1,165,0.711378799751401,0.46527239959686995,0.46530540008097887
20260911_131106_302206,5,256,8,NM,1,166,0.7372739994898438,0.4620236996561289,0.46205760072916746
20260911_131106_302206,5,256,8,NM,1,167,0.733008099719882,0.45596820022910833,0.4560010004788637
20260911_131106_302206,5,256,8,NM,1,168,0.716435800306499,0.4877487001940608,0.4877826999872923
20260911_131106_302206,5,256,8,NM,1,169,0.7139964001253247,0.5418587997555733,0.5418940996751189
20260911_131106_302206,5,256,8,NM,1,170,0.7372923996299505,0.4645059993490577,0.4645406994968653
20260911_131106_302206,5,256,8,NM,1,171,0.721718399785459,0.45629729982465506,0.4563286006450653
20260911_131106_302206,5,256,8,NM,1,172,0.7037134999409318,0.4666593000292778,0.4667026000097394
20260911_131106_302206,5,256,8,NM,1,173,0.7015399001538754,0.46322579961270094,0.4632577998563647
20260911_131106_302206,5,256,8,NM,1,174,0.7170310998335481,0.46589989960193634,0.4659339999780059
20260911_131106_302206,5,256,8,NM,1,175,0.7253446998074651,0.4569803001359105,0.45701299980282784
20260911_131106_302206,5,256,8,NM,1,176,0.7095208000391722,0.4632523003965616,0.46328459959477186
20260911_131106_302206,5,256,8,NM,1,177,0.7144387997686863,0.4757794998586178,0.47581380046904087
20260911_131106_302206,5,256,8,NM,1,178,0.7147514997050166,0.45765530038625,0.45768880005925894
20260911_131106_302206,5,256,8,NM,1,179,0.708394299261272,0.4731610994786024,0.47319440077990294
20260911_131106_302206,5,256,8,NM,1,180,0.7003564992919564,0.4749761000275612,0.4750100998207927
20260911_131106_302206,5,256,8,NM,1,181,0.7102476004511118,0.46907810028642416,0.46911210007965565
20260911_131106_302206,5,256,8,NM,1,182,0.7247928995639086,0.4523531999439001,0.4523871000856161
20260911_131106_302206,5,256,8,NM,1,183,0.7023863000795245,0.4679193003103137,0.4679586999118328
20260911_131106_302206,5,256,8,NM,1,184,0.7096418999135494,0.4627820998430252,0.4628159003332257
20260911_131106_302206,5,256,8,NM,1,185,0.7194769000634551,0.46791990008205175,0.46795239951461554
20260911_131106_302206,5,256,8,NM,1,186,0.7106820000335574,0.46721949987113476,0.4672508994117379
20260911_131106_302206,5,256,8,NM,1,187,0.6927065998315811,0.45616780035197735,0.4562015999108553
20260911_131106_302206,5,256,8,NM,1,188,0.7093922002241015,0.46884499955922365,0.4688778994604945
20260911_131106_302206,5,256,8,NM,1,189,0.7079178998246789,0.46132459957152605,0.46135730016976595
20260911_131106_302206,5,256,8,NM,1,190,0.7289306996390224,0.4677687995135784,0.4678108002990484
20260911_131106_302206,5,256,8,NM,1,191,0.7104271994903684,0.46285809949040413,0.46289029996842146
20260911_131106_302206,5,256,8,NM,1,192,0.7188470000401139,0.47030939999967813,0.47034160047769547
20260911_131106_302206,5,256,8,NM,1,193,0.7197948005050421,0.46176750026643276,0.4618063997477293
20260911_131106_302206,5,256,8,NM,1,194,0.7165010999888182,0.46770390029996634,0.46773659996688366
20260911_131106_302206,5,256,8,NM,1,195,0.7106127999722958,0.46824559941887856,0.4682788997888565
20260911_131106_302206,5,256,8,NM,1,196,0.7149141998961568,0.4674955001100898,0.4675337001681328
20260911_131106_302206,5,256,8,NM,1,197,0.7378881992772222,0.4730826998129487,0.4731158996000886
20260911_131106_302206,5,256,8,NM,1,198,0.7068154001608491,0.46420300006866455,0.4642399000003934
20260911_131106_302206,5,256,8,NM,1,199,0.7052915003150702,0.460703999735415,0.4607369005680084
20260911_131106_302206,5,256,8,NM,1,200,0.712660999968648,0.4691551001742482,0.4691872000694275
20260911_131106_302206,5,256,8,NM,1,201,0.724265399388969,0.46509690023958683,0.46513239946216345
20260911_131106_302206,5,256,8,NM,1,202,0.7160003995522857,0.46396089997142553,0.46399390045553446
20260911_131106_302206,5,256,8,NM,1,203,0.7064367001876235,0.46505159977823496,0.4650857001543045
20260911_131106_302206,5,256,8,NM,1,204,0.7127767996862531,0.4657904002815485,0.46582220029085875
20260911_131106_302206,5,256,8,NM,1,205,0.6975071998313069,0.4682382997125387,0.468269900418818
20260911_131106_302206,5,256,8,NM,1,206,0.7128512999042869,0.5287349000573158,0.528769800439477
20260911_131106_302206,5,256,8,NM,1,207,0.8125478001311421,0.5827681003138423,0.5828041005879641
20260911_131106_302206,5,256,8,NM,1,208,0.784833699464798,0.4854806996881962,0.48551550041884184
20260911_131106_302206,5,256,8,NM,1,209,0.7789121000096202,0.504050400108099,0.5040856003761292
20260911_131106_302206,5,256,8,NM,1,210,0.7317774994298816,0.47875780053436756,0.4787901006639004
20260911_131106_302206,5,256,8,NM,1,211,0.7247588001191616,0.4638569001108408,0.4638900998979807
20260911_131106_302206,5,256,8,NM,1,212,0.7146073998883367,0.45238659996539354,0.4524195995181799
20260911_131106_302206,5,256,8,NM,1,213,0.6998843997716904,0.4610283998772502,0.46107459999620914
20260911_131106_302206,5,256,8,NM,1,214,0.7119206003844738,0.46363439969718456,0.46368050016462803
20260911_131106_302206,5,256,8,NM,1,215,0.7218231996521354,0.47027619928121567,0.47031020000576973
20260911_131106_302206,5,256,8,NM,1,216,0.7158014997839928,0.46035739965736866,0.4603922003880143
20260911_131106_302206,5,256,8,NM,1,217,0.7034724000841379,0.4890844998881221,0.48911730013787746
20260911_131106_302206,5,256,8,NM,1,218,0.6953754993155599,0.45724690053611994,0.4572806991636753
20260911_131106_302206,5,256,8,NM,1,219,0.7200562003999949,0.4499084996059537,0.4499438004568219
20260911_131106_302206,5,256,8,NM,1,220,0.7006493005901575,0.4683244004845619,0.4683576002717018
20260911_131106_302206,5,256,8,NM,1,221,0.7101889001205564,0.45742660015821457,0.45746020041406155
20260911_131106_302206,5,256,8,NM,1,222,0.69906170014292,0.4671155996620655,0.4671475002542138
20260911_131106_302206,5,256,8,NM,1,223,0.7138977004215121,0.4569940995424986,0.4570255000144243
20260911_131106_302206,5,256,8,NM,1,224,0.7058155005797744,0.4641303000971675,0.4641638994216919
20260911_131106_302206,5,256,8,NM,1,225,0.7221580995246768,0.4597839005291462,0.4598190998658538
20260911_131106_302206,5,256,8,NM,1,226,0.8130766004323959,0.4994170004501939,0.4994520004838705
20260911_131106_302206,5,256,8,NM,1,227,0.746106100268662,0.48254739958792925,0.4825846003368497
20260911_131106_302206,5,256,8,NM,1,228,0.7245132001116872,0.46941389981657267,0.46945010032504797
20260911_131106_302206,5,256,8,NM,1,229,0.7151872999966145,0.4706087000668049,0.47064429987221956
20260911_131106_302206,5,256,8,NM,1,230,0.7145116999745369,0.47839679941534996,0.47843530029058456
20260911_131106_302206,5,256,8,NM,1,231,0.7235492002218962,0.47783759981393814,0.4778728000819683
20260911_131106_302206,5,256,8,NM,1,232,0.7526553003117442,0.47206620033830404,0.47210519947111607
20260911_131106_302206,5,256,8,NM,1,233,0.7333765998482704,0.47423289995640516,0.47426920011639595
20260911_131106_302206,5,256,8,NM,1,234,0.7233465006574988,0.47748539969325066,0.4775198996067047
20260911_131106_302206,5,256,8,NM,1,235,0.729327299632132,0.4797630999237299,0.4798090001568198
20260911_131106_302206,5,256,8,NM,1,236,0.7173998998478055,0.47778839990496635,0.47782979998737574
20260911_131106_302206,5,256,8,NM,1,237,0.725296700373292,0.4878286998718977,0.4878681004047394
20260911_131106_302206,5,256,8,NM,1,238,0.7274927003309131,0.4760524006560445,0.4760851999744773
20260911_131106_302206,5,256,8,NM,1,239,0.7130854995921254,0.4760285001248121,0.47606629971414804
20260911_131106_302206,5,256,8,NM,1,240,0.7182768005877733,0.4799913000315428,0.4800263000652194
20260911_131106_302206,5,256,8,NM,1,241,0.736056499183178,0.47875799983739853,0.4788013994693756
20260911_131106_302206,5,256,8,NM,1,242,0.7255188999697566,0.47195899952203035,0.4719958994537592
20260911_131106_302206,5,256,8,NM,1,243,0.7204253999516368,0.4710742998868227,0.4711067993193865
20260911_131106_302206,5,256,8,NM,1,244,0.7253042003139853,0.47205139975994825,0.4720932999625802
20260911_131106_302206,5,256,8,NM,1,245,0.7234060997143388,0.4747600993141532,0.47479609958827496
20260911_131106_302206,5,256,8,NM,1,246,0.7185055995360017,0.4748115995898843,0.4748446000739932
20260911_131106_302206,5,256,8,NM,1,247,0.7339562997221947,0.4796524001285434,0.47968879994004965
20260911_131106_302206,5,256,8,NM,1,248,0.7092309007421136,0.47134399972856045,0.4713818999007344
20260911_131106_302206,5,256,8,NM,1,249,0.7368334997445345,0.470265700481832,0.4703017994761467
20260911_131106_302206,5,256,8,NM,1,250,0.7099198997020721,0.4690183000639081,0.4690522998571396
20260911_131106_302206,5,256,8,NM,1,251,0.7201417004689574,0.4690054999664426,0.4690447999164462
20260911_131106_302206,5,256,8,NM,1,252,0.7205199003219604,0.47108589950948954,0.4711178997531533
20260911_131106_302206,5,256,8,NM,1,253,0.7204002002254128,0.4550215005874634,0.45505759958177805
20260911_131106_302206,5,256,8,NM,1,254,0.7088286001235247,0.47099919989705086,0.47103009931743145
20260911_131106_302206,5,256,8,NM,1,255,0.7551400000229478,0.4880938995629549,0.4881329005584121
20260911_131106_302206,5,256,8,M,2,0,0.9315677005797625,0.49992759991437197,0.49996739998459816
20260911_131106_302206,5,256,8,M,2,1,0.922227599658072,0.4881255002692342,0.48815879970788956
20260911_131106_302206,5,256,8,M,2,2,0.9532634001225233,0.48822280019521713,0.48825740069150925
20260911_131106_302206,5,256,8,M,2,3,0.9265564996749163,0.49818980041891336,0.4982268000021577
20260911_131106_302206,5,256,8,M,2,4,0.9634828995913267,0.49695529974997044,0.49699840042740107
20260911_131106_302206,5,256,8,M,2,5,0.9409720003604889,0.49402560014277697,0.4940605005249381
20260911_131106_302206,5,256,8,M,2,6,0.9208260998129845,0.5017791008576751,0.5018180999904871
20260911_131106_302206,5,256,8,M,2,7,0.9381621005013585,0.4922359995543957,0.4922752995043993
20260911_131106_302206,5,256,8,M,2,8,0.9258757997304201,0.4861268997192383,0.4861622005701065
20260911_131106_302206,5,256,8,M,2,9,0.9304806999862194,0.4993475005030632,0.4993814006447792
20260911_131106_302206,5,256,8,M,2,10,0.9937423001974821,0.5425049001350999,0.5425452999770641
20260911_131106_302206,5,256,8,M,2,11,0.9671975001692772,0.49654269963502884,0.49657929968088865
20260911_131106_302206,5,256,8,M,2,12,0.9357026005163789,0.4880428994074464,0.48808149993419647
20260911_131106_302206,5,256,8,M,2,13,0.9307014001533389,0.4891650006175041,0.4891995005309582
20260911_131106_302206,5,256,8,M,2,14,0.9214907996356487,0.5317391008138657,0.5317743001505733
20260911_131106_302206,5,256,8,M,2,15,0.9493792001157999,0.4847670001909137,0.4848343003541231
20260911_131106_302206,5,256,8,M,2,16,0.9545152997598052,0.4984635002911091,0.498496999964118
20260911_131106_302206,5,256,8,M,2,17,0.9459243007004261,0.4809502996504307,0.48100810032337904
20260911_131106_302206,5,256,8,M,2,18,0.9384496007114649,0.49593620002269745,0.49597409926354885
20260911_131106_302206,5,256,8,M,2,19,0.9347353996708989,0.49374639987945557,0.4937853002920747
20260911_131106_302206,5,256,8,M,2,20,0.9531463999301195,0.48956460040062666,0.48960219975560904
20260911_131106_302206,5,256,8,M,2,21,0.9353355998173356,0.489406100474298,0.4894416993483901
20260911_131106_302206,5,256,8,M,2,22,0.9372043004259467,0.4991509998217225,0.49919179920107126
20260911_131106_302206,5,256,8,M,2,23,0.9190921997651458,0.505834300071001,0.5058877998962998
20260911_131106_302206,5,256,8,M,2,24,0.9301281999796629,0.49456979986280203,0.4946048008278012
20260911_131106_302206,5,256,8,M,2,25,0.9621339999139309,0.49086569994688034,0.49090350046753883
20260911_131106_302206,5,256,8,M,2,26,0.917310600169003,0.48859409987926483,0.4886317001655698
20260911_131106_302206,5,256,8,M,2,27,0.9459870997816324,0.4933527996763587,0.49339149985462427
20260911_131106_302206,5,256,8,M,2,28,0.9397460995242,0.4815488001331687,0.48158650007098913
20260911_131106_302206,5,256,8,M,2,29,0.9342795992270112,0.5025166999548674,0.5025516003370285
20260911_131106_302206,5,256,8,M,2,30,0.9273815006017685,0.502059399150312,0.5020953994244337
20260911_131106_302206,5,256,8,M,2,31,0.9499474996700883,0.48284529987722635,0.48288109991699457
20260911_131106_302206,5,256,8,M,2,32,0.9340415997430682,0.48749430011957884,0.487529999576509
20260911_131106_302206,5,256,8,M,2,33,0.9457432003691792,0.4845032999292016,0.4845403004437685
20260911_131106_302206,5,256,8,M,2,34,0.9229129999876022,0.4932369999587536,0.4932758994400501
20260911_131106_302206,5,256,8,M,2,35,0.9259673999622464,0.48677989933639765,0.48681689985096455
20260911_131106_302206,5,256,8,M,2,36,0.9397962996736169,0.4999524997547269,0.49999359995126724
20260911_131106_302206,5,256,8,M,2,37,0.9477073000743985,0.49471369944512844,0.4947513993829489
20260911_131106_302206,5,256,8,M,2,38,0.9390114992856979,0.5020811995491385,0.5021200999617577
20260911_131106_302206,5,256,8,M,2,39,0.9403092004358768,0.4896577000617981,0.4898000992834568
20260911_131106_302206,5,256,8,M,2,40,0.9394912999123335,0.49665640015155077,0.4966951999813318
20260911_131106_302206,5,256,8,M,2,41,0.9484545001760125,0.4930988997220993,0.49313730001449585
20260911_131106_302206,5,256,8,M,2,42,0.933033199980855,0.4977708999067545,0.4978480003774166
20260911_131106_302206,5,256,8,M,2,43,0.9275891995057464,0.48725670017302036,0.4873052993789315
20260911_131106_302206,5,256,8,M,2,44,0.9300494994968176,0.4918926004320383,0.49192950036376715
20260911_131106_302206,5,256,8,M,2,45,0.9364715004339814,0.49401350039988756,0.49405100010335445
20260911_131106_302206,5,256,8,M,2,46,0.9898293996229768,0.49960980005562305,0.49966089986264706
20260911_131106_302206,5,256,8,M,2,47,0.9472999004647136,0.48131540045142174,0.4813495995476842
20260911_131106_302206,5,256,8,M,2,48,0.9397772997617722,0.49992759991437197,0.49996110051870346
20260911_131106_302206,5,256,8,M,2,49,0.9443709002807736,0.4916416993364692,0.4916882999241352
20260911_131106_302206,5,256,8,M,2,50,0.9339402997866273,0.5000430000945926,0.5000807996839285
20260911_131106_302206,5,256,8,M,2,51,0.9447734002023935,0.4860898992046714,0.48613130021840334
20260911_131106_302206,5,256,8,M,2,52,0.9309779005125165,0.4850481003522873,0.4850856000557542
20260911_131106_302206,5,256,8,M,2,53,0.9175078999251127,0.4966367995366454,0.49667409993708134
20260911_131106_302206,5,256,8,M,2,54,0.9502758998423815,0.49045659974217415,0.4904945995658636
20260911_131106_302206,5,256,8,M,2,55,0.9430601997300982,0.49888149928301573,0.4989165002480149
20260911_131106_302206,5,256,8,M,2,56,0.9487469000741839,0.49046869948506355,0.49050499964505434
20260911_131106_302206,5,256,8,M,2,57,0.9118524994701147,0.5012165000662208,0.5012560999020934
20260911_131106_302206,5,256,8,M,2,58,0.9418435003608465,0.49265410006046295,0.4926891000941396
20260911_131106_302206,5,256,8,M,2,59,0.944543200545013,0.4875834006816149,0.4876183997839689
20260911_131106_302206,5,256,8,M,2,60,0.9337126994505525,0.500097299925983,0.500135799869895
20260911_131106_302206,5,256,8,M,2,61,0.9383503003045917,0.49732250068336725,0.49736010003834963
20260911_131106_302206,5,256,8,M,2,62,0.9302175994962454,0.4969172002747655,0.49695289973169565
20260911_131106_302206,5,256,8,M,2,63,0.9605010999366641,0.48589290026575327,0.485925099812448
20260911_131106_302206,5,256,8,M,2,64,0.9395508002489805,0.49640140030533075,0.49644159991294146
20260911_131106_302206,5,256,8,M,2,65,0.9471173007041216,0.4892446994781494,0.48928180057555437
20260911_131106_302206,5,256,8,M,2,66,0.9327977001667023,0.5071523999795318,0.5071916999295354
20260911_131106_302206,5,256,8,M,2,67,0.9334565000608563,0.48416380025446415,0.4842119002714753
20260911_131106_302206,5,256,8,M,2,68,0.9263420002534986,0.4894054001197219,0.4894439000636339
20260911_131106_302206,5,256,8,M,2,69,0.9356209002435207,0.49384859949350357,0.49388729967176914
20260911_131106_302206,5,256,8,M,2,70,0.9454659000039101,0.4900573994964361,0.4900918994098902
20260911_131106_302206,5,256,8,M,2,71,0.9292856995016336,0.4987726993858814,0.4988075001165271
20260911_131106_302206,5,256,8,M,2,72,0.9383006002753973,0.4921618001535535,0.4921968998387456
20260911_131106_302206,5,256,8,M,2,73,0.9425316993147135,0.4876196002587676,0.4876566007733345
20260911_131106_302206,5,256,8,M,2,74,0.919552999548614,0.5328526999801397,0.5328917000442743
20260911_131106_302206,5,256,8,M,2,75,1.0224238997325301,0.48405269999057055,0.48409040085971355
20260911_131106_302206,5,256,8,M,2,76,0.9754210999235511,0.484926899895072,0.48496329970657825
20260911_131106_302206,5,256,8,M,2,77,0.9489998994395137,0.49290050007402897,0.49294460006058216
20260911_131106_302206,5,256,8,M,2,78,0.9489136002957821,0.4985211994498968,0.4985586004331708
20260911_131106_302206,5,256,8,M,2,79,0.9780665002763271,0.5025749998167157,0.5026120999827981
20260911_131106_302206,5,256,8,M,2,80,0.9458671994507313,0.5040610004216433,0.5041033001616597
20260911_131106_302206,5,256,8,M,2,81,0.9407194005325437,0.49874019995331764,0.49877519998699427
20260911_131106_302206,5,256,8,M,2,82,0.9221371002495289,0.5121276993304491,0.5121691003441811
20260911_131106_302206,5,256,8,M,2,83,0.9324900005012751,0.4907758003100753,0.4908113004639745
20260911_131106_302206,5,256,8,M,2,84,1.0162082007154822,0.5188218001276255,0.5188648998737335
20260911_131106_302206,5,256,8,M,2,85,0.9561040997505188,0.49840159993618727,0.49843749962747097
20260911_131106_302206,5,256,8,M,2,86,1.0575892999768257,0.5101028000935912,0.5101396003738046
20260911_131106_302206,5,256,8,M,2,87,1.0016401000320911,0.6180528998374939,0.6180880004540086
20260911_131106_302206,5,256,8,M,2,88,1.1886326000094414,0.5803640000522137,0.5804062001407146
20260911_131106_302206,5,256,8,M,2,89,1.0778307002037764,0.5370888002216816,0.5371294002979994
20260911_131106_302206,5,256,8,M,2,90,1.0667642001062632,0.5210160007700324,0.5210579000413418
20260911_131106_302206,5,256,8,M,2,91,1.0104168998077512,0.5372842000797391,0.5373209994286299
20260911_131106_302206,5,256,8,M,2,92,1.0193191999569535,0.5097281001508236,0.5097706001251936
20260911_131106_302206,5,256,8,M,2,93,0.9696615003049374,0.504389800131321,0.5044261002913117
20260911_131106_302206,5,256,8,M,2,94,0.9362602001056075,0.509833499789238,0.5098740002140403
20260911_131106_302206,5,256,8,M,2,95,0.9522361997514963,0.5073982998728752,0.5074384994804859
20260911_131106_302206,5,256,8,M,2,96,0.9346411004662514,0.5001090997830033,0.5001523997634649
20260911_131106_302206,5,256,8,M,2,97,0.9458243995904922,0.49572790041565895,0.4957631006836891
20260911_131106_302206,5,256,8,M,2,98,0.9305266002193093,0.5078533003106713,0.5078899003565311
20260911_131106_302206,5,256,8,M,2,99,0.9353807996958494,0.4907573005184531,0.49080729950219393
20260911_131106_302206,5,256,8,M,2,100,0.9274968998506665,0.5113510005176067,0.5113874999806285
20260911_131106_302206,5,256,8,M,2,101,0.9287730008363724,0.48904060013592243,0.48907870054244995
20260911_131106_302206,5,256,8,M,2,102,0.9472869001328945,0.49376079998910427,0.4937961008399725
20260911_131106_302206,5,256,8,M,2,103,0.9467719001695514,0.4816736998036504,0.48171040043234825
20260911_131106_302206,5,256,8,M,2,104,0.9281103005632758,0.49545300006866455,0.4954914003610611
20260911_131106_302206,5,256,8,M,2,105,0.9370427001267672,0.5043695997446775,0.5044109998270869
20260911_131106_302206,5,256,8,M,2,106,0.9525716993957758,0.4903074000030756,0.4903519004583359
20260911_131106_302206,5,256,8,M,2,107,0.9696226995438337,0.5153951002284884,0.5154308993369341
20260911_131106_302206,5,256,8,M,2,108,0.9569192994385958,0.4885773006826639,0.4886163994669914
20260911_131106_302206,5,256,8,M,2,109,0.9444015007466078,0.4960916005074978,0.4961262997239828
20260911_131106_302206,5,256,8,M,2,110,0.9533593999221921,0.4807072002440691,0.480744500644505
20260911_131106_302206,5,256,8,M,2,111,0.931802399456501,0.4916730001568794,0.491711700335145
20260911_131106_302206,5,256,8,M,2,112,0.9405193999409676,0.5237488998100162,0.5237879995256662
20260911_131106_302206,5,256,8,M,2,113,1.001982900314033,0.5242211995646358,0.5242627002298832
20260911_131106_302206,5,256,8,M,2,114,0.9502809997648001,0.4919984005391598,0.492038999684155
20260911_131106_302206,5,256,8,M,2,115,0.9400551002472639,0.49658310040831566,0.49662130046635866
20260911_131106_302206,5,256,8,M,2,116,0.982014300301671,0.5431246003136039,0.5431631999090314
20260911_131106_302206,5,256,8,M,2,117,0.9735212000086904,0.49427560064941645,0.4943136004731059
20260911_131106_302206,5,256,8,M,2,118,0.9532417999580503,0.494654200039804,0.494687900878489
20260911_131106_302206,5,256,8,M,2,119,0.9485061997547746,0.4988094996660948,0.4988486999645829
20260911_131106_302206,5,256,8,M,2,120,0.956389999948442,0.4970322996377945,0.4970677997916937
20260911_131106_302206,5,256,8,M,2,121,0.9959897994995117,0.5175903998315334,0.5176237002015114
20260911_131106_302206,5,256,8,M,2,122,1.001404699869454,0.5177183002233505,0.5177571000531316
20260911_131106_302206,5,256,8,M,2,123,0.9416618002578616,0.48146549984812737,0.48149939998984337
20260911_131106_302206,5,256,8,M,2,124,0.914172200486064,0.49721449986100197,0.4972494002431631
20260911_131106_302206,5,256,8,M,2,125,0.9415637999773026,0.4888979997485876,0.4889409998431802
20260911_131106_302206,5,256,8,M,2,126,0.9452045997604728,0.48303330037742853,0.48306989949196577
20260911_131106_302206,5,256,8,M,2,127,0.9478962998837233,0.508652999997139,0.5086927004158497
20260911_131106_302206,5,256,8,M,2,128,0.9398927008733153,0.48800239991396666,0.4880373002961278
20260911_131106_302206,5,256,8,M,2,129,0.9325111005455256,0.4966243002563715,0.4966612998396158
20260911_131106_302206,5,256,8,M,2,130,0.9365770993754268,0.5033315001055598,0.5033700997009873
20260911_131106_302206,5,256,8,M,2,131,0.9437147006392479,0.49284099973738194,0.4928770000115037
20260911_131106_302206,5,256,8,M,2,132,0.9478101991117001,0.50606759916991,0.506110499612987
20260911_131106_302206,5,256,8,M,2,133,0.9383351998403668,0.49709560070186853,0.49713500030338764
20260911_131106_302206,5,256,8,M,2,134,0.9386649001389742,0.5114345997571945,0.5114711998030543
20260911_131106_302206,5,256,8,M,2,135,1.0655538002029061,0.5264911996200681,0.5265403995290399
20260911_131106_302206,5,256,8,M,2,136,0.9494503000751138,0.4912125002592802,0.49125290010124445
20260911_131106_302206,5,256,8,M,2,137,0.9502323996275663,0.4910140000283718,0.49104900006204844
20260911_131106_302206,5,256,8,M,2,138,0.9320582002401352,0.4876263001933694,0.487665300257504
20260911_131106_302206,5,256,8,M,2,139,0.9364134995266795,0.4864828996360302,0.4865297004580498
20260911_131106_302206,5,256,8,M,2,140,0.9588941000401974,0.49784590024501085,0.4978930000215769
20260911_131106_302206,5,256,8,M,2,141,0.9415766000747681,0.4994322005659342,0.49946870002895594
20260911_131106_302206,5,256,8,M,2,142,0.941550400108099,0.49507390055805445,0.4951120996847749
20260911_131106_302206,5,256,8,M,2,143,0.9622547002509236,0.47621649969369173,0.47625079937279224
20260911_131106_302206,5,256,8,M,2,144,0.9522368004545569,0.4818109003826976,0.48184720054268837
20260911_131106_302206,5,256,8,M,2,145,0.931219800375402,0.4864515997469425,0.4865089999511838
20260911_131106_302206,5,256,8,M,2,146,0.9394915997982025,0.48484869953244925,0.48488959949463606
20260911_131106_302206,5,256,8,M,2,147,0.9201704999431968,0.5030244998633862,0.5030624000355601
20260911_131106_302206,5,256,8,M,2,148,0.9459673007950187,0.49220450036227703,0.4922433001920581
20260911_131106_302206,5,256,8,M,2,149,0.9587736995890737,0.49761189986020327,0.4976495997980237
20260911_131106_302206,5,256,8,M,2,150,0.927746600471437,0.485516800545156,0.48555530048906803
20260911_131106_302206,5,256,8,M,2,151,0.9281091997399926,0.4969496997073293,0.49698259960860014
20260911_131106_302206,5,256,8,M,2,152,0.9433916006237268,0.49947960022836924,0.4995160000398755
20260911_131106_302206,5,256,8,M,2,153,0.9374100007116795,0.48792279977351427,0.4879748998209834
20260911_131106_302206,5,256,8,M,2,154,0.9360846998170018,0.4819177994504571,0.4819601997733116
20260911_131106_302206,5,256,8,M,2,155,0.9276123996824026,0.5319367991760373,0.531985399313271
20260911_131106_302206,5,256,8,M,2,156,0.9510060995817184,0.5050699999555945,0.5051047001034021
20260911_131106_302206,5,256,8,M,2,157,0.9336982006207108,0.4972099997103214,0.49724579975008965
20260911_131106_302206,5,256,8,M,2,158,0.9410023996606469,0.5047085005789995,0.5047519998624921
20260911_131106_302206,5,256,8,M,2,159,0.9234600998461246,0.4963341001421213,0.4963747998699546
20260911_131106_302206,5,256,8,M,2,160,0.9438701001927257,0.4998655002564192,0.4999016998335719
20260911_131106_302206,5,256,8,M,2,161,0.9452261002734303,0.48904839996248484,0.48908820003271103
20260911_131106_302206,5,256,8,M,2,162,0.9380810996517539,0.48283830005675554,0.48287659976631403
20260911_131106_302206,5,256,8,M,2,163,0.9438332002609968,0.49403230007737875,0.49406620021909475
20260911_131106_302206,5,256,8,M,2,164,0.9469648003578186,0.4800095995888114,0.48004910070449114
20260911_131106_302206,5,256,8,M,2,165,0.9260962000116706,0.4956579999998212,0.49569169990718365
20260911_131106_302206,5,256,8,M,2,166,0.9257591003552079,0.4900987995788455,0.490137099288404
20260911_131106_302206,5,256,8,M,2,167,0.9301981003955007,0.5011344999074936,0.5011755004525185
20260911_131106_302206,5,256,8,M,2,168,0.9315820997580886,0.4894840996712446,0.4895176002755761
20260911_131106_302206,5,256,8,M,2,169,0.9589646002277732,0.48601619992405176,0.4860546998679638
20260911_131106_302206,5,256,8,M,2,170,0.9658212997019291,0.49326089955866337,0.4933879002928734
20260911_131106_302206,5,256,8,M,2,171,0.9493764005601406,0.4824411002919078,0.4824788002297282
20260911_131106_302206,5,256,8,M,2,172,0.9424385000020266,0.482829499989748,0.48300290014594793
20260911_131106_302206,5,256,8,M,2,173,0.9544046996161342,0.4812083002179861,0.48124360013753176
20260911_131106_302206,5,256,8,M,2,174,0.9414825001731515,0.48792240023612976,0.4879574002698064
20260911_131106_302206,5,256,8,M,2,175,0.9540789006277919,0.4920443007722497,0.49208320025354624
20260911_131106_302206,5,256,8,M,2,176,0.9262009998783469,0.49496759939938784,0.49500170070677996
20260911_131106_302206,5,256,8,M,2,177,0.9319267999380827,0.5130229005590081,0.5130626000463963
20260911_131106_302206,5,256,8,M,2,178,0.9313663998618722,0.5008947001770139,0.5009302003309131
20260911_131106_302206,5,256,8,M,2,179,0.9491786994040012,0.4928528005257249,0.49289090000092983
20260911_131106_302206,5,256,8,M,2,180,0.9343916000798345,0.48378230072557926,0.4838291993364692
20260911_131106_302206,5,256,8,M,2,181,0.9414199003949761,0.4859028998762369,0.4859391003847122
20260911_131106_302206,5,256,8,M,2,182,0.9318939000368118,0.49178600031882524,0.49182429909706116
20260911_131106_302206,5,256,8,M,2,183,0.9449177999049425,0.48650990054011345,0.4865480996668339
20260911_131106_302206,5,256,8,M,2,184,0.9276362992823124,0.49731090012937784,0.49734489992260933
20260911_131106_302206,5,256,8,M,2,185,0.9717940995469689,0.4979116003960371,0.49795129988342524
20260911_131106_302206,5,256,8,M,2,186,0.9469374995678663,0.4950685007497668,0.49510639999061823
20260911_131106_302206,5,256,8,M,2,187,0.946038999594748,0.4861841006204486,0.4862211998552084
20260911_131106_302206,5,256,8,M,2,188,0.9353371998295188,0.48865559976547956,0.488692500628531
20260911_131106_302206,5,256,8,M,2,189,0.9352719001471996,0.5033587999641895,0.5034512002021074
20260911_131106_302206,5,256,8,M,2,190,0.9385126000270247,0.4968051007017493,0.4968472998589277
20260911_131106_302206,5,256,8,M,2,191,0.9401209997013211,0.4922019001096487,0.49224140029400587
20260911_131106_302206,5,256,8,M,2,192,0.9543016999959946,0.49760030023753643,0.4976366003975272
20260911_131106_302206,5,256,8,M,2,193,0.9210731005296111,0.492815800011158,0.4928556000813842
20260911_131106_302206,5,256,8,M,2,194,0.9273948995396495,0.49640650022774935,0.4964452004060149
20260911_131106_302206,5,256,8,M,2,195,0.9451476000249386,0.5006090998649597,0.5006438000127673
20260911_131106_302206,5,256,8,M,2,196,0.9365253001451492,0.4927318999543786,0.4927701000124216
20260911_131106_302206,5,256,8,M,2,197,0.9372864002361894,0.48816619999706745,0.4882014999166131
20260911_131106_302206,5,256,8,M,2,198,0.9184064995497465,0.49973069969564676,0.49976549949496984
20260911_131106_302206,5,256,8,M,2,199,0.9554032003507018,0.48112970031797886,0.48116219975054264
20260911_131106_302206,5,256,8,M,2,200,0.9253787994384766,0.5039748996496201,0.5040112994611263
20260911_131106_302206,5,256,8,M,2,201,0.9261435996741056,0.49812979996204376,0.49816520046442747
20260911_131106_302206,5,256,8,M,2,202,0.9473900003358722,0.48253529984503984,0.482574500143528
20260911_131106_302206,5,256,8,M,2,203,0.9307637000456452,0.48377789929509163,0.4838150003924966
20260911_131106_302206,5,256,8,M,2,204,0.9296187004074454,0.4935090998187661,0.4935493003576994
20260911_131106_302206,5,256,8,M,2,205,0.9260026998817921,0.49097910057753325,0.4910178994759917
20260911_131106_302206,5,256,8,M,2,206,0.9369557006284595,0.49341150000691414,0.49345230031758547
20260911_131106_302206,5,256,8,M,2,207,0.9389627994969487,0.5018946994096041,0.5019311998039484
20260911_131106_302206,5,256,8,M,2,208,0.950628999620676,0.4727446995675564,0.47278490010648966
20260911_131106_302206,5,256,8,M,2,209,0.9523682994768023,0.49673919938504696,0.49677770026028156
20260911_131106_302206,5,256,8,M,2,210,0.927301799878478,0.49818759970366955,0.4982290007174015
20260911_131106_302206,5,256,8,M,2,211,0.9310047002509236,0.4977267999202013,0.49776919931173325
20260911_131106_302206,5,256,8,M,2,212,0.9570722999051213,0.4850987996906042,0.4851394994184375
20260911_131106_302206,5,256,8,M,2,213,0.9655309999361634,0.48402880039066076,0.48406829964369535
20260911_131106_302206,5,256,8,M,2,214,0.9375667003914714,0.4944307003170252,0.4944704994559288
20260911_131106_302206,5,256,8,M,2,215,0.9452504003420472,0.4941416997462511,0.49418399948626757
20260911_131106_302206,5,256,8,M,2,216,0.9190764995291829,0.5104977004230022,0.5105371996760368
20260911_131106_302206,5,256,8,M,2,217,0.9665376003831625,0.49904779996722937,0.49908410012722015
20260911_131106_302206,5,256,8,M,2,218,0.9539705002680421,0.4916642000898719,0.4917050004005432
20260911_131106_302206,5,256,8,M,2,219,0.9422920001670718,0.4812700003385544,0.4813043000176549
20260911_131106_302206,5,256,8,M,2,220,0.9271506005898118,0.49687919951975346,0.4969156999140978
20260911_131106_302206,5,256,8,M,2,221,0.9255857998505235,0.4831961998715997,0.48323339968919754
20260911_131106_302206,5,256,8,M,2,222,0.9367706002667546,0.4923727996647358,0.4924071002751589
20260911_131106_302206,5,256,8,M,2,223,0.941715800203383,0.4982977006584406,0.49833680037409067
20260911_131106_302206,5,256,8,M,2,224,0.9317527003586292,0.49070269986987114,0.49074390064924955
20260911_131106_302206,5,256,8,M,2,225,0.9449586998671293,0.4858616003766656,0.4859042000025511
20260911_131106_302206,5,256,8,M,2,226,0.94680290017277,0.48730089981108904,0.4873462002724409
20260911_131106_302206,5,256,8,M,2,227,0.9325595004484057,0.4868754995986819,0.48691279999911785
20260911_131106_302206,5,256,8,M,2,228,0.9225083002820611,0.4861857006326318,0.4862278001382947
20260911_131106_302206,5,256,8,M,2,229,0.9389797002077103,0.4932158999145031,0.4932724004611373
20260911_131106_302206,5,256,8,M,2,230,0.9167243996635079,0.49844889994710684,0.4984895996749401
20260911_131106_302206,5,256,8,M,2,231,0.969922199845314,0.49043190013617277,0.49048070050776005
20260911_131106_302206,5,256,8,M,2,232,0.921646099537611,0.48113959934562445,0.4811776001006365
20260911_131106_302206,5,256,8,M,2,233,0.9233665997162461,0.492624300532043,0.49266260024160147
20260911_131106_302206,5,256,8,M,2,234,0.9365536998957396,0.5038793003186584,0.5039173001423478
20260911_131106_302206,5,256,8,M,2,235,0.9356449004262686,0.49420859944075346,0.4942426001653075
20260911_131106_302206,5,256,8,M,2,236,0.9426817996427417,0.49507500045001507,0.4951134007424116
20260911_131106_302206,5,256,8,M,2,237,0.9372966000810266,0.4962511006742716,0.4963087001815438
20260911_131106_302206,5,256,8,M,2,238,0.9406834002584219,0.4847965994849801,0.4848344996571541
20260911_131106_302206,5,256,8,M,2,239,0.9323392994701862,0.4896283997222781,0.4896732997149229
20260911_131106_302206,5,256,8,M,2,240,0.937176899984479,0.49725160002708435,0.49730300065129995
20260911_131106_302206,5,256,8,M,2,241,0.9367204001173377,0.49326290003955364,0.49331200029700994
20260911_131106_302206,5,256,8,M,2,242,0.9369777999818325,0.49027530010789633,0.4903081003576517
20260911_131106_302206,5,256,8,M,2,243,0.9425315000116825,0.4946397999301553,0.49469020031392574
20260911_131106_302206,5,256,8,M,2,244,0.9173302995041013,0.49383699987083673,0.4938781997188926
20260911_131106_302206,5,256,8,M,2,245,0.9325628001242876,0.49242720007896423,0.4924687007442117
20260911_131106_302206,5,256,8,M,2,246,0.9302844004705548,0.4973948001861572,0.49743140023201704
20260911_131106_302206,5,256,8,M,2,247,0.9206243008375168,0.5336499996483326,0.533703500404954
20260911_131106_302206,5,256,8,M,2,248,0.9494928997009993,0.4927113000303507,0.4927489999681711
20260911_131106_302206,5,256,8,M,2,249,0.9234830997884274,0.48671159986406565,0.4867464993149042
20260911_131106_302206,5,256,8,M,2,250,0.9450985006988049,0.48849229980260134,0.48852619994431734
20260911_131106_302206,5,256,8,M,2,251,0.9277569996193051,0.49961379915475845,0.49965319968760014
20260911_131106_302206,5,256,8,M,2,252,0.9457609998062253,0.48514700029045343,0.4851853996515274
20260911_131106_302206,5,256,8,M,2,253,0.9257817007601261,0.5004637008532882,0.5005000000819564
20260911_131106_302206,5,256,8,M,2,254,0.9404222005978227,0.4953123005107045,0.49535049963742495
20260911_131106_302206,5,256,8,M,2,255,0.9381001004949212,0.5081262001767755,0.5081620998680592
20260911_131106_302206,6,8,3,M,1,0,0.7486958997324109,0.5145167000591755,0.5145477997139096
20260911_131106_302206,6,8,3,M,1,1,0.8262927001342177,0.4835655000060797,0.4836032995954156
20260911_131106_302206,6,8,3,M,1,2,0.8188276002183557,0.48841660004109144,0.48844860028475523
20260911_131106_302206,6,8,3,M,1,3,0.8012661002576351,0.4760552002117038,0.47609279956668615
20260911_131106_302206,6,8,3,M,1,4,0.8226586999371648,0.47997070010751486,0.480005600489676
20260911_131106_302206,6,8,3,M,1,5,0.8135987995192409,0.48112940043210983,0.48116830084472895
20260911_131106_302206,6,8,3,M,1,6,0.8108216999098659,0.47990829963237047,0.4799456996843219
20260911_131106_302206,6,8,3,M,1,7,0.8035674998536706,0.49257610086351633,0.49261359963566065
20260911_131106_302206,6,8,3,NM,2,0,0.7397562004625797,0.4741357993334532,0.4741735002025962
20260911_131106_302206,6,8,3,NM,2,1,0.7274168003350496,0.466644000262022,0.46667859982699156
20260911_131106_302206,6,8,3,NM,2,2,0.7266313005238771,0.46029070019721985,0.4603369003161788
20260911_131106_302206,6,8,3,NM,2,3,0.7264470998197794,0.4627751000225544,0.4628199003636837
20260911_131106_302206,6,8,3,NM,2,4,0.7207446992397308,0.4810667000710964,0.4811027003452182
20260911_131106_302206,6,8,3,NM,2,5,0.72805290017277,0.4686802001670003,0.46872480027377605
20260911_131106_302206,6,8,3,NM,2,6,0.7109088003635406,0.47254440002143383,0.4725898001343012
20260911_131106_302206,6,8,3,NM,2,7,0.7388070002198219,0.47353149950504303,0.4735682001337409
20260911_131106_302206,6,16,4,M,1,0,0.745418899692595,0.4398013995960355,0.43983579985797405
20260911_131106_302206,6,16,4,M,1,1,0.7594597004354,0.44277239963412285,0.44280500058084726
20260911_131106_302206,6,16,4,M,1,2,0.7558817993849516,0.4472319995984435,0.44726600032299757
20260911_131106_302206,6,16,4,M,1,3,0.7823652997612953,0.48133340012282133,0.4813709007576108
20260911_131106_302206,6,16,4,M,1,4,0.8514829995110631,0.49342439975589514,0.4934606999158859
20260911_131106_302206,6,16,4,M,1,5,0.8390333000570536,0.4950876999646425,0.4951267000287771
20260911_131106_302206,6,16,4,M,1,6,0.8447610000148416,0.49376790039241314,0.49380540009588003
20260911_131106_302206,6,16,4,M,1,7,0.839801199734211,0.49245430063456297,0.49249199964106083
20260911_131106_302206,6,16,4,M,1,8,0.8089620992541313,0.48914030008018017,0.4891780000180006
20260911_131106_302206,6,16,4,M,1,9,0.8271848000586033,0.4793555997312069,0.47939519956707954
20260911_131106_302206,6,16,4,M,1,10,0.833895300514996,0.4849728997796774,0.48500819969922304
20260911_131106_302206,6,16,4,M,1,11,0.8117370996624231,0.49469290021806955,0.4947269996628165
20260911_131106_302206,6,16,4,M,1,12,0.829653900116682,0.4831324005499482,0.48317169956862926
20260911_131106_302206,6,16,4,M,1,13,0.8254182999953628,0.47378090023994446,0.4738181997090578
20260911_131106_302206,6,16,4,M,1,14,0.8211401998996735,0.49060160014778376,0.4906389992684126
20260911_131106_302206,6,16,4,M,1,15,0.820724899880588,0.4847380993887782,0.48477539978921413
20260911_131106_302206,6,16,4,NM,2,0,0.7465643007308245,0.4799694996327162,0.48000589944422245
20260911_131106_302206,6,16,4,NM,2,1,0.7254857001826167,0.46968549955636263,0.4697246002033353
20260911_131106_302206,6,16,4,NM,2,2,0.7359832003712654,0.47535379976034164,0.47539620008319616
20260911_131106_302206,6,16,4,NM,2,3,0.7340722000226378,0.4827884007245302,0.4828271009027958
20260911_131106_302206,6,16,4,NM,2,4,0.7128045000135899,0.4743527006357908,0.4743905998766422
20260911_131106_302206,6,16,4,NM,2,5,0.7279273997992277,0.4849642999470234,0.48500189930200577
20260911_131106_302206,6,16,4,NM,2,6,0.7279642000794411,0.4783431002870202,0.4783791992813349
20260911_131106_302206,6,16,4,NM,2,7,0.7335796998813748,0.47149210050702095,0.4715387998148799
20260911_131106_302206,6,16,4,NM,2,8,0.7287934999912977,0.47616609930992126,0.4762064004316926
20260911_131106_302206,6,16,4,NM,2,9,0.7120049009099603,0.474414199590683,0.4744473993778229
20260911_131106_302206,6,16,4,NM,2,10,0.7272338001057506,0.5046479003503919,0.5046806996688247
20260911_131106_302206,6,16,4,NM,2,11,0.744127600453794,0.4763183007016778,0.47635680064558983
20260911_131106_302206,6,16,4,NM,2,12,0.7314125001430511,0.4723643995821476,0.47240080032497644
20260911_131106_302206,6,16,4,NM,2,13,0.7204365003854036,0.47410000022500753,0.47413240000605583
20260911_131106_302206,6,16,4,NM,2,14,0.7373588001355529,0.4704459998756647,0.47047779988497496
20260911_131106_302206,6,16,4,NM,2,15,0.7237169006839395,0.4807376004755497,0.4807727001607418
20260911_131106_302206,6,32,5,M,1,0,0.7827559001743793,0.4523828001692891,0.45241159945726395
20260911_131106_302206,6,32,5,M,1,1,0.8301301002502441,0.4593772003427148,0.4594096001237631
20260911_131106_302206,6,32,5,M,1,2,0.8101599998772144,0.46734829992055893,0.4673769995570183
20260911_131106_302206,6,32,5,M,1,3,0.8111191000789404,0.5093646999448538,0.5094038005918264
20260911_131106_302206,6,32,5,M,1,4,0.9243715004995465,0.516007799655199,0.5160500993952155
20260911_131106_302206,6,32,5,M,1,5,0.8774143001064658,0.5053214998915792,0.505362699739635
20260911_131106_302206,6,32,5,M,1,6,0.8804855002090335,0.49183010030537844,0.4918657997623086
20260911_131106_302206,6,32,5,M,1,7,0.8267882997170091,0.4920421000570059,0.49207640066742897
20260911_131106_302206,6,32,5,M,1,8,0.8478867998346686,0.4845774993300438,0.4846109002828598
20260911_131106_302206,6,32,5,M,1,9,0.839075299911201,0.4976730002090335,0.49770980048924685
20260911_131106_302206,6,32,5,M,1,10,0.83102420065552,0.4945101998746395,0.4945539999753237
20260911_131106_302206,6,32,5,M,1,11,0.8282677996903658,0.4940722994506359,0.4941096007823944
20260911_131106_302206,6,32,5,M,1,12,0.8389614997431636,0.488238200545311,0.4882756993174553
20260911_131106_302206,6,32,5,M,1,13,0.8388675004243851,0.4864929998293519,0.486527300439775
20260911_131106_302206,6,32,5,M,1,14,0.8465422997251153,0.4835007004439831,0.48354179970920086
20260911_131106_302206,6,32,5,M,1,15,0.8488758997991681,0.4945109998807311,0.4945454001426697
20260911_131106_302206,6,32,5,M,1,16,0.8305087992921472,0.48878629971295595,0.4888222999870777
20260911_131106_302206,6,32,5,M,1,17,0.8354587005451322,0.48916290048509836,0.48919649980962276
20260911_131106_302206,6,32,5,M,1,18,0.8380201999098063,0.4909509997814894,0.49098969995975494
20260911_131106_302206,6,32,5,M,1,19,0.839606299996376,0.4868977004662156,0.48693550005555153
20260911_131106_302206,6,32,5,M,1,20,0.8563671996816993,0.4832942998036742,0.483334599994123
20260911_131106_302206,6,32,5,M,1,21,0.8329878002405167,0.4906197004020214,0.490654400549829
20260911_131106_302206,6,32,5,M,1,22,0.8286150991916656,0.48129819985479116,0.48134549986571074
20260911_131106_302206,6,32,5,M,1,23,0.839953999966383,0.4882685001939535,0.4883032999932766
20260911_131106_302206,6,32,5,M,1,24,0.8490225002169609,0.4907043995335698,0.490743899717927
20260911_131106_302206,6,32,5,M,1,25,0.8336473004892468,0.48258520010858774,0.4826181000098586
20260911_131106_302206,6,32,5,M,1,26,0.8352306000888348,0.4907040996477008,0.4907368002459407
20260911_131106_302206,6,32,5,M,1,27,0.8474112004041672,0.484519399702549,0.4845663998275995
20260911_131106_302206,6,32,5,M,1,28,0.841630999930203,0.47985609993338585,0.47989850025624037
20260911_131106_302206,6,32,5,M,1,29,0.8260328005999327,0.4821189995855093,0.4821564992889762
20260911_131106_302206,6,32,5,M,1,30,0.8219646997749805,0.4934205003082752,0.49345869943499565
20260911_131106_302206,6,32,5,M,1,31,0.8517116000875831,0.4927901001647115,0.4928258992731571
20260911_131106_302206,6,32,5,NM,2,0,0.7648844998329878,0.4815430995076895,0.48160829953849316
20260911_131106_302206,6,32,5,NM,2,1,0.7353614000603557,0.48739519994705915,0.48743109963834286
20260911_131106_302206,6,32,5,NM,2,2,0.7224290994927287,0.4792560003697872,0.4792958004400134
20260911_131106_302206,6,32,5,NM,2,3,0.7315197996795177,0.4807427003979683,0.48077649995684624
20260911_131106_302206,6,32,5,NM,2,4,0.7191650001332164,0.47885689977556467,0.47888979967683554
20260911_131106_302206,6,32,5,NM,2,5,0.7318920996040106,0.46961179934442043,0.4696481004357338
20260911_131106_302206,6,32,5,NM,2,6,0.7254073992371559,0.4792347000911832,0.47927189990878105
20260911_131106_302206,6,32,5,NM,2,7,0.733843999914825,0.48020480014383793,0.48023870028555393
20260911_131106_302206,6,32,5,NM,2,8,0.7278333995491266,0.4654585998505354,0.465493100695312
20260911_131106_302206,6,32,5,NM,2,9,0.7186807999387383,0.47715150006115437,0.4772071996703744
20260911_131106_302206,6,32,5,NM,2,10,0.7123389998450875,0.48308470007032156,0.4831208996474743
20260911_131106_302206,6,32,5,NM,2,11,0.7363769002258778,0.48562460020184517,0.4856608994305134
20260911_131106_302206,6,32,5,NM,2,12,0.7410863004624844,0.46912570018321276,0.46916049998253584
20260911_131106_302206,6,32,5,NM,2,13,0.7313248999416828,0.4744222005829215,0.474456200376153
20260911_131106_302206,6,32,5,NM,2,14,0.7222506003454328,0.4702530996873975,0.47031059954315424
20260911_131106_302206,6,32,5,NM,2,15,0.7293940996751189,0.4857442993670702,0.4857772998511791
20260911_131106_302206,6,32,5,NM,2,16,0.7222317000851035,0.48119419999420643,0.48123129922896624
20260911_131106_302206,6,32,5,NM,2,17,0.7095528999343514,0.4836417995393276,0.48367480002343655
20260911_131106_302206,6,32,5,NM,2,18,0.7145857000723481,0.48016420006752014,0.4801962999626994
20260911_131106_302206,6,32,5,NM,2,19,0.7513427995145321,0.5653301998972893,0.5653691003099084
20260911_131106_302206,6,32,5,NM,2,20,0.7750917002558708,0.48564619943499565,0.48567960038781166
20260911_131106_302206,6,32,5,NM,2,21,0.7381729995831847,0.49582980014383793,0.4958672998473048
20260911_131106_302206,6,32,5,NM,2,22,0.7329284995794296,0.4720304999500513,0.4720668997615576
20260911_131106_302206,6,32,5,NM,2,23,0.7061823001131415,0.45936570037156343,0.45941710006445646
20260911_131106_302206,6,32,5,NM,2,24,0.72230330016464,0.4730062000453472,0.47303880006074905
20260911_131106_302206,6,32,5,NM,2,25,0.7347411997616291,0.4786387998610735,0.478676600381732
20260911_131106_302206,6,32,5,NM,2,26,0.7160826995968819,0.4848584998399019,0.4848923999816179
20260911_131106_302206,6,32,5,NM,2,27,0.7146177999675274,0.4710988001897931,0.47113429941236973
20260911_131106_302206,6,32,5,NM,2,28,0.71765480004251,0.4648192999884486,0.46485650073736906
20260911_131106_302206,6,32,5,NM,2,29,0.7251046001911163,0.47709699999541044,0.47713590040802956
20260911_131106_302206,6,32,5,NM,2,30,0.7246382003650069,0.4755735006183386,0.4756065998226404
20260911_131106_302206,6,32,5,NM,2,31,0.7107200995087624,0.4843079000711441,0.48434480000287294
20260911_131106_302206,6,64,6,M,1,0,0.8420092994347215,0.43696930073201656,0.436998700723052
20260911_131106_302206,6,64,6,M,1,1,0.8537994995713234,0.4385892003774643,0.43861909955739975
20260911_131106_302206,6,64,6,M,1,2,0.8368765003979206,0.44638979993760586,0.4464239999651909
20260911_131106_302206,6,64,6,M,1,3,0.8253253996372223,0.4495601998642087,0.44959049951285124
20260911_131106_302206,6,64,6,M,1,4,0.8594848001375794,0.48420559987425804,0.4842419996857643
20260911_131106_302206,6,64,6,M,1,5,0.920826000161469,0.501897300593555,0.5019363993778825
20260911_131106_302206,6,64,6,M,1,6,0.9320128001272678,0.5003223996609449,0.5003556003794074
20260911_131106_302206,6,64,6,M,1,7,0.9205459002405405,0.5002186000347137,0.5002576000988483
20260911_131106_302206,6,64,6,M,1,8,0.9079713998362422,0.5075116995722055,0.5075487997382879
20260911_131106_302206,6,64,6,M,1,9,0.9453023001551628,0.5025602001696825,0.5025979001075029
20260911_131106_302206,6,64,6,M,1,10,0.9259466994553804,0.5050499998033047,0.5050857998430729
20260911_131106_302206,6,64,6,M,1,11,0.9249558001756668,0.4996358994394541,0.4996840003877878
20260911_131106_302206,6,64,6,M,1,12,0.9024773994460702,0.5108340000733733,0.5108691994100809
20260911_131106_302206,6,64,6,M,1,13,0.9162507997825742,0.4940456999465823,0.4940817002207041
20260911_131106_302206,6,64,6,M,1,14,0.9304101001471281,0.496404099278152,0.49643729999661446
20260911_131106_302206,6,64,6,M,1,15,0.9182992000132799,0.4857090003788471,0.48574399948120117
20260911_131106_302206,6,64,6,M,1,16,0.9188525006175041,0.49856819957494736,0.4986061993986368
20260911_131106_302206,6,64,6,M,1,17,0.9131375998258591,0.5056518008932471,0.5056972000747919
20260911_131106_302206,6,64,6,M,1,18,0.9103586003184319,0.4907141998410225,0.49076199997216463
20260911_131106_302206,6,64,6,M,1,19,0.9232104998081923,0.5012843003496528,0.5013199998065829
20260911_131106_302206,6,64,6,M,1,20,0.9179787002503872,0.4863195000216365,0.486370200291276
20260911_131106_302206,6,64,6,M,1,21,0.9306827001273632,0.4859513007104397,0.486000900156796
20260911_131106_302206,6,64,6,M,1,22,0.9129437999799848,0.5322820004075766,0.5323179997503757
20260911_131106_302206,6,64,6,M,1,23,0.9873327994719148,0.49214950017631054,0.4921945994719863
20260911_131106_302206,6,64,6,M,1,24,0.9096841001883149,0.4832993997260928,0.48333700001239777
20260911_131106_302206,6,64,6,M,1,25,0.9219289002940059,0.4980496000498533,0.4980840003117919
20260911_131106_302206,6,64,6,M,1,26,0.9190942998975515,0.5057596005499363,0.5057947002351284
20260911_131106_302206,6,64,6,M,1,27,0.9168936004862189,0.5016880007460713,0.5017250999808311
20260911_131106_302206,6,64,6,M,1,28,0.9331269999966025,0.4757111007347703,0.47574840020388365
20260911_131106_302206,6,64,6,M,1,29,0.9180613001808524,0.5205316999927163,0.5205739997327328
20260911_131106_302206,6,64,6,M,1,30,0.9291463997215033,0.4884837996214628,0.48852239921689034
20260911_131106_302206,6,64,6,M,1,31,0.9174616001546383,0.48887789994478226,0.4889159994199872
20260911_131106_302206,6,64,6,M,1,32,0.9060779996216297,0.4963220003992319,0.496361400000751
20260911_131106_302206,6,64,6,M,1,33,0.9119961997494102,0.48524569999426603,0.4852907992899418
20260911_131106_302206,6,64,6,M,1,34,0.9174287999048829,0.5058835009112954,0.5059219999238849
20260911_131106_302206,6,64,6,M,1,35,0.9251640997827053,0.48749709967523813,0.48753440007567406
20260911_131106_302206,6,64,6,M,1,36,0.9205483002588153,0.4782808003947139,0.4783182004466653
20260911_131106_302206,6,64,6,M,1,37,0.9155445005744696,0.48554000072181225,0.4855785993859172
20260911_131106_302206,6,64,6,M,1,38,0.9137217001989484,0.49119399953633547,0.4912313995882869
20260911_131106_302206,6,64,6,M,1,39,0.8997870991006494,0.5012935996055603,0.5013338997960091
20260911_131106_302206,6,64,6,M,1,40,0.9190627001225948,0.49387510027736425,0.4939099997282028
20260911_131106_302206,6,64,6,M,1,41,0.9058283995836973,0.4979400001466274,0.497979199513793
20260911_131106_302206,6,64,6,M,1,42,0.9354861993342638,0.4907219000160694,0.49075690004974604
20260911_131106_302206,6,64,6,M,1,43,0.9298728993162513,0.4919531000778079,0.4919870998710394
20260911_131106_302206,6,64,6,M,1,44,0.9204016998410225,0.5025535998865962,0.5025928001850843
20260911_131106_302206,6,64,6,M,1,45,0.9046258004382253,0.5177584001794457,0.5177938994020224
20260911_131106_302206,6,64,6,M,1,46,0.9218779997900128,0.49717949982732534,0.49721579998731613
20260911_131106_302206,6,64,6,M,1,47,0.914605800062418,0.4946902999654412,0.4947282001376152
20260911_131106_302206,6,64,6,M,1,48,0.9145497996360064,0.4897625995799899,0.4897999996319413
20260911_131106_302206,6,64,6,M,1,49,0.8867825996130705,0.49331390019506216,0.4933535000309348
20260911_131106_302206,6,64,6,M,1,50,0.9262641994282603,0.4894322995096445,0.48946909978985786
20260911_131106_302206,6,64,6,M,1,51,0.9013487994670868,0.49347430001944304,0.49350900016725063
20260911_131106_302206,6,64,6,M,1,52,0.9355709003284574,0.5044456999748945,0.5044852001592517
20260911_131106_302206,6,64,6,M,1,53,0.9118862003087997,0.49728900007903576,0.49732839968055487
20260911_131106_302206,6,64,6,M,1,54,0.9013207005336881,0.4989673998206854,0.49900529999285936
20260911_131106_302206,6,64,6,M,1,55,0.9017377998679876,0.48251339979469776,0.4825482992455363
20260911_131106_302206,6,64,6,M,1,56,0.9078727997839451,0.5212559001520276,0.5212936997413635
20260911_131106_302206,6,64,6,M,1,57,0.9149773996323347,0.48506200034171343,0.48509470000863075
20260911_131106_302206,6,64,6,M,1,58,0.8852348998188972,0.5243888003751636,0.5244319997727871
20260911_131106_302206,6,64,6,M,1,59,0.9257820006459951,0.4946833997964859,0.49472090043127537
20260911_131106_302206,6,64,6,M,1,60,0.9292213004082441,0.49519910011440516,0.49523579981178045
20260911_131106_302206,6,64,6,M,1,61,0.9203089000657201,0.4865207998082042,0.4865584000945091
20260911_131106_302206,6,64,6,M,1,62,0.9313411004841328,0.4845805997028947,0.4846183992922306
20260911_131106_302206,6,64,6,M,1,63,0.8948757005855441,0.4982345001772046,0.4982727998867631
20260911_131106_302206,6,64,6,NM,2,0,0.7461203001439571,0.4773693000897765,0.4774052994325757
20260911_131106_302206,6,64,6,NM,2,1,0.7259317999705672,0.47543600015342236,0.47546969912946224
20260911_131106_302206,6,64,6,NM,2,2,0.745478400029242,0.5395109998062253,0.5395507998764515
20260911_131106_302206,6,64,6,NM,2,3,0.7597465999424458,0.4840077003464103,0.4840407008305192
20260911_131106_302206,6,64,6,NM,2,4,0.7242950005456805,0.4793790001422167,0.47941739950329065
20260911_131106_302206,6,64,6,NM,2,5,0.7273909002542496,0.47184580005705357,0.4718812005594373
20260911_131106_302206,6,64,6,NM,2,6,0.7481191996484995,0.47230769973248243,0.4723444003611803
20260911_131106_302206,6,64,6,NM,2,7,0.7456664992496371,0.46532970014959574,0.46536700055003166
20260911_131106_302206,6,64,6,NM,2,8,0.71756980009377,0.473110499791801,0.47314640041440725
20260911_131106_302206,6,64,6,NM,2,9,0.7338674999773502,0.473127200268209,0.47316170018166304
20260911_131106_302206,6,64,6,NM,2,10,0.7185884993523359,0.5022847997024655,0.5023217992857099
20260911_131106_302206,6,64,6,NM,2,11,0.7358383005484939,0.4717439003288746,0.4718028996139765
20260911_131106_302206,6,64,6,NM,2,12,0.7258562995120883,0.4699502997100353,0.46998490020632744
20260911_131106_302206,6,64,6,NM,2,13,0.7257803995162249,0.4816571995615959,0.4816947001963854
20260911_131106_302206,6,64,6,NM,2,14,0.7271100003272295,0.46832249965518713,0.46835700049996376
20260911_131106_302206,6,64,6,NM,2,15,0.7305434998124838,0.4675097996369004,0.4675492998212576
20260911_131106_302206,6,64,6,NM,2,16,0.7346692997962236,0.47416249942034483,0.4741976000368595
20260911_131106_302206,6,64,6,NM,2,17,0.7334693996235728,0.46775380056351423,0.4677909994497895
20260911_131106_302206,6,64,6,NM,2,18,0.7434082999825478,0.46983860060572624,0.4698759000748396
20260911_131106_302206,6,64,6,NM,2,19,0.7218468999490142,0.4726253002882004,0.4726708000525832
20260911_131106_302206,6,64,6,NM,2,20,0.7336501991376281,0.47067320067435503,0.4707089997828007
20260911_131106_302206,6,64,6,NM,2,21,0.7243584003299475,0.4752244995906949,0.47527700010687113
20260911_131106_302206,6,64,6,NM,2,22,0.7300324998795986,0.48938809987157583,0.48942479956895113
20260911_131106_302206,6,64,6,NM,2,23,0.6989208003506064,0.47655840031802654,0.47659510001540184
20260911_131106_302206,6,64,6,NM,2,24,0.7329177996143699,0.4824934992939234,0.48254819959402084
20260911_131106_302206,6,64,6,NM,2,25,0.7257102997973561,0.47019030060619116,0.4702241998165846
20260911_131106_302206,6,64,6,NM,2,26,0.7339107003062963,0.4779091002419591,0.4779449002817273
20260911_131106_302206,6,64,6,NM,2,27,0.7242174996063113,0.4744460005313158,0.4744835002347827
20260911_131106_302206,6,64,6,NM,2,28,0.7407645005732775,0.4751522997394204,0.4752606004476547
20260911_131106_302206,6,64,6,NM,2,29,0.7177804000675678,0.47924509923905134,0.4792825998738408
20260911_131106_302206,6,64,6,NM,2,30,0.7312449999153614,0.46583240013569593,0.46586580015718937
20260911_131106_302206,6,64,6,NM,2,31,0.7200560998171568,0.46725070010870695,0.4672845993191004
20260911_131106_302206,6,64,6,NM,2,32,0.7362048998475075,0.477874000556767,0.4779107002541423
20260911_131106_302206,6,64,6,NM,2,33,0.7224222999066114,0.47418020013719797,0.4742143992334604
20260911_131106_302206,6,64,6,NM,2,34,0.7082258006557822,0.47682940028607845,0.4768632994964719
20260911_131106_302206,6,64,6,NM,2,35,0.7182620000094175,0.4737211996689439,0.47375749982893467
20260911_131106_302206,6,64,6,NM,2,36,0.7302960995584726,0.48127179965376854,0.4813124006614089
20260911_131106_302206,6,64,6,NM,2,37,0.7235164996236563,0.475225199945271,0.47526209987699986
20260911_131106_302206,6,64,6,NM,2,38,0.715714699588716,0.47844630014151335,0.47848340030759573
20260911_131106_302206,6,64,6,NM,2,39,0.7233592001721263,0.4710751995444298,0.47111180052161217
20260911_131106_302206,6,64,6,NM,2,40,0.709638699889183,0.4759463993832469,0.4759846003726125
20260911_131106_302206,6,64,6,NM,2,41,0.7310959994792938,0.4812064999714494,0.48125149961560965
20260911_131106_302206,6,64,6,NM,2,42,0.7066545998677611,0.49372079968452454,0.4937583999708295
20260911_131106_302206,6,64,6,NM,2,43,0.7241596998646855,0.4822336006909609,0.4822757001966238
20260911_131106_302206,6,64,6,NM,2,44,0.7255251007154584,0.47284859977662563,0.47289189975708723
20260911_131106_302206,6,64,6,NM,2,45,0.7184399999678135,0.4686038000509143,0.4686380000784993
20260911_131106_302206,6,64,6,NM,2,46,0.7325927997007966,0.47355599980801344,0.47359379939734936
20260911_131106_302206,6,64,6,NM,2,47,0.7411471996456385,0.5242670001462102,0.5243057003244758
20260911_131106_302206,6,64,6,NM,2,48,0.7458183001726866,0.47095759958028793,0.47101360000669956
20260911_131106_302206,6,64,6,NM,2,49,0.7121192002668977,0.47513190004974604,0.475165500305593
20260911_131106_302206,6,64,6,NM,2,50,0.7298630001023412,0.4760980000719428,0.47613570000976324
20260911_131106_302206,6,64,6,NM,2,51,0.7504251999780536,0.5187021000310779,0.518741300329566
20260911_131106_302206,6,64,6,NM,2,52,0.7794500002637506,0.4990581003949046,0.49910120014101267
20260911_131106_302206,6,64,6,NM,2,53,0.7104839999228716,0.4791510999202728,0.4791887002065778
20260911_131106_302206,6,64,6,NM,2,54,0.7298140004277229,0.48227600008249283,0.48231180012226105
20260911_131106_302206,6,64,6,NM,2,55,0.7276170998811722,0.4701816001906991,0.47021370008587837
20260911_131106_302206,6,64,6,NM,2,56,0.7146287001669407,0.477988900616765,0.4780242005363107
20260911_131106_302206,6,64,6,NM,2,57,0.7183940000832081,0.47378369979560375,0.47381949983537197
20260911_131106_302206,6,64,6,NM,2,58,0.7206239998340607,0.4820031998679042,0.4820412006229162
20260911_131106_302206,6,64,6,NM,2,59,0.7377419006079435,0.4675196008756757,0.4675558991730213
20260911_131106_302206,6,64,6,NM,2,60,0.7187887001782656,0.4784749997779727,0.4785120002925396
20260911_131106_302206,6,64,6,NM,2,61,0.7382420999929309,0.4797841999679804,0.47982989996671677
20260911_131106_302206,6,64,6,NM,2,62,0.7248312002047896,0.4674883997067809,0.4675266994163394
20260911_131106_302206,6,64,6,NM,2,63,0.7129428004845977,0.4779660999774933,0.47800200060009956
20260911_131106_302206,6,128,7,M,1,0,0.8274316992610693,0.44439349975436926,0.44442280009388924
20260911_131106_302206,6,128,7,M,1,1,0.8747768998146057,0.4574908996000886,0.45752689987421036
20260911_131106_302206,6,128,7,M,1,2,0.8463158998638391,0.466639700345695,0.4666876997798681
20260911_131106_302206,6,128,7,M,1,3,0.9504974000155926,0.5133047001436353,0.5133410999551415
20260911_131106_302206,6,128,7,M,1,4,0.9412531005218625,0.4819219997152686,0.4819560004398227
20260911_131106_302206,6,128,7,M,1,5,0.9196786992251873,0.4666522005572915,0.4666916998103261
20260911_131106_302206,6,128,7,M,1,6,0.8902052007615566,0.4933695998042822,0.4934031004086137
20260911_131106_302206,6,128,7,M,1,7,0.9128880994394422,0.48164020013064146,0.4816747000440955
20260911_131106_302206,6,128,7,M,1,8,0.9161134995520115,0.4714447995647788,0.47148089949041605
20260911_131106_302206,6,128,7,M,1,9,0.898968099616468,0.4808028005063534,0.48087279964238405
20260911_131106_302206,6,128,7,M,1,10,0.8767691999673843,0.4838098008185625,0.48384590074419975
20260911_131106_302206,6,128,7,M,1,11,0.8920540995895863,0.4735986003652215,0.47363700065761805
20260911_131106_302206,6,128,7,M,1,12,0.8820667006075382,0.47886119969189167,0.4788945997133851
20260911_131106_302206,6,128,7,M,1,13,0.9176230998709798,0.4757228000089526,0.4757583998143673
20260911_131106_302206,6,128,7,M,1,14,0.8932340992614627,0.48559429962188005,0.4856342999264598
20260911_131106_302206,6,128,7,M,1,15,0.8831424992531538,0.47080949973315,0.4708430003374815
20260911_131106_302206,6,128,7,M,1,16,0.8899337993934751,0.47174440044909716,0.4717763001099229
20260911_131106_302206,6,128,7,M,1,17,0.8857752000913024,0.48712109960615635,0.48715450055897236
20260911_131106_302206,6,128,7,M,1,18,0.92035480029881,0.496955799870193,0.49698919989168644
20260911_131106_302206,6,128,7,M,1,19,0.9158728998154402,0.47579559963196516,0.47582980059087276
20260911_131106_302206,6,128,7,M,1,20,0.8941902006044984,0.4768534004688263,0.47688909992575645
20260911_131106_302206,6,128,7,M,1,21,0.8829562999308109,0.4822488995268941,0.4822834003716707
20260911_131106_302206,6,128,7,M,1,22,0.8971420992165804,0.4822245994582772,0.48227749951183796
20260911_131106_302206,6,128,7,M,1,23,0.8694136999547482,0.47697659954428673,0.47701249923557043
20260911_131106_302206,6,128,7,M,1,24,0.8898459998890758,0.4646084001287818,0.46464210003614426
20260911_131106_302206,6,128,7,M,1,25,0.8804279007017612,0.48048709984868765,0.48052170034497976
20260911_131106_302206,6,128,7,M,1,26,0.8961559003219008,0.47304700035601854,0.47308139968663454
20260911_131106_302206,6,128,7,M,1,27,0.8786469995975494,0.4705708995461464,0.4706079000607133
20260911_131106_302206,6,128,7,M,1,28,0.9047488998621702,0.4742058999836445,0.4742402005940676
20260911_131106_302206,6,128,7,M,1,29,0.8816948998719454,0.4657689994201064,0.46580149978399277
20260911_131106_302206,6,128,7,M,1,30,0.8926919996738434,0.48518249951303005,0.48521590046584606
20260911_131106_302206,6,128,7,M,1,31,0.9813844002783298,0.5455319005995989,0.5455705998465419
20260911_131106_302206,6,128,7,M,1,32,1.0617724005132914,0.47319949977099895,0.4732370004057884
20260911_131106_302206,6,128,7,M,1,33,0.916440499946475,0.5111504998058081,0.5111867003142834
20260911_131106_302206,6,128,7,M,1,34,0.9507760005071759,0.472524500451982,0.4725577998906374
20260911_131106_302206,6,128,7,M,1,35,1.01035219989717,0.4925795001909137,0.4926129998639226
20260911_131106_302206,6,128,7,M,1,36,0.944942400790751,0.4578542001545429,0.4578943997621536
20260911_131106_302206,6,128,7,M,1,37,0.8688909001648426,0.4777590995654464,0.47779270075261593
20260911_131106_302206,6,128,7,M,1,38,0.900759200565517,0.46372880041599274,0.463761099614203
20260911_131106_302206,6,128,7,M,1,39,0.8911193003877997,0.463658700697124,0.4637027997523546
20260911_131106_302206,6,128,7,M,1,40,0.8820919003337622,0.4736317005008459,0.47366439923644066
20260911_131106_302206,6,128,7,M,1,41,0.8931141998618841,0.47977960016578436,0.47981490008533
20260911_131106_302206,6,128,7,M,1,42,0.8876956002786756,0.48201890010386705,0.4820537008345127
20260911_131106_302206,6,128,7,M,1,43,0.916563899256289,0.4788922993466258,0.47892560064792633
20260911_131106_302206,6,128,7,M,1,44,0.9002131996676326,0.4748739004135132,0.4749081004410982
20260911_131106_302206,6,128,7,M,1,45,0.8751212991774082,0.473475000821054,0.4735252996906638
20260911_131106_302206,6,128,7,M,1,46,0.8713208995759487,0.47322829999029636,0.4732606001198292
20260911_131106_302206,6,128,7,M,1,47,0.8894400000572205,0.46534569934010506,0.46539059933274984
20260911_131106_302206,6,128,7,M,1,48,0.9002617001533508,0.47427279967814684,0.47431259974837303
20260911_131106_302206,6,128,7,M,1,49,0.8809617999941111,0.4707393003627658,0.47077410016208887
20260911_131106_302206,6,128,7,M,1,50,0.8803754998371005,0.47119730059057474,0.47122970037162304
20260911_131106_302206,6,128,7,M,1,51,0.9101502001285553,0.4692936995998025,0.46933780051767826
20260911_131106_302206,6,128,7,M,1,52,0.8874372998252511,0.4780858000740409,0.47812109999358654
20260911_131106_302206,6,128,7,M,1,53,0.9240873996168375,0.45593729987740517,0.45597080048173666
20260911_131106_302206,6,128,7,M,1,54,0.8929144004359841,0.46824599988758564,0.46827830001711845
20260911_131106_302206,6,128,7,M,1,55,0.8895474001765251,0.4659842997789383,0.4660345995798707
20260911_131106_302206,6,128,7,M,1,56,0.8952308995649219,0.4738930994644761,0.47392639983445406
20260911_131106_302206,6,128,7,M,1,57,0.893525599502027,0.48703569918870926,0.4870697008445859
20260911_131106_302206,6,128,7,M,1,58,0.9208103995770216,0.4650373002514243,0.46508139930665493
20260911_131106_302206,6,128,7,M,1,59,0.8897440005093813,0.4643171997740865,0.4643510999158025
20260911_131106_302206,6,128,7,M,1,60,0.8979643993079662,0.4689586004242301,0.46900529973208904
20260911_131106_302206,6,128,7,M,1,61,0.8803402995690703,0.4746839003637433,0.47471760027110577
20260911_131106_302206,6,128,7,M,1,62,0.9032901003956795,0.4620941998437047,0.46212640032172203
20260911_131106_302206,6,128,7,M,1,63,0.8768138000741601,0.4757411004975438,0.4757750006392598
20260911_131106_302206,6,128,7,M,1,64,0.8878428004682064,0.48222710005939007,0.48226140066981316
20260911_131106_302206,6,128,7,M,1,65,0.885670299641788,0.4824691992253065,0.4825074998661876
20260911_131106_302206,6,128,7,M,1,66,0.9721528002992272,0.5484087998047471,0.548446100205183
20260911_131106_302206,6,128,7,M,1,67,0.9295018995180726,0.5227769995108247,0.5228121001273394
20260911_131106_302206,6,128,7,M,1,68,0.9228402003645897,0.5083098001778126,0.5083429999649525
20260911_131106_302206,6,128,7,M,1,69,0.9124681996181607,0.481929300352931,0.4819661006331444
20260911_131106_302206,6,128,7,M,1,70,0.8543712003156543,0.4635597998276353,0.4635952999815345
20260911_131106_302206,6,128,7,M,1,71,0.8923625005409122,0.4722223998978734,0.47225429955869913
20260911_131106_302206,6,128,7,M,1,72,0.8990853996947408,0.486629799939692,0.48666509985923767
20260911_131106_302206,6,128,7,M,1,73,0.9187379004433751,0.475674900226295,0.47571050003170967
20260911_131106_302206,6,128,7,M,1,74,0.9012040998786688,0.47378600016236305,0.4738247999921441
20260911_131106_302206,6,128,7,M,1,75,0.9016717998310924,0.4666104996576905,0.4666432002559304
20260911_131106_302206,6,128,7,M,1,76,0.8901214003562927,0.46403579972684383,0.46407119929790497
20260911_131106_302206,6,128,7,M,1,77,0.881207900121808,0.46941549982875586,0.4694519992917776
20260911_131106_302206,6,128,7,M,1,78,0.8860213998705149,0.47000440023839474,0.4700446994975209
20260911_131106_302206,6,128,7,M,1,79,0.8761167004704475,0.4657092997804284,0.46574269980192184
20260911_131106_302206,6,128,7,M,1,80,0.8832338005304337,0.47245499957352877,0.4724906999617815
20260911_131106_302206,6,128,7,M,1,81,0.8819431001320481,0.4738939004018903,0.4739281004294753
20260911_131106_302206,6,128,7,M,1,82,0.8934761006385088,0.4724333994090557,0.4724669000133872
20260911_131106_302206,6,128,7,M,1,83,0.888519300147891,0.47812720015645027,0.47816039994359016
20260911_131106_302206,6,128,7,M,1,84,0.883092500269413,0.4835205003619194,0.4835540996864438
20260911_131106_302206,6,128,7,M,1,85,0.9131913995370269,0.4716702997684479,0.47170380037277937
20260911_131106_302206,6,128,7,M,1,86,0.873135999776423,0.47208570037037134,0.47211880050599575
20260911_131106_302206,6,128,7,M,1,87,0.9010474001988769,0.46588810067623854,0.46594159957021475
20260911_131106_302206,6,128,7,M,1,88,0.8882428994402289,0.4676966005936265,0.46773230005055666
20260911_131106_302206,6,128,7,M,1,89,0.8949589999392629,0.4654605994001031,0.4654924003407359
20260911_131106_302206,6,128,7,M,1,90,0.8905263999477029,0.4647461995482445,0.464780000038445
20260911_131106_302206,6,128,7,M,1,91,0.8916705995798111,0.47953439969569445,0.4795747995376587
20260911_131106_302206,6,128,7,M,1,92,0.8625338999554515,0.48764050006866455,0.48767520021647215
20260911_131106_302206,6,128,7,M,1,93,0.9114656997844577,0.4670520005747676,0.46708530001342297
20260911_131106_302206,6,128,7,M,1,94,0.9053910002112389,0.46804970037192106,0.4680992001667619
20260911_131106_302206,6,128,7,M,1,95,0.8995129000395536,0.4615217996761203,0.4615560993552208
20260911_131106_302206,6,128,7,M,1,96,0.884999300353229,0.4753964003175497,0.4754306999966502
20260911_131106_302206,6,128,7,M,1,97,0.8703446993604302,0.4767566006630659,0.47679049987345934
20260911_131106_302206,6,128,7,M,1,98,0.9031528998166323,0.4883310003206134,0.48836699966341257
20260911_131106_302206,6,128,7,M,1,99,0.9118557004258037,0.47117830067873,0.47121130023151636
20260911_131106_302206,6,128,7,M,1,100,0.8849967001006007,0.47958589997142553,0.4796200003474951
20260911_131106_302206,6,128,7,M,1,101,0.999842899851501,0.49583330005407333,0.495868400670588
20260911_131106_302206,6,128,7,M,1,102,1.0130425998941064,0.4910257998853922,0.4910607999190688
20260911_131106_302206,6,128,7,M,1,103,0.8879423998296261,0.465434399433434,0.4654769003391266
20260911_131106_302206,6,128,7,M,1,104,0.8759661996737123,0.47564890049397945,0.4756823005154729
20260911_131106_302206,6,128,7,M,1,105,0.8939005006104708,0.4733857000246644,0.47341900039464235
20260911_131106_302206,6,128,7,M,1,106,0.8911677002906799,0.4709967002272606,0.47103150002658367
20260911_131106_302206,6,128,7,M,1,107,0.9012772999703884,0.4669224005192518,0.466971299611032
20260911_131106_302206,6,128,7,M,1,108,0.8877689000219107,0.46191790048033,0.46195199992507696
20260911_131106_302206,6,128,7,M,1,109,0.8717088000848889,0.4674709001556039,0.4675137996673584
20260911_131106_302206,6,128,7,M,1,110,0.8978241998702288,0.4680484002456069,0.4680814007297158
20260911_131106_302206,6,128,7,M,1,111,0.9062713999301195,0.46805769950151443,0.46810040064156055
20260911_131106_302206,6,128,7,M,1,112,0.8818462006747723,0.4886114997789264,0.48864779993891716
20260911_131106_302206,6,128,7,M,1,113,0.8700475003570318,0.4797315001487732,0.47976479958742857
20260911_131106_302206,6,128,7,M,1,114,0.8885555006563663,0.47368220053613186,0.4737144000828266
20260911_131106_302206,6,128,7,M,1,115,0.882863100618124,0.48742520064115524,0.4874588008970022
20260911_131106_302206,6,128,7,M,1,116,0.8731576995924115,0.46985699981451035,0.4698919001966715
20260911_131106_302206,6,128,7,M,1,117,0.9006673991680145,0.4622692000120878,0.4623140003532171
20260911_131106_302206,6,128,7,M,1,118,0.882455600425601,0.4741832995787263,0.4742160001769662
20260911_131106_302206,6,128,7,M,1,119,0.8828381998464465,0.5078765004873276,0.5079115992411971
20260911_131106_302206,6,128,7,M,1,120,0.9045235002413392,0.4650355000048876,0.4650798002257943
20260911_131106_302206,6,128,7,M,1,121,0.871344500221312,0.4869812997058034,0.48701690044254065
20260911_131106_302206,6,128,7,M,1,122,0.8927335003390908,0.481767900288105,0.481810100376606
20260911_131106_302206,6,128,7,M,1,123,0.8908050004392862,0.4714783998206258,0.4715129993855953
20260911_131106_302206,6,128,7,M,1,124,0.8900120994076133,0.4745565000921488,0.47459090035408735
20260911_131106_302206,6,128,7,M,1,125,0.8660164000466466,0.48487440031021833,0.4849076000973582
20260911_131106_302206,6,128,7,M,1,126,0.881865699775517,0.4854568997398019,0.4854990001767874
20260911_131106_302206,6,128,7,M,1,127,0.8953491002321243,0.4768553003668785,0.47689060028642416
20260911_131106_302206,6,128,7,NM,2,0,0.6937775006517768,0.45600820053368807,0.456041700206697
20260911_131106_302206,6,128,7,NM,2,1,0.6910135997459292,0.4613110003992915,0.46134299971163273
20260911_131106_302206,6,128,7,NM,2,2,0.6857275003567338,0.4469189001247287,0.44694980047643185
20260911_131106_302206,6,128,7,NM,2,3,0.7076396001502872,0.46122789941728115,0.46126220002770424
20260911_131106_302206,6,128,7,NM,2,4,0.6801004996523261,0.45285459980368614,0.45288650039583445
20260911_131106_302206,6,128,7,NM,2,5,0.7004649005830288,0.4640683000907302,0.4641022998839617
20260911_131106_302206,6,128,7,NM,2,6,0.700777499936521,0.4564968002960086,0.45654189959168434
20260911_131106_302206,6,128,7,NM,2,7,0.6818722998723388,0.45032089948654175,0.4503530003130436
20260911_131106_302206,6,128,7,NM,2,8,0.6894421000033617,0.46082579996436834,0.46086129918694496
20260911_131106_302206,6,128,7,NM,2,9,0.6960870996117592,0.45712250005453825,0.45715679973363876
20260911_131106_302206,6,128,7,NM,2,10,0.6801388002932072,0.4540114002302289,0.45404549967497587
20260911_131106_302206,6,128,7,NM,2,11,0.694480599835515,0.45278239995241165,0.45281589962542057
20260911_131106_302206,6,128,7,NM,2,12,0.6762178000062704,0.4562655994668603,0.4562983997166157
20260911_131106_302206,6,128,7,NM,2,13,0.6843960992991924,0.4644480003044009,0.46448259986937046
20260911_131106_302206,6,128,7,NM,2,14,0.7079774001613259,0.44539610017091036,0.4454294005408883
20260911_131106_302206,6,128,7,NM,2,15,0.7084007002413273,0.4579341998323798,0.4579744003713131
20260911_131106_302206,6,128,7,NM,2,16,0.6889744997024536,0.4496548995375633,0.4496869994327426
20260911_131106_302206,6,128,7,NM,2,17,0.6802861001342535,0.4541285000741482,0.4541628994047642
20260911_131106_302206,6,128,7,NM,2,18,0.6854102993384004,0.45370119996368885,0.45373310055583715
20260911_131106_302206,6,128,7,NM,2,19,0.67896549962461,0.4482057997956872,0.4482709998264909
20260911_131106_302206,6,128,7,NM,2,20,0.6872043004259467,0.4499969994649291,0.4500339003279805
20260911_131106_302206,6,128,7,NM,2,21,0.6981884995475411,0.4338724995031953,0.4339238004758954
20260911_131106_302206,6,128,7,NM,2,22,0.6845963997766376,0.4499898999929428,0.4500227002426982
20260911_131106_302206,6,128,7,NM,2,23,0.6958923004567623,0.47014019917696714,0.4701733002439141
20260911_131106_302206,6,128,7,NM,2,24,0.7368978997692466,0.45878930017352104,0.45882979966700077
20260911_131106_302206,6,128,7,NM,2,25,0.7021163003519177,0.4548300001770258,0.45487450063228607
20260911_131106_302206,6,128,7,NM,2,26,0.6973099000751972,0.437716300599277,0.4377854997292161
20260911_131106_302206,6,128,7,NM,2,27,0.7013809997588396,0.4398604007437825,0.43989460077136755
20260911_131106_302206,6,128,7,NM,2,28,0.7037682998925447,0.4372046999633312,0.4372348999604583
20260911_131106_302206,6,128,7,NM,2,29,0.6788964997977018,0.44889310002326965,0.44892589934170246
20260911_131106_302206,6,128,7,NM,2,30,0.6771647995337844,0.4566988004371524,0.4567316994071007
20260911_131106_302206,6,128,7,NM,2,31,0.6900426000356674,0.45436879992485046,0.45441339910030365
20260911_131106_302206,6,128,7,NM,2,32,0.6918556997552514,0.44170570001006126,0.4417380001395941
20260911_131106_302206,6,128,7,NM,2,33,0.6868358002975583,0.44506669975817204,0.4450995996594429
20260911_131106_302206,6,128,7,NM,2,34,0.7291472004726529,0.4590854998677969,0.459132700227201
20260911_131106_302206,6,128,7,NM,2,35,0.7280617002397776,0.4498912999406457,0.44992229994386435
20260911_131106_302206,6,128,7,NM,2,36,0.7016871999949217,0.4517467999830842,0.45177820045500994
20260911_131106_302206,6,128,7,NM,2,37,0.6836628997698426,0.4548295000568032,0.4548712996765971
20260911_131106_302206,6,128,7,NM,2,38,0.6952138002961874,0.4452121006324887,0.44524440076202154
20260911_131106_302206,6,128,7,NM,2,39,0.6949409004300833,0.44698380026966333,0.4470164002850652
20260911_131106_302206,6,128,7,NM,2,40,0.7217431999742985,0.5004563005641103,0.5004933997988701
20260911_131106_302206,6,128,7,NM,2,41,0.7729957001283765,0.46300720050930977,0.4630477000027895
20260911_131106_302206,6,128,7,NM,2,42,0.7109302999451756,0.44703759998083115,0.44706880021840334
20260911_131106_302206,6,128,7,NM,2,43,0.6892055002972484,0.46319769974797964,0.46323230024427176
20260911_131106_302206,6,128,7,NM,2,44,0.6841454999521375,0.44532479997724295,0.4453652994707227
20260911_131106_302206,6,128,7,NM,2,45,0.6910977996885777,0.4609374003484845,0.4609690997749567
20260911_131106_302206,6,128,7,NM,2,46,0.6992081003263593,0.4470752999186516,0.4471080992370844
20260911_131106_302206,6,128,7,NM,2,47,0.6960121002048254,0.43043919932097197,0.43047080002725124
20260911_131106_302206,6,128,7,NM,2,48,0.6762669999152422,0.4502801997587085,0.45031300000846386
20260911_131106_302206,6,128,7,NM,2,49,0.6925876997411251,0.4506962997838855,0.45072910003364086
20260911_131106_302206,6,128,7,NM,2,50,0.699851100333035,0.44900340028107166,0.4490484995767474
20260911_131106_302206,6,128,7,NM,2,51,0.687227800488472,0.4416255997493863,0.4416578998789191
20260911_131106_302206,6,128,7,NM,2,52,0.67876229993999,0.4422476002946496,0.44228219985961914
20260911_131106_302206,6,128,7,NM,2,53,0.6793235996738076,0.45511059928685427,0.4551432002335787
20260911_131106_302206,6,128,7,NM,2,54,0.6951637007296085,0.4642324000597,0.4642641004174948
20260911_131106_302206,6,128,7,NM,2,55,0.7394437994807959,0.4798678997904062,0.47990289982408285
20260911_131106_302206,6,128,7,NM,2,56,0.7523651998490095,0.4885461004450917,0.48860309924930334
20260911_131106_302206,6,128,7,NM,2,57,0.7223657006397843,0.46742150001227856,0.46745309978723526
20260911_131106_302206,6,128,7,NM,2,58,0.6750990003347397,0.4659502999857068,0.4659849004819989
20260911_131106_302206,6,128,7,NM,2,59,0.6924866000190377,0.45132629945874214,0.4513571998104453
20260911_131106_302206,6,128,7,NM,2,60,0.6931678000837564,0.4458689000457525,0.4459049003198743
20260911_131106_302206,6,128,7,NM,2,61,0.6829407000914216,0.4520733002573252,0.45210700016468763
20260911_131106_302206,6,128,7,NM,2,62,0.7030468005686998,0.4501066002994776,0.45013860054314137
20260911_131106_302206,6,128,7,NM,2,63,0.6932485001161695,0.45315090008080006,0.4531835997477174
20260911_131106_302206,6,128,7,NM,2,64,0.7199404994025826,0.4583593001589179,0.45839229971170425
20260911_131106_302206,6,128,7,NM,2,65,0.6964565999805927,0.4530189000070095,0.45305060036480427
20260911_131106_302206,6,128,7,NM,2,66,0.6770573006942868,0.44918410014361143,0.44921529944986105
20260911_131106_302206,6,128,7,NM,2,67,0.7567633995786309,0.4640504000708461,0.4640865009278059
20260911_131106_302206,6,128,7,NM,2,68,0.7137372996658087,0.4528612997382879,0.4529141001403332
20260911_131106_302206,6,128,7,NM,2,69,0.6924633998423815,0.4499466000124812,0.44997729919850826
20260911_131106_302206,6,128,7,NM,2,70,0.6940916003659368,0.44769970048218966,0.4477327996864915
20260911_131106_302206,6,128,7,NM,2,71,0.6830113008618355,0.45208869967609644,0.45212019979953766
20260911_131106_302206,6,128,7,NM,2,72,0.7541636005043983,0.5110408002510667,0.5110929999500513
20260911_131106_302206,6,128,7,NM,2,73,0.7366273999214172,0.4830423006787896,0.4830775996670127
20260911_131106_302206,6,128,7,NM,2,74,0.6782673001289368,0.4445274006575346,0.44455999974161386
20260911_131106_302206,6,128,7,NM,2,75,0.6798012992367148,0.45664010010659695,0.4566719997674227
20260911_131106_302206,6,128,7,NM,2,76,0.6865375004708767,0.45467890053987503,0.45471050031483173
20260911_131106_302206,6,128,7,NM,2,77,0.6894875997677445,0.45720669999718666,0.45723989978432655
20260911_131106_302206,6,128,7,NM,2,78,0.7072131000459194,0.4490710999816656,0.4491015998646617
20260911_131106_302206,6,128,7,NM,2,79,0.6914236005395651,0.43924919981509447,0.4392814002931118
20260911_131106_302206,6,128,7,NM,2,80,0.6938608000054955,0.45291970018297434,0.45295159984380007
20260911_131106_302206,6,128,7,NM,2,81,0.6883372003212571,0.4463809998705983,0.4464187007397413
20260911_131106_302206,6,128,7,NM,2,82,0.6849097004160285,0.44813880044966936,0.44817059952765703
20260911_131106_302206,6,128,7,NM,2,83,0.6852339003235102,0.4541077995672822,0.45413920003920794
20260911_131106_302206,6,128,7,NM,2,84,0.6928015006706119,0.4536755997687578,0.45370739977806807
20260911_131106_302206,6,128,7,NM,2,85,0.6880203997716308,0.4580488000065088,0.45808149967342615
20260911_131106_302206,6,128,7,NM,2,86,0.6936857998371124,0.4472102001309395,0.44724230002611876
20260911_131106_302206,6,128,7,NM,2,87,0.6790621001273394,0.45906579960137606,0.45910700038075447
20260911_131106_302206,6,128,7,NM,2,88,0.6912744008004665,0.4575232993811369,0.4575562998652458
20260911_131106_302206,6,128,7,NM,2,89,0.6892125997692347,0.45367169938981533,0.45370309986174107
20260911_131106_302206,6,128,7,NM,2,90,0.6851247996091843,0.4609231995418668,0.460954699665308
20260911_131106_302206,6,128,7,NM,2,91,0.6794338999316096,0.45724380016326904,0.45727649983018637
20260911_131106_302206,6,128,7,NM,2,92,0.7003871006891131,0.45031309965997934,0.4503561006858945
20260911_131106_302206,6,128,7,NM,2,93,0.6883206004276872,0.45300380047410727,0.45303549990057945
20260911_131106_302206,6,128,7,NM,2,94,0.6909970007836819,0.4509477997198701,0.4509797999635339
20260911_131106_302206,6,128,7,NM,2,95,0.6978110997006297,0.4524897001683712,0.45252070017158985
20260911_131106_302206,6,128,7,NM,2,96,0.6924203997477889,0.4516322994604707,0.45166540052741766
20260911_131106_302206,6,128,7,NM,2,97,0.6970710000023246,0.4556463994085789,0.4556957995519042
20260911_131106_302206,6,128,7,NM,2,98,0.7077307999134064,0.4581724004819989,0.4582056999206543
20260911_131106_302206,6,128,7,NM,2,99,0.6958438996225595,0.44840569980442524,0.44843760039657354
20260911_131106_302206,6,128,7,NM,2,100,0.7011408004909754,0.44401559978723526,0.4440650995820761
20260911_131106_302206,6,128,7,NM,2,101,0.6883415002375841,0.4477764992043376,0.44780940003693104
20260911_131106_302206,6,128,7,NM,2,102,0.6987887006253004,0.45478729996830225,0.45481960009783506
20260911_131106_302206,6,128,7,NM,2,103,0.692726700566709,0.44608800020068884,0.4461185997352004
20260911_131106_302206,6,128,7,NM,2,104,0.6823759991675615,0.45525330025702715,0.45528499968349934
20260911_131106_302206,6,128,7,NM,2,105,0.6981357000768185,0.4533430002629757,0.453375699929893
20260911_131106_302206,6,128,7,NM,2,106,0.7344500999897718,0.45870810002088547,0.45874170027673244
20260911_131106_302206,6,128,7,NM,2,107,0.70650490000844,0.4488933999091387,0.4489248003810644
20260911_131106_302206,6,128,7,NM,2,108,0.6994889006018639,0.4516457002609968,0.4516773000359535
20260911_131106_302206,6,128,7,NM,2,109,0.698059800080955,0.4619511002674699,0.4619830995798111
20260911_131106_302206,6,128,7,NM,2,110,0.685453400015831,0.4491647994145751,0.449197200126946
20260911_131106_302206,6,128,7,NM,2,111,0.6930710999295115,0.45607579965144396,0.45611239969730377
20260911_131106_302206,6,128,7,NM,2,112,0.6979808993637562,0.448641799390316,0.448675699532032
20260911_131106_302206,6,128,7,NM,2,113,0.6927928999066353,0.4498948007822037,0.4499270999804139
20260911_131106_302206,6,128,7,NM,2,114,0.692645400762558,0.438986100256443,0.4390182998031378
20260911_131106_302206,6,128,7,NM,2,115,0.699397400021553,0.4445847002789378,0.44461590051651
20260911_131106_302206,6,128,7,NM,2,116,0.6842093002051115,0.45603400003165007,0.4560681004077196
20260911_131106_302206,6,128,7,NM,2,117,0.688570300117135,0.4529545996338129,0.45298529975116253
20260911_131106_302206,6,128,7,NM,2,118,0.6910720998421311,0.4420304000377655,0.44206060003489256
20260911_131106_302206,6,128,7,NM,2,119,0.6960546998307109,0.4662337005138397,0.4662762004882097
20260911_131106_302206,6,128,7,NM,2,120,0.7073959996923804,0.47651239950209856,0.4765450991690159
20260911_131106_302206,6,128,7,NM,2,121,0.7012872006744146,0.45315060019493103,0.4531878996640444
20260911_131106_302206,6,128,7,NM,2,122,0.7012922000139952,0.4507448999211192,0.4507746007293463
20260911_131106_302206,6,128,7,NM,2,123,0.6925972001627088,0.44131220038980246,0.4413444008678198
20260911_131106_302206,6,128,7,NM,2,124,0.6867226995527744,0.45424799993634224,0.4542878996580839
20260911_131106_302206,6,128,7,NM,2,125,0.6734071997925639,0.4670355003327131,0.4670757995918393
20260911_131106_302206,6,128,7,NM,2,126,0.7411428997293115,0.4705232996493578,0.4705541003495455
20260911_131106_302206,6,128,7,NM,2,127,0.7630399996414781,0.4631939996033907,0.46322759985923767
20260911_131106_302206,6,256,8,M,1,0,0.8283689999952912,0.4363110000267625,0.4363398998975754
20260911_131106_302206,6,256,8,M,1,1,0.8508809003978968,0.43428289983421564,0.4343103002756834
20260911_131106_302206,6,256,8,M,1,2,0.8586013000458479,0.4467421006411314,0.4467706000432372
20260911_131106_302206,6,256,8,M,1,3,0.8646630998700857,0.4531465992331505,0.4531784001737833
20260911_131106_302206,6,256,8,M,1,4,0.838468300178647,0.434693600051105,0.4347234992310405
20260911_131106_302206,6,256,8,M,1,5,0.8322842000052333,0.4171332996338606,0.41716150008141994
20260911_131106_302206,6,256,8,M,1,6,0.853138699196279,0.43197130039334297,0.432001699693501
20260911_131106_302206,6,256,8,M,1,7,0.8352419994771481,0.42672819923609495,0.4267586003988981
20260911_131106_302206,6,256,8,M,1,8,0.8303999993950129,0.4256762992590666,0.4257199000567198
20260911_131106_302206,6,256,8,M,1,9,0.8288369998335838,0.4340912001207471,0.43413079995661974
20260911_131106_302206,6,256,8,M,1,10,0.8432614002376795,0.4496494000777602,0.4496788000687957
20260911_131106_302206,6,256,8,M,1,11,0.8803659994155169,0.47456640005111694,0.4746035002171993
20260911_131106_302206,6,256,8,M,1,12,0.9123903997242451,0.4827901003882289,0.4828244000673294
20260911_131106_302206,6,256,8,M,1,13,0.8999418998137116,0.49071320053189993,0.49075010046362877
20260911_131106_302206,6,256,8,M,1,14,0.9240553006529808,0.4742589993402362,0.4742932002991438
20260911_131106_302206,6,256,8,M,1,15,0.9112189998850226,0.4696224993094802,0.46965570002794266
20260911_131106_302206,6,256,8,M,1,16,0.9014878999441862,0.47636330034583807,0.47640049923211336
20260911_131106_302206,6,256,8,M,1,17,0.9006802998483181,0.4825819991528988,0.4826178001239896
20260911_131106_302206,6,256,8,M,1,18,0.9215060006827116,0.47770959977060556,0.47774310037493706
20260911_131106_302206,6,256,8,M,1,19,0.8952571004629135,0.47084080055356026,0.47088810056447983
20260911_131106_302206,6,256,8,M,1,20,0.916801200248301,0.46637299936264753,0.4664155999198556
20260911_131106_302206,6,256,8,M,1,21,0.9116516001522541,0.46603360027074814,0.4662069994956255
20260911_131106_302206,6,256,8,M,1,22,0.9278325000777841,0.47723500058054924,0.4772707000374794
20260911_131106_302206,6,256,8,M,1,23,0.9374263994395733,0.4719019001349807,0.47195060085505247
20260911_131106_302206,6,256,8,M,1,24,0.9044182002544403,0.4879409000277519,0.48797750007361174
20260911_131106_302206,6,256,8,M,1,25,0.9239162001758814,0.46963310055434704,0.4696663999930024
20260911_131106_302206,6,256,8,M,1,26,0.8929887004196644,0.478876200504601,0.47891009971499443
20260911_131106_302206,6,256,8,M,1,27,0.9020822001621127,0.468295999802649,0.4683322003111243
20260911_131106_302206,6,256,8,M,1,28,0.9112908998504281,0.47498920001089573,0.4750244002789259
20260911_131106_302206,6,256,8,M,1,29,0.9280561003834009,0.4784164996817708,0.4784570001065731
20260911_131106_302206,6,256,8,M,1,30,0.9060730999335647,0.46341839991509914,0.46346519980579615
20260911_131106_302206,6,256,8,M,1,31,0.895304599776864,0.47752630058676004,0.47756069991737604
20260911_131106_302206,6,256,8,M,1,32,0.9162098998203874,0.4572482006624341,0.4572815001010895
20260911_131106_302206,6,256,8,M,1,33,0.8909635003656149,0.4769572000950575,0.4769941000267863
20260911_131106_302206,6,256,8,M,1,34,0.9232641998678446,0.46828300040215254,0.4683175003156066
20260911_131106_302206,6,256,8,M,1,35,0.8900822000578046,0.4732749005779624,0.47330869920551777
20260911_131106_302206,6,256,8,M,1,36,0.9073872994631529,0.4789001001045108,0.47893440071493387
20260911_131106_302206,6,256,8,M,1,37,0.8943647993728518,0.4733826005831361,0.47341750003397465
20260911_131106_302206,6,256,8,M,1,38,0.8998022004961967,0.4632890000939369,0.46332519967108965
20260911_131106_302206,6,256,8,M,1,39,0.9118194999173284,0.47583959996700287,0.47587940003722906
20260911_131106_302206,6,256,8,M,1,40,0.9206926999613643,0.4648588001728058,0.4648911999538541
20260911_131106_302206,6,256,8,M,1,41,0.8909256998449564,0.4749635998159647,0.47499650064855814
20260911_131106_302206,6,256,8,M,1,42,0.9150374997407198,0.46788410004228354,0.4679178996011615
20260911_131106_302206,6,256,8,M,1,43,0.9148760000243783,0.4742238996550441,0.4742596000432968
20260911_131106_302206,6,256,8,M,1,44,0.8889185003936291,0.46796019934117794,0.46800220012664795
20260911_131106_302206,6,256,8,M,1,45,0.9213895006105304,0.4497854998335242,0.44981859996914864
20260911_131106_302206,6,256,8,M,1,46,0.8913735998794436,0.4699023999273777,0.4700443996116519
20260911_131106_302206,6,256,8,M,1,47,0.9146843003109097,0.4612974999472499,0.46133659966289997
20260911_131106_302206,6,256,8,M,1,48,0.9174144994467497,0.461905300617218,0.4619377003982663
20260911_131106_302206,6,256,8,M,1,49,0.89833930041641,0.4724859995767474,0.47251980006694794
20260911_131106_302206,6,256,8,M,1,50,0.897465200163424,0.48363659996539354,0.4836737997829914
20260911_131106_302206,6,256,8,M,1,51,0.8805961003527045,0.4767883000895381,0.47682360000908375
20260911_131106_302206,6,256,8,M,1,52,0.9783994005993009,0.5504462001845241,0.5504911998286843
20260911_131106_302206,6,256,8,M,1,53,1.0828807996585965,0.5098047005012631,0.5098464004695415
20260911_131106_302206,6,256,8,M,1,54,0.9313864000141621,0.5564887002110481,0.5565302995964885
20260911_131106_302206,6,256,8,M,1,55,0.9579298999160528,0.4625637996941805,0.46260520070791245
20260911_131106_302206,6,256,8,M,1,56,0.8987948996946216,0.48157679941505194,0.4816120993345976
20260911_131106_302206,6,256,8,M,1,57,0.9515602998435497,0.4732417007908225,0.47327510081231594
20260911_131106_302206,6,256,8,M,1,58,0.9008009005337954,0.4999796999618411,0.5000132005661726
20260911_131106_302206,6,256,8,M,1,59,1.0092872995883226,0.48636259976774454,0.4863994996994734
20260911_131106_302206,6,256,8,M,1,60,0.9232355998829007,0.46271670050919056,0.4627588000148535
20260911_131106_302206,6,256,8,M,1,61,0.9110596999526024,0.46511750016361475,0.465166799724102
20260911_131106_302206,6,256,8,M,1,62,0.9122977005317807,0.4588108994066715,0.4588607996702194
20260911_131106_302206,6,256,8,M,1,63,0.8690742999315262,0.47128239925950766,0.4713163999840617
20260911_131106_302206,6,256,8,M,1,64,0.902305600233376,0.48149210028350353,0.4815257992595434
20260911_131106_302206,6,256,8,M,1,65,0.9279072992503643,0.4597177002578974,0.45975109934806824
20260911_131106_302206,6,256,8,M,1,66,0.9175166003406048,0.46877480018883944,0.46881879959255457
20260911_131106_302206,6,256,8,M,1,67,0.9401914002373815,0.4724860992282629,0.47251900006085634
20260911_131106_302206,6,256,8,M,1,68,0.908661300316453,0.46779160015285015,0.46782639995217323
20260911_131106_302206,6,256,8,M,1,69,0.8887283001095057,0.46085250005126,0.4608844006434083
20260911_131106_302206,6,256,8,M,1,70,0.8992667002603412,0.46119000017642975,0.46122349984943867
20260911_131106_302206,6,256,8,M,1,71,0.9294656002894044,0.4880992006510496,0.4881359999999404
20260911_131106_302206,6,256,8,M,1,72,0.909952400252223,0.47482889983803034,0.4748633997514844
20260911_131106_302206,6,256,8,M,1,73,0.9023412996903062,0.4724984997883439,0.47254110034555197
20260911_131106_302206,6,256,8,M,1,74,0.9119549999013543,0.46510460041463375,0.46513979975134134
20260911_131106_302206,6,256,8,M,1,75,0.908547299914062,0.46164049953222275,0.46167400013655424
20260911_131106_302206,6,256,8,M,1,76,0.8857497004792094,0.46939179953187704,0.4694242002442479
20260911_131106_302206,6,256,8,M,1,77,0.8933483995497227,0.4669121000915766,0.4669447001069784
20260911_131106_302206,6,256,8,M,1,78,0.9066832000389695,0.4707892006263137,0.4708226006478071
20260911_131106_302206,6,256,8,M,1,79,0.8846383998170495,0.46518689952790737,0.46522059943526983
20260911_131106_302206,6,256,8,M,1,80,0.8855763003230095,0.4792876001447439,0.4793228004127741
20260911_131106_302206,6,256,8,M,1,81,0.8989410996437073,0.4571618000045419,0.45720919966697693
20260911_131106_302206,6,256,8,M,1,82,0.8956524999812245,0.4725286001339555,0.47256159968674183
20260911_131106_302206,6,256,8,M,1,83,0.8984863003715873,0.4627477005124092,0.4627816993743181
20260911_131106_302206,6,256,8,M,1,84,0.9092798000201583,0.4564620004966855,0.4564952002838254
20260911_131106_302206,6,256,8,M,1,85,0.896586200222373,0.46985070034861565,0.46988509967923164
20260911_131106_302206,6,256,8,M,1,86,0.8808035999536514,0.4713452998548746,0.471382400020957
20260911_131106_302206,6,256,8,M,1,87,0.8925263993442059,0.4664259999990463,0.46646769996732473
20260911_131106_302206,6,256,8,M,1,88,0.9085399992763996,0.4728354001417756,0.4728803997859359
20260911_131106_302206,6,256,8,M,1,89,0.9033765001222491,0.4615583997219801,0.4615922998636961
20260911_131106_302206,6,256,8,M,1,90,0.9187714997678995,0.46961630042642355,0.46966119948774576
20260911_131106_302206,6,256,8,M,1,91,0.8974331999197602,0.4749504001811147,0.4749850006774068
20260911_131106_302206,6,256,8,M,1,92,0.9082390004768968,0.46021770033985376,0.4602565001696348
20260911_131106_302206,6,256,8,M,1,93,0.9202206004410982,0.4677333999425173,0.4677668996155262
20260911_131106_302206,6,256,8,M,1,94,0.9121198002249002,0.46136660035699606,0.4614012995734811
20260911_131106_302206,6,256,8,M,1,95,0.9202660992741585,0.4741282993927598,0.47417980059981346
20260911_131106_302206,6,256,8,M,1,96,0.9030414000153542,0.47045639995485544,0.47049159929156303
20260911_131106_302206,6,256,8,M,1,97,0.9187874002382159,0.46391990035772324,0.4639587001875043
20260911_131106_302206,6,256,8,M,1,98,0.9111704993993044,0.4606901006773114,0.460737899877131
20260911_131106_302206,6,256,8,M,1,99,0.8794976994395256,0.4706237995997071,0.47065680008381605
20260911_131106_302206,6,256,8,M,1,100,1.0217623999342322,0.4653221005573869,0.46535579953342676
20260911_131106_302206,6,256,8,M,1,101,0.9137860992923379,0.49203409999608994,0.492068599909544
20260911_131106_302206,6,256,8,M,1,102,0.9001026004552841,0.4832092998549342,0.4832530003041029
20260911_131106_302206,6,256,8,M,1,103,0.9109054999426007,0.4815355995669961,0.48156889993697405
20260911_131106_302206,6,256,8,M,1,104,0.9032813999801874,0.4595066998153925,0.4595373999327421
20260911_131106_302206,6,256,8,M,1,105,0.8824527999386191,0.4771911995485425,0.47722729947417974
20260911_131106_302206,6,256,8,M,1,106,0.9278994994238019,0.453949399292469,0.45399689953774214
20260911_131106_302206,6,256,8,M,1,107,0.8886445006355643,0.46432740055024624,0.46437619999051094
20260911_131106_302206,6,256,8,M,1,108,0.891703400760889,0.46682799980044365,0.4668718008324504
20260911_131106_302206,6,256,8,M,1,109,0.8953671008348465,0.479925399646163,0.479959100484848
20260911_131106_302206,6,256,8,M,1,110,0.9073676001280546,0.4727956000715494,0.47283240035176277
20260911_131106_302206,6,256,8,M,1,111,0.9088192004710436,0.46422410011291504,0.46426619961857796
20260911_131106_302206,6,256,8,M,1,112,0.9033143995329738,0.4750143000856042,0.47504840046167374
20260911_131106_302206,6,256,8,M,1,113,0.9029451999813318,0.46474730037152767,0.46479140035808086
20260911_131106_302206,6,256,8,M,1,114,0.908700100146234,0.45725620072335005,0.4572990005835891
20260911_131106_302206,6,256,8,M,1,115,0.8951979000121355,0.45989840012043715,0.4599328003823757
20260911_131106_302206,6,256,8,M,1,116,0.9108389001339674,0.46474479977041483,0.4647792996838689
20260911_131106_302206,6,256,8,M,1,117,0.9061741000041366,0.462856899946928,0.46288920007646084
20260911_131106_302206,6,256,8,M,1,118,0.8911608997732401,0.4731903001666069,0.47322440054267645
20260911_131106_302206,6,256,8,M,1,119,0.9212687006220222,0.47554950043559074,0.475585600361228
20260911_131106_302206,6,256,8,M,1,120,0.9068161994218826,0.4567096000537276,0.4567424999549985
20260911_131106_302206,6,256,8,M,1,121,0.9139157999306917,0.45870860014110804,0.4587411005049944
20260911_131106_302206,6,256,8,M,1,122,0.905391700565815,0.4682067995890975,0.46824089996516705
20260911_131106_302206,6,256,8,M,1,123,0.8913671001791954,0.4702538996934891,0.4702885998412967
20260911_131106_302206,6,256,8,M,1,124,0.9128765994682908,0.45966949965804815,0.45970300026237965
20260911_131106_302206,6,256,8,M,1,125,0.8782261004671454,0.47663949988782406,0.4766721995547414
20260911_131106_302206,6,256,8,M,1,126,0.928664400242269,0.45823160000145435,0.4583885995671153
20260911_131106_302206,6,256,8,M,1,127,0.871752000413835,0.470843099988997,0.47087679989635944
20260911_131106_302206,6,256,8,M,1,128,0.8868271000683308,0.48641000036150217,0.4864446995779872
20260911_131106_302206,6,256,8,M,1,129,0.9076145002618432,0.4729989003390074,0.4730350002646446
20260911_131106_302206,6,256,8,M,1,130,0.9188153995200992,0.47813249938189983,0.4781660996377468
20260911_131106_302206,6,256,8,M,1,131,0.8909573005512357,0.4783771000802517,0.47841669991612434
20260911_131106_302206,6,256,8,M,1,132,0.8965633008629084,0.4752364996820688,0.47527349926531315
20260911_131106_302206,6,256,8,M,1,133,0.9085404006764293,0.47678500041365623,0.47681690007448196
20260911_131106_302206,6,256,8,M,1,134,0.9463406996801496,0.48012719955295324,0.4801620999351144
20260911_131106_302206,6,256,8,M,1,135,0.8848157003521919,0.46512070018798113,0.46515429951250553
20260911_131106_302206,6,256,8,M,1,136,0.906883199699223,0.4880537996068597,0.48809759970754385
20260911_131106_302206,6,256,8,M,1,137,0.9298345996066928,0.45408650022000074,0.4541198993101716
20260911_131106_302206,6,256,8,M,1,138,0.9052879000082612,0.47551980055868626,0.4755533002316952
20260911_131106_302206,6,256,8,M,1,139,0.8847463000565767,0.4682519994676113,0.46828729938715696
20260911_131106_302206,6,256,8,M,1,140,0.8986368998885155,0.46685490012168884,0.4668904999271035
20260911_131106_302206,6,256,8,M,1,141,0.9140699999406934,0.4647190999239683,0.46475169993937016
20260911_131106_302206,6,256,8,M,1,142,0.8928121998906136,0.4788953997194767,0.4789286991581321
20260911_131106_302206,6,256,8,M,1,143,0.8761136000975966,0.4663495998829603,0.46638489980250597
20260911_131106_302206,6,256,8,M,1,144,0.9026292003691196,0.48452100064605474,0.4845540001988411
20260911_131106_302206,6,256,8,M,1,145,0.9044386995956302,0.47933150082826614,0.47936470061540604
20260911_131106_302206,6,256,8,M,1,146,0.981725400313735,0.47448210045695305,0.474528600461781
20260911_131106_302206,6,256,8,M,1,147,0.9073406001552939,0.4712256006896496,0.4712669998407364
20260911_131106_302206,6,256,8,M,1,148,0.9234208995476365,0.46945400070399046,0.4694865997880697
20260911_131106_302206,6,256,8,M,1,149,0.8895915998145938,0.48327380046248436,0.48330659978091717
20260911_131106_302206,6,256,8,M,1,150,0.9182200003415346,0.45921759959310293,0.4592575002461672
20260911_131106_302206,6,256,8,M,1,151,0.8895445996895432,0.4926348999142647,0.4926706999540329
20260911_131106_302206,6,256,8,M,1,152,0.8967048991471529,0.504538900218904,0.5045720003545284
20260911_131106_302206,6,256,8,M,1,153,0.9132171999663115,0.47145310044288635,0.4714858001098037
20260911_131106_302206,6,256,8,M,1,154,0.8984569003805518,0.468329600058496,0.46836249995976686
20260911_131106_302206,6,256,8,M,1,155,0.9137696996331215,0.45387289952486753,0.4539108006283641
20260911_131106_302206,6,256,8,M,1,156,0.9349215002730489,0.509009599685669,0.5090461000800133
20260911_131106_302206,6,256,8,M,1,157,0.9400319000706077,0.49827570002526045,0.4983091000467539
20260911_131106_302206,6,256,8,M,1,158,1.0317190000787377,0.5289920996874571,0.5290262000635266
20260911_131106_302206,6,256,8,M,1,159,1.0201186994090676,0.5028739999979734,0.5029333001002669
20260911_131106_302206,6,256,8,M,1,160,0.9806230999529362,0.49853420071303844,0.4985690005123615
20260911_131106_302206,6,256,8,M,1,161,0.9355022003874183,0.48088440019637346,0.4809174994006753
20260911_131106_302206,6,256,8,M,1,162,0.9555732998996973,0.47979519981890917,0.47982870042324066
20260911_131106_302206,6,256,8,M,1,163,0.9317396003752947,0.46434220019727945,0.46438429970294237
20260911_131106_302206,6,256,8,M,1,164,0.9366811998188496,0.47536979988217354,0.4754042001441121
20260911_131106_302206,6,256,8,M,1,165,0.925072499550879,0.4731408003717661,0.47317299991846085
20260911_131106_302206,6,256,8,M,1,166,0.8882540995255113,0.4657335998490453,0.4657681006938219
20260911_131106_302206,6,256,8,M,1,167,0.8920263005420566,0.4680245006456971,0.46806029975414276
20260911_131106_302206,6,256,8,M,1,168,0.8815251998603344,0.46879510022699833,0.4688291996717453
20260911_131106_302206,6,256,8,M,1,169,0.9085615994408727,0.4858756000176072,0.4859092999249697
20260911_131106_302206,6,256,8,M,1,170,0.8835049998015165,0.46680939942598343,0.4668434001505375
20260911_131106_302206,6,256,8,M,1,171,0.9199440004304051,0.4691437007859349,0.46917490009218454
20260911_131106_302206,6,256,8,M,1,172,0.8893082002177835,0.47374780010432005,0.47378299944102764
20260911_131106_302206,6,256,8,M,1,173,0.8887294000014663,0.4795442000031471,0.47957799956202507
20260911_131106_302206,6,256,8,M,1,174,0.9140160996466875,0.4624786004424095,0.46251279953867197
20260911_131106_302206,6,256,8,M,1,175,0.9033647002652287,0.468987500295043,0.46902310010045767
20260911_131106_302206,6,256,8,M,1,176,0.893129900097847,0.46160999964922667,0.4616449996829033
20260911_131106_302206,6,256,8,M,1,177,0.9088262999430299,0.47627640049904585,0.47632279992103577
20260911_131106_302206,6,256,8,M,1,178,0.8903666995465755,0.4577452000230551,0.45778779964894056
20260911_131106_302206,6,256,8,M,1,179,0.9018671000376344,0.46839950047433376,0.46843559946864843
20260911_131106_302206,6,256,8,M,1,180,0.8933097999542952,0.47740809991955757,0.47744360007345676
20260911_131106_302206,6,256,8,M,1,181,0.8807945000007749,0.48080410063266754,0.4808387001976371
20260911_131106_302206,6,256,8,M,1,182,0.9059217004105449,0.47668120078742504,0.4767317995429039
20260911_131106_302206,6,256,8,M,1,183,0.9189742999151349,0.46238960046321154,0.4624413000419736
20260911_131106_302206,6,256,8,M,1,184,0.8782434994354844,0.4756627008318901,0.4758588997647166
20260911_131106_302206,6,256,8,M,1,185,0.9328264994546771,0.4742362992838025,0.4742713002488017
20260911_131106_302206,6,256,8,M,1,186,0.9194386005401611,0.45450969971716404,0.4545414997264743
20260911_131106_302206,6,256,8,M,1,187,0.9010888999328017,0.4703224999830127,0.47035530023276806
20260911_131106_302206,6,256,8,M,1,188,0.9047751994803548,0.4572505997493863,0.4572833999991417
20260911_131106_302206,6,256,8,M,1,189,0.8805285999551415,0.48600179981440306,0.48603589925915003
20260911_131106_302206,6,256,8,M,1,190,0.9423217000439763,0.5349233997985721,0.5349594997242093
20260911_131106_302206,6,256,8,M,1,191,0.9241972006857395,0.4831039998680353,0.48325719963759184
20260911_131106_302206,6,256,8,M,1,192,0.9045227002352476,0.47613929957151413,0.4761779000982642
20260911_131106_302206,6,256,8,M,1,193,0.9376167999580503,0.457778699696064,0.4578126007691026
20260911_131106_302206,6,256,8,M,1,194,0.8842068994417787,0.4831071998924017,0.48313970025628805
20260911_131106_302206,6,256,8,M,1,195,0.889614399522543,0.4766971003264189,0.47673049941658974
20260911_131106_302206,6,256,8,M,1,196,0.9191603995859623,0.4455442000180483,0.44557750038802624
20260911_131106_302206,6,256,8,M,1,197,0.8999399999156594,0.4679594002664089,0.4679915998131037
20260911_131106_302206,6,256,8,M,1,198,0.8808207996189594,0.4835284994915128,0.4835629006847739
20260911_131106_302206,6,256,8,M,1,199,0.9068638002499938,0.46211580000817776,0.46215769927948713
20260911_131106_302206,6,256,8,M,1,200,0.8854563003405929,0.5120892003178596,0.5121240001171827
20260911_131106_302206,6,256,8,M,1,201,0.9974532006308436,0.5098559996113181,0.5098935998976231
20260911_131106_302206,6,256,8,M,1,202,0.9843761995434761,0.5166224995627999,0.5166600001975894
20260911_131106_302206,6,256,8,M,1,203,0.9787037000060081,0.493398099206388,0.4934322005137801
20260911_131106_302206,6,256,8,M,1,204,0.9963152995333076,0.5023624999448657,0.5024103997275233
20260911_131106_302206,6,256,8,M,1,205,0.9056543996557593,0.46943159960210323,0.4694651998579502
20260911_131106_302206,6,256,8,M,1,206,0.8969497000798583,0.4683709004893899,0.46840509958565235
20260911_131106_302206,6,256,8,M,1,207,0.8947431007400155,0.47406760044395924,0.47410430014133453
20260911_131106_302206,6,256,8,M,1,208,0.8860621992498636,0.549494500271976,0.549533199518919
20260911_131106_302206,6,256,8,M,1,209,0.9722544997930527,0.49319029971957207,0.49322669953107834
20260911_131106_302206,6,256,8,M,1,210,0.8929495997726917,0.47033310029655695,0.4703668002039194
20260911_131106_302206,6,256,8,M,1,211,0.8907151995226741,0.46610959991812706,0.46614350005984306
20260911_131106_302206,6,256,8,M,1,212,0.8941499004140496,0.4786452008411288,0.47867950052022934
20260911_131106_302206,6,256,8,M,1,213,0.920133700594306,0.45941909961402416,0.45945219974964857
20260911_131106_302206,6,256,8,M,1,214,0.8942435001954436,0.47025750018656254,0.47029179986566305
20260911_131106_302206,6,256,8,M,1,215,0.8963579004630446,0.47684929985553026,0.47688329964876175
20260911_131106_302206,6,256,8,M,1,216,0.9009098000824451,0.47395090013742447,0.4739920003339648
20260911_131106_302206,6,256,8,M,1,217,0.8875986002385616,0.4709419999271631,0.4709768993780017
20260911_131106_302206,6,256,8,M,1,218,0.9281182996928692,0.4715051995590329,0.4715376002714038
20260911_131106_302206,6,256,8,M,1,219,0.9149897005409002,0.4556595999747515,0.45569099951535463
20260911_131106_302206,6,256,8,M,1,220,0.8751862999051809,0.4721798002719879,0.4722138000652194
20260911_131106_302206,6,256,8,M,1,221,0.9034558003768325,0.4758472004905343,0.4758807001635432
20260911_131106_302206,6,256,8,M,1,222,0.8861696003004909,0.465926599688828,0.4659596998244524
20260911_131106_302206,6,256,8,M,1,223,0.8844961002469063,0.4745973004028201,0.47463939990848303
20260911_131106_302206,6,256,8,M,1,224,0.9211307000368834,0.46362040005624294,0.46365390066057444
20260911_131106_302206,6,256,8,M,1,225,0.9100636001676321,0.470036699436605,0.47007100004702806
20260911_131106_302206,6,256,8,M,1,226,0.8845843998715281,0.479453899897635,0.47948830015957355
20260911_131106_302206,6,256,8,M,1,227,0.9462898997589946,0.46439369954168797,0.4644275000318885
20260911_131106_302206,6,256,8,M,1,228,0.9123099995777011,0.4664561003446579,0.46649490017443895
20260911_131106_302206,6,256,8,M,1,229,0.9204740999266505,0.46952110063284636,0.4695557998493314
20260911_131106_302206,6,256,8,M,1,230,0.9027706999331713,0.48273140005767345,0.4827640997245908
20260911_131106_302206,6,256,8,M,1,231,0.8964903000742197,0.48290229961276054,0.4829347999766469
20260911_131106_302206,6,256,8,M,1,232,0.9043421996757388,0.4804419996216893,0.4804782001301646
20260911_131106_302206,6,256,8,M,1,233,0.9114659996703267,0.4680647999048233,0.4680991005152464
20260911_131106_302206,6,256,8,M,1,234,0.8898576004430652,0.46608980000019073,0.4661261001601815
20260911_131106_302206,6,256,8,M,1,235,0.9081853004172444,0.4644390996545553,0.46447679959237576
20260911_131106_302206,6,256,8,M,1,236,0.9487761007621884,0.4803083995357156,0.4803484994918108
20260911_131106_302206,6,256,8,M,1,237,0.936115900054574,0.4599293004721403,0.4599633002653718
20260911_131106_302206,6,256,8,M,1,238,0.8845568997785449,0.47837419994175434,0.4784070001915097
20260911_131106_302206,6,256,8,M,1,239,0.9002724001184106,0.467527000233531,0.46756140049546957
20260911_131106_302206,6,256,8,M,1,240,0.8951142998412251,0.46971739921718836,0.4697503000497818
20260911_131106_302206,6,256,8,M,1,241,0.8944859001785517,0.4662568001076579,0.46629050001502037
20260911_131106_302206,6,256,8,M,1,242,0.9061425002291799,0.46329750027507544,0.46333099994808435
20260911_131106_302206,6,256,8,M,1,243,0.8937301998957992,0.46196109987795353,0.46199490036815405
20260911_131106_302206,6,256,8,M,1,244,0.9133827006444335,0.474384599365294,0.4744338998571038
20260911_131106_302206,6,256,8,M,1,245,0.9207007996737957,0.4611733993515372,0.4612137991935015
20260911_131106_302206,6,256,8,M,1,246,0.9176950994879007,0.47352589946240187,0.47356109973043203
20260911_131106_302206,6,256,8,M,1,247,0.8932391004636884,0.47492550034075975,0.4749603997915983
20260911_131106_302206,6,256,8,M,1,248,0.9037270992994308,0.46242580004036427,0.4624568996950984
20260911_131106_302206,6,256,8,M,1,249,0.8974023004993796,0.46866369992494583,0.4686972005292773
20260911_131106_302206,6,256,8,M,1,250,0.8890971001237631,0.4667349997907877,0.4667734997346997
20260911_131106_302206,6,256,8,M,1,251,0.9030636996030807,0.465862900018692,0.4658957002684474
20260911_131106_302206,6,256,8,M,1,252,0.8903180994093418,0.5613824995234609,0.5614179996773601
20260911_131106_302206,6,256,8,M,1,253,0.9704440999776125,0.47489160019904375,0.4749397998675704
20260911_131106_302206,6,256,8,M,1,254,0.8851200006902218,0.4654896995052695,0.4655341003090143
20260911_131106_302206,6,256,8,M,1,255,0.8870707005262375,0.4779941001906991,0.4780291002243757
20260911_131106_302206,6,256,8,NM,2,0,0.7176526002585888,0.452955299988389,0.4529873998835683
20260911_131106_302206,6,256,8,NM,2,1,0.6889497004449368,0.44974249973893166,0.4497758001089096
20260911_131106_302206,6,256,8,NM,2,2,0.6874744994565845,0.4518485004082322,0.4518793998286128
20260911_131106_302206,6,256,8,NM,2,3,0.6870544999837875,0.4453640002757311,0.44539379980415106
20260911_131106_302206,6,256,8,NM,2,4,0.6850964995101094,0.44823949970304966,0.4482717998325825
20260911_131106_302206,6,256,8,NM,2,5,0.6842731004580855,0.4507571002468467,0.4507882995530963
20260911_131106_302206,6,256,8,NM,2,6,0.6831189002841711,0.45299219992011786,0.45302420016378164
20260911_131106_302206,6,256,8,NM,2,7,0.7273359997197986,0.4653426008298993,0.4653765996918082
20260911_131106_302206,6,256,8,NM,2,8,0.7232942003756762,0.4444689005613327,0.4445107998326421
20260911_131106_302206,6,256,8,NM,2,9,0.6899477001279593,0.4531616996973753,0.45319429971277714
20260911_131106_302206,6,256,8,NM,2,10,0.6802778001874685,0.45790710020810366,0.4579513007774949
20260911_131106_302206,6,256,8,NM,2,11,0.694344500079751,0.4479016000404954,0.44794119987636805
20260911_131106_302206,6,256,8,NM,2,12,0.6823205007240176,0.44426599983125925,0.4443012000992894
20260911_131106_302206,6,256,8,NM,2,13,0.6825933000072837,0.4542108001187444,0.45424419920891523
20260911_131106_302206,6,256,8,NM,2,14,0.6975726000964642,0.4570431997999549,0.45707529969513416
20260911_131106_302206,6,256,8,NM,2,15,0.6941694999113679,0.4575954005122185,0.4576273001730442
20260911_131106_302206,6,256,8,NM,2,16,0.7078994000330567,0.45216519944369793,0.4521973002701998
20260911_131106_302206,6,256,8,NM,2,17,0.6888272995129228,0.4508093008771539,0.4508397001773119
20260911_131106_302206,6,256,8,NM,2,18,0.7132295994088054,0.4632535995915532,0.46328689996153116
20260911_131106_302206,6,256,8,NM,2,19,0.6888581002131104,0.4557849997654557,0.4558165995404124
20260911_131106_302206,6,256,8,NM,2,20,0.6931384997442365,0.4474382000043988,0.4474702002480626
20260911_131106_302206,6,256,8,NM,2,21,0.682120899669826,0.4532409003004432,0.453286100178957
20260911_131106_302206,6,256,8,NM,2,22,0.7043979996815324,0.4600884998217225,0.46012189984321594
20260911_131106_302206,6,256,8,NM,2,23,0.7108842004090548,0.4501462997868657,0.45017849933356047
20260911_131106_302206,6,256,8,NM,2,24,0.6807047994807363,0.46307049971073866,0.46311649959534407
20260911_131106_302206,6,256,8,NM,2,25,0.6792059000581503,0.4526207000017166,0.4526522997766733
20260911_131106_302206,6,256,8,NM,2,26,0.6927913995459676,0.45058680046349764,0.45061840023845434
20260911_131106_302206,6,256,8,NM,2,27,0.6894046999514103,0.44675139989703894,0.4467878006398678
20260911_131106_302206,6,256,8,NM,2,28,0.6888238005340099,0.4511966994032264,0.45123150013387203
20260911_131106_302206,6,256,8,NM,2,29,0.6988059999421239,0.44662960059940815,0.4466763995587826
20260911_131106_302206,6,256,8,NM,2,30,0.7238742001354694,0.5091621000319719,0.509200899861753
20260911_131106_302206,6,256,8,NM,2,31,0.7493861997500062,0.4594016997143626,0.4594349004328251
20260911_131106_302206,6,256,8,NM,2,32,0.6984091000631452,0.4652182003483176,0.465250700712204
20260911_131106_302206,6,256,8,NM,2,33,0.7072400003671646,0.4853913998231292,0.4854274997487664
20260911_131106_302206,6,256,8,NM,2,34,0.6970513006672263,0.46729409974068403,0.46732790023088455
20260911_131106_302206,6,256,8,NM,2,35,0.6832568002864718,0.43453480023890734,0.4345670994371176
20260911_131106_302206,6,256,8,NM,2,36,0.6932570999488235,0.44544910080730915,0.44548469968140125
20260911_131106_302206,6,256,8,NM,2,37,0.6992681995034218,0.44828350003808737,0.4483149005100131
20260911_131106_302206,6,256,8,NM,2,38,0.6734068999066949,0.45424799993634224,0.4542813003063202
20260911_131106_302206,6,256,8,NM,2,39,0.700009299442172,0.44808779936283827,0.4481262005865574
20260911_131106_302206,6,256,8,NM,2,40,0.7011246997863054,0.4512799996882677,0.45131990034133196
20260911_131106_302206,6,256,8,NM,2,41,0.6847200002521276,0.4580474002286792,0.45807950012385845
20260911_131106_302206,6,256,8,NM,2,42,0.686752200126648,0.4513151003047824,0.45135300047695637
20260911_131106_302206,6,256,8,NM,2,43,0.6836442993953824,0.4538753004744649,0.45390820037573576
20260911_131106_302206,6,256,8,NM,2,44,0.6962699992582202,0.4572023004293442,0.4572481997311115
20260911_131106_302206,6,256,8,NM,2,45,0.6836862005293369,0.4511597007513046,0.45119160041213036
20260911_131106_302206,6,256,8,NM,2,46,0.6932598995044827,0.44806320033967495,0.44809569977223873
20260911_131106_302206,6,256,8,NM,2,47,0.7404793007299304,0.4624747997149825,0.4625074006617069
20260911_131106_302206,6,256,8,NM,2,48,0.7107683001086116,0.4503670996055007,0.4504103995859623
20260911_131106_302206,6,256,8,NM,2,49,0.6825031992048025,0.4511275999248028,0.4511599997058511
20260911_131106_302206,6,256,8,NM,2,50,0.6934391995891929,0.4481507996097207,0.4481987999752164
20260911_131106_302206,6,256,8,NM,2,51,0.6816747998818755,0.4549390999600291,0.4549837000668049
20260911_131106_302206,6,256,8,NM,2,52,0.7069152006879449,0.44244989939033985,0.44248170033097267
20260911_131106_302206,6,256,8,NM,2,53,0.693775000050664,0.4462729999795556,0.4463050002232194
20260911_131106_302206,6,256,8,NM,2,54,0.6893026996403933,0.45343870017677546,0.45347039960324764
20260911_131106_302206,6,256,8,NM,2,55,0.7028460996225476,0.45352389942854643,0.45355650037527084
20260911_131106_302206,6,256,8,NM,2,56,0.7042975993826985,0.4580084001645446,0.45804719999432564
20260911_131106_302206,6,256,8,NM,2,57,0.7021497003734112,0.4526301007717848,0.4526741998270154
20260911_131106_302206,6,256,8,NM,2,58,0.6876774001866579,0.45851070061326027,0.45854279957711697
20260911_131106_302206,6,256,8,NM,2,59,0.701991000212729,0.44469880033284426,0.4447333002462983
20260911_131106_302206,6,256,8,NM,2,60,0.6772272000089288,0.4630046999081969,0.4630367998033762
20260911_131106_302206,6,256,8,NM,2,61,0.7138355998322368,0.45301910024136305,0.4530677003785968
20260911_131106_302206,6,256,8,NM,2,62,0.7024977002292871,0.4596037995070219,0.45964060071855783
20260911_131106_302206,6,256,8,NM,2,63,0.6873679999262094,0.46029920037835836,0.46033629961311817
20260911_131106_302206,6,256,8,NM,2,64,0.6759120998904109,0.4559648996219039,0.45599779952317476
20260911_131106_302206,6,256,8,NM,2,65,0.6794774001464248,0.4585587000474334,0.4585940996184945
20260911_131106_302206,6,256,8,NM,2,66,0.6831427998840809,0.4570552008226514,0.4570915000513196
20260911_131106_302206,6,256,8,NM,2,67,0.69011199939996,0.4549516998231411,0.45498459972441196
20260911_131106_302206,6,256,8,NM,2,68,0.6923666000366211,0.45204889960587025,0.4520813003182411
20260911_131106_302206,6,256,8,NM,2,69,0.6989715993404388,0.45647190045565367,0.45651680044829845
20260911_131106_302206,6,256,8,NM,2,70,0.683011899702251,0.45766760036349297,0.4577027000486851
20260911_131106_302206,6,256,8,NM,2,71,0.6950100995600224,0.4554879004135728,0.4555214000865817
20260911_131106_302206,6,256,8,NM,2,72,0.6981973992660642,0.44632309954613447,0.4463545996695757
20260911_131106_302206,6,256,8,NM,2,73,0.6885834001004696,0.4502536002546549,0.4502937998622656
20260911_131106_302206,6,256,8,NM,2,74,0.7028442993760109,0.43537510000169277,0.43540639989078045
20260911_131106_302206,6,256,8,NM,2,75,0.6771579999476671,0.45731979981064796,0.4573519993573427
20260911_131106_302206,6,256,8,NM,2,76,0.6920269997790456,0.4612724995240569,0.46130470000207424
20260911_131106_302206,6,256,8,NM,2,77,0.6924360999837518,0.4692986998707056,0.46933180000633
20260911_131106_302206,6,256,8,NM,2,78,0.7096187993884087,0.5599788995459676,0.5600199997425079
20260911_131106_302206,6,256,8,NM,2,79,0.7488063992932439,0.4646771000698209,0.4647140000015497
20260911_131106_302206,6,256,8,NM,2,80,0.6943929996341467,0.449239999987185,0.44927170034497976
20260911_131106_302206,6,256,8,NM,2,81,0.6970589999109507,0.4482300002127886,0.44826210010796785
20260911_131106_302206,6,256,8,NM,2,82,0.6788780996575952,0.44914739951491356,0.44917939975857735
20260911_131106_302206,6,256,8,NM,2,83,0.6833370001986623,0.4592980006709695,0.4593302998691797
20260911_131106_302206,6,256,8,NM,2,84,0.6926146000623703,0.4506884999573231,0.45072169974446297
20260911_131106_302206,6,256,8,NM,2,85,0.6984032997861505,0.45542880054563284,0.4554618000984192
20260911_131106_302206,6,256,8,NM,2,86,0.686213499866426,0.44489159993827343,0.4449252998456359
20260911_131106_302206,6,256,8,NM,2,87,0.6934625003486872,0.44109900016337633,0.44113059993833303
20260911_131106_302206,6,256,8,NM,2,88,0.6961486004292965,0.4559742994606495,0.4560088999569416
20260911_131106_302206,6,256,8,NM,2,89,0.6864612996578217,0.4461728995665908,0.4462052006274462
20260911_131106_302206,6,256,8,NM,2,90,0.6893464997410774,0.45444170013070107,0.4544738996773958
20260911_131106_302206,6,256,8,NM,2,91,0.6936699002981186,0.4594442006200552,0.45947649981826544
20260911_131106_302206,6,256,8,NM,2,92,0.7010768996551633,0.46091930009424686,0.46095209941267967
20260911_131106_302206,6,256,8,NM,2,93,0.6922965003177524,0.45495150052011013,0.4549878006801009
20260911_131106_302206,6,256,8,NM,2,94,0.6956179002299905,0.44475110061466694,0.4447825998067856
20260911_131106_302206,6,256,8,NM,2,95,0.7003880999982357,0.44189599994570017,0.44193300046026707
20260911_131106_302206,6,256,8,NM,2,96,0.6937688002362847,0.4506478002294898,0.45068120025098324
20260911_131106_302206,6,256,8,NM,2,97,0.6993194995447993,0.45143690053373575,0.4514692993834615
20260911_131106_302206,6,256,8,NM,2,98,0.674464600160718,0.4561403999105096,0.4561727996915579
20260911_131106_302206,6,256,8,NM,2,99,0.7023204993456602,0.4570470992475748,0.4570794003084302
20260911_131106_302206,6,256,8,NM,2,100,0.6991463005542755,0.4492656998336315,0.4493073998019099
20260911_131106_302206,6,256,8,NM,2,101,0.6775948004797101,0.44994950015097857,0.44998429995030165
20260911_131106_302206,6,256,8,NM,2,102,0.6882928991690278,0.45787749998271465,0.4579121991991997
20260911_131106_302206,6,256,8,NM,2,103,0.7121616005897522,0.4633845994248986,0.46342499926686287
20260911_131106_302206,6,256,8,NM,2,104,0.6859879000112414,0.45634800009429455,0.45638039987534285
20260911_131106_302206,6,256,8,NM,2,105,0.690756400115788,0.44996090047061443,0.4499931000173092
20260911_131106_302206,6,256,8,NM,2,106,0.7026267005130649,0.44108610041439533,0.44112200010567904
20260911_131106_302206,6,256,8,NM,2,107,0.6940484000369906,0.45273050013929605,0.4527629008516669
20260911_131106_302206,6,256,8,NM,2,108,0.6864612000063062,0.45616229996085167,0.45619550067931414
20260911_131106_302206,6,256,8,NM,2,109,0.6991996001452208,0.4613715996965766,0.46140949986875057
20260911_131106_302206,6,256,8,NM,2,110,0.6938572004437447,0.45172000024467707,0.4517538007348776
20260911_131106_302206,6,256,8,NM,2,111,0.6887210998684168,0.4569533998146653,0.4569876007735729
20260911_131106_302206,6,256,8,NM,2,112,0.6849402002990246,0.45186829939484596,0.4519012998789549
20260911_131106_302206,6,256,8,NM,2,113,0.6844388004392385,0.4517557993531227,0.45178950019180775
20260911_131106_302206,6,256,8,NM,2,114,0.731334799900651,0.4535461999475956,0.4535785997286439
20260911_131106_302206,6,256,8,NM,2,115,0.6982150999829173,0.4560620002448559,0.45609490014612675
20260911_131106_302206,6,256,8,NM,2,116,0.6865162998437881,0.4507635999470949,0.45079510007053614
20260911_131106_302206,6,256,8,NM,2,117,0.6889925999566913,0.44984730053693056,0.4498780993744731
20260911_131106_302206,6,256,8,NM,2,118,0.6848750999197364,0.45164240058511496,0.45167490001767874
20260911_131106_302206,6,256,8,NM,2,119,0.704067500308156,0.4434034004807472,0.44345289934426546
20260911_131106_302206,6,256,8,NM,2,120,0.6878250995650887,0.44725160021334887,0.4472842998802662
20260911_131106_302206,6,256,8,NM,2,121,0.6914751995354891,0.45054039917886257,0.4505722001194954
20260911_131106_302206,6,256,8,NM,2,122,0.6768049001693726,0.45743609964847565,0.45746920071542263
20260911_131106_302206,6,256,8,NM,2,123,0.6988727999851108,0.45313569996505976,0.4531698999926448
20260911_131106_302206,6,256,8,NM,2,124,0.7053431002423167,0.4585843002423644,0.4586178995668888
20260911_131106_302206,6,256,8,NM,2,125,0.7130030998960137,0.4485879000276327,0.4486226998269558
20260911_131106_302206,6,256,8,NM,2,126,0.6844712002202868,0.4487154996022582,0.4487487003207207
20260911_131106_302206,6,256,8,NM,2,127,0.6945103006437421,0.4518122998997569,0.4518435001373291
20260911_131106_302206,6,256,8,NM,2,128,0.684481400065124,0.45025420002639294,0.45029089972376823
20260911_131106_302206,6,256,8,NM,2,129,0.6885265000164509,0.4362196996808052,0.4362794002518058
20260911_131106_302206,6,256,8,NM,2,130,0.6899455999955535,0.4525637999176979,0.45262510050088167
20260911_131106_302206,6,256,8,NM,2,131,0.7014111997559667,0.45595640037208796,0.455999200232327
20260911_131106_302206,6,256,8,NM,2,132,0.6817795997485518,0.4512901995331049,0.4513280000537634
20260911_131106_302206,6,256,8,NM,2,133,0.684141599573195,0.45736429933458567,0.45739639922976494
20260911_131106_302206,6,256,8,NM,2,134,0.6979049006476998,0.45103280059993267,0.45106489956378937
20260911_131106_302206,6,256,8,NM,2,135,0.6930702002719045,0.45384550001472235,0.4538773000240326
20260911_131106_302206,6,256,8,NM,2,136,0.7209339998662472,0.45011170022189617,0.4501455007120967
20260911_131106_302206,6,256,8,NM,2,137,0.7003750996664166,0.44925339985638857,0.4492896003648639
20260911_131106_302206,6,256,8,NM,2,138,0.6922302003949881,0.4544260995462537,0.4544590003788471
20260911_131106_302206,6,256,8,NM,2,139,0.6974881002679467,0.44959659967571497,0.449630000628531
20260911_131106_302206,6,256,8,NM,2,140,0.6891560005024076,0.45296730007976294,0.4529993003234267
20260911_131106_302206,6,256,8,NM,2,141,0.690319400280714,0.4494783002883196,0.4495109999552369
20260911_131106_302206,6,256,8,NM,2,142,0.6938852006569505,0.45133010018616915,0.4513619998469949
20260911_131106_302206,6,256,8,NM,2,143,0.6894482998177409,0.4524585008621216,0.4524913998320699
20260911_131106_302206,6,256,8,NM,2,144,0.6909324005246162,0.4568716995418072,0.45690529979765415
20260911_131106_302206,6,256,8,NM,2,145,0.7018141001462936,0.45396019984036684,0.4539918005466461
20260911_131106_302206,6,256,8,NM,2,146,0.6855622995644808,0.45078600011765957,0.450819899328053
20260911_131106_302206,6,256,8,NM,2,147,0.7109300997108221,0.45494410023093224,0.45497720036655664
20260911_131106_302206,6,256,8,NM,2,148,0.6997646000236273,0.4467005003243685,0.4467324996367097
20260911_131106_302206,6,256,8,NM,2,149,0.6961318999528885,0.45467180013656616,0.45470310002565384
20260911_131106_302206,6,256,8,NM,2,150,0.6934155002236366,0.4534025005996227,0.453447800129652
20260911_131106_302206,6,256,8,NM,2,151,0.6815527994185686,0.44881390035152435,0.44884550012648106
20260911_131106_302206,6,256,8,NM,2,152,0.686451000161469,0.4572805995121598,0.4573157001286745
20260911_131106_302206,6,256,8,NM,2,153,0.6845938004553318,0.45521080028265715,0.45524279959499836
20260911_131106_302206,6,256,8,NM,2,154,0.689635599963367,0.4538775999099016,0.4539099996909499
20260911_131106_302206,6,256,8,NM,2,155,0.6853222995996475,0.45685419999063015,0.45688739977777004
20260911_131106_302206,6,256,8,NM,2,156,0.6949805999174714,0.44748019985854626,0.44756019953638315
20260911_131106_302206,6,256,8,NM,2,157,0.6899867001920938,0.45238150004297495,0.452424299903214
20260911_131106_302206,6,256,8,NM,2,158,0.7444948004558682,0.4501860002055764,0.45021719951182604
20260911_131106_302206,6,256,8,NM,2,159,0.6947026001289487,0.46030580066144466,0.460347100161016
20260911_131106_302206,6,256,8,NM,2,160,0.6913009006530046,0.4469508994370699,0.4469836000353098
20260911_131106_302206,6,256,8,NM,2,161,0.6814007004722953,0.45119170006364584,0.451235200278461
20260911_131106_302206,6,256,8,NM,2,162,0.7555815996602178,0.47585139982402325,0.475887100212276
20260911_131106_302206,6,256,8,NM,2,163,0.7727225003764033,0.46673240046948195,0.4667809000238776
20260911_131106_302206,6,256,8,NM,2,164,0.7045951997861266,0.4551957994699478,0.45523509941995144
20260911_131106_302206,6,256,8,NM,2,165,0.7169320993125439,0.46140949986875057,0.46144430059939623
20260911_131106_302206,6,256,8,NM,2,166,0.7118290001526475,0.45381220057606697,0.4538604002445936
20260911_131106_302206,6,256,8,NM,2,167,0.7078694002702832,0.4444760996848345,0.44450979959219694
20260911_131106_302206,6,256,8,NM,2,168,0.7110005002468824,0.4511029003188014,0.4511356996372342
20260911_131106_302206,6,256,8,NM,2,169,0.6937391003593802,0.443414400331676,0.4434643005952239
20260911_131106_302206,6,256,8,NM,2,170,0.689784100279212,0.45020500011742115,0.45023610070347786
20260911_131106_302206,6,256,8,NM,2,171,0.6952365003526211,0.4516030000522733,0.45163550041615963
20260911_131106_302206,6,256,8,NM,2,172,0.6859753001481295,0.4571660999208689,0.4572029998525977
20260911_131106_302206,6,256,8,NM,2,173,0.69845059979707,0.45123849995434284,0.4512705998495221
20260911_131106_302206,6,256,8,NM,2,174,0.6924868002533913,0.4467078000307083,0.44674049969762564
20260911_131106_302206,6,256,8,NM,2,175,0.6931494008749723,0.44708439987152815,0.4471161998808384
20260911_131106_302206,6,256,8,NM,2,176,0.6995820002630353,0.45643259957432747,0.4564824001863599
20260911_131106_302206,6,256,8,NM,2,177,0.6915142005309463,0.4505788004025817,0.4506104001775384
20260911_131106_302206,6,256,8,NM,2,178,0.7047267993912101,0.47154049947857857,0.47157280053943396
20260911_131106_302206,6,256,8,NM,2,179,0.7101425994187593,0.4413839001208544,0.44141609966754913
20260911_131106_302206,6,256,8,NM,2,180,0.6907708998769522,0.4416123004630208,0.44164520036429167
20260911_131106_302206,6,256,8,NM,2,181,0.6871798997744918,0.4472358003258705,0.4472757996991277
20260911_131106_302206,6,256,8,NM,2,182,0.6847444996237755,0.44562549982219934,0.4456580998376012
20260911_131106_302206,6,256,8,NM,2,183,0.6855290001258254,0.45451360009610653,0.45456340070813894
20260911_131106_302206,6,256,8,NM,2,184,0.6723814001306891,0.45293369982391596,0.4529650993645191
20260911_131106_302206,6,256,8,NM,2,185,0.6898157000541687,0.4594376999884844,0.4594732001423836
20260911_131106_302206,6,256,8,NM,2,186,0.6976351998746395,0.44840259943157434,0.44844269938766956
20260911_131106_302206,6,256,8,NM,2,187,0.6840206002816558,0.4493060000240803,0.4493387006223202
20260911_131106_302206,6,256,8,NM,2,188,0.7112808004021645,0.4521649992093444,0.4521960997954011
20260911_131106_302206,6,256,8,NM,2,189,0.6933679999783635,0.45800589956343174,0.45803890004754066
20260911_131106_302206,6,256,8,NM,2,190,0.6994273997843266,0.45221859961748123,0.4522509006783366
20260911_131106_302206,6,256,8,NM,2,191,0.6859194999560714,0.45632580015808344,0.4563576001673937
20260911_131106_302206,6,256,8,NM,2,192,0.6892341002821922,0.45188309997320175,0.4519164999946952
20260911_131106_302206,6,256,8,NM,2,193,0.6782407006248832,0.46300720050930977,0.4630403993651271
20260911_131106_302206,6,256,8,NM,2,194,0.6935841999948025,0.44790290016680956,0.447936600074172
20260911_131106_302206,6,256,8,NM,2,195,0.6784733003005385,0.43883309978991747,0.43887449987232685
20260911_131106_302206,6,256,8,NM,2,196,0.7333645997568965,0.47153420001268387,0.471569100394845
20260911_131106_302206,6,256,8,NM,2,197,0.6887357998639345,0.44933650083839893,0.4493703003972769
20260911_131106_302206,6,256,8,NM,2,198,0.6904835002496839,0.4584431992843747,0.45847899932414293
20260911_131106_302206,6,256,8,NM,2,199,0.6953055998310447,0.4596942001953721,0.45972799975425005
20260911_131106_302206,6,256,8,NM,2,200,0.6983939995989203,0.4486974999308586,0.4487317996099591
20260911_131106_302206,6,256,8,NM,2,201,0.6878874003887177,0.4466254999861121,0.4466576995328069
20260911_131106_302206,6,256,8,NM,2,202,0.6965405000373721,0.44709090050309896,0.44713580049574375
20260911_131106_302206,6,256,8,NM,2,203,0.6913179000839591,0.4543679002672434,0.4544005002826452
20260911_131106_302206,6,256,8,NM,2,204,0.7074988000094891,0.4482770003378391,0.4483080003410578
20260911_131106_302206,6,256,8,NM,2,205,0.6816654000431299,0.46096979919821024,0.4610019000247121
20260911_131106_302206,6,256,8,NM,2,206,0.6874005999416113,0.45198880042880774,0.4520224994048476
20260911_131106_302206,6,256,8,NM,2,207,0.6911971997469664,0.4392876997590065,0.43931979965418577
20260911_131106_302206,6,256,8,NM,2,208,0.6841847999021411,0.43811980076134205,0.43815029971301556
20260911_131106_302206,6,256,8,NM,2,209,0.6954257003962994,0.4480758002027869,0.4481083005666733
20260911_131106_302206,6,256,8,NM,2,210,0.6943712001666427,0.4547995999455452,0.4548343997448683
20260911_131106_302206,6,256,8,NM,2,211,0.7068453999236226,0.4546908000484109,0.45472340006381273
20260911_131106_302206,6,256,8,NM,2,212,0.6850009001791477,0.452097799628973,0.4521300997585058
20260911_131106_302206,6,256,8,NM,2,213,0.6845887992531061,0.44693419989198446,0.44697600044310093
20260911_131106_302206,6,256,8,NM,2,214,0.6853965995833278,0.4497317997738719,0.4497641995549202
20260911_131106_302206,6,256,8,NM,2,215,0.6955939996987581,0.43827699963003397,0.43830789998173714
20260911_131106_302206,6,256,8,NM,2,216,0.6863948004320264,0.4497407004237175,0.4497734000906348
20260911_131106_302206,6,256,8,NM,2,217,0.688706399872899,0.4443608997389674,0.444394800812006
20260911_131106_302206,6,256,8,NM,2,218,0.6828370001167059,0.44596439972519875,0.4459992004558444
20260911_131106_302206,6,256,8,NM,2,219,0.6947923004627228,0.44848010037094355,0.4485133998095989
20260911_131106_302206,6,256,8,NM,2,220,0.6901319995522499,0.455676699988544,0.4557093996554613
20260911_131106_302206,6,256,8,NM,2,221,0.6971197994425893,0.4391124006360769,0.43914510030299425
20260911_131106_302206,6,256,8,NM,2,222,0.6801415998488665,0.45162840001285076,0.4516660999506712
20260911_131106_302206,6,256,8,NM,2,223,0.6846598004922271,0.4545403001829982,0.4545761002227664
20260911_131106_302206,6,256,8,NM,2,224,0.6946878004819155,0.45574230048805475,0.4557750001549721
20260911_131106_302206,6,256,8,NM,2,225,0.7072828998789191,0.4705368001013994,0.47057029977440834
20260911_131106_302206,6,256,8,NM,2,226,0.698726000264287,0.448755900375545,0.4487899001687765
20260911_131106_302206,6,256,8,NM,2,227,0.6986424000933766,0.450432900339365,0.4504650002345443
20260911_131106_302206,6,256,8,NM,2,228,0.6894030002877116,0.4514800002798438,0.4515132000669837
20260911_131106_302206,6,256,8,NM,2,229,0.691410900093615,0.4471813999116421,0.4472147999331355
20260911_131106_302206,6,256,8,NM,2,230,0.6912366999313235,0.4539222000166774,0.45396809931844473
20260911_131106_302206,6,256,8,NM,2,231,0.7928446996957064,0.4870023000985384,0.4870366994291544
20260911_131106_302206,6,256,8,NM,2,232,0.7180533995851874,0.47502149920910597,0.4750552996993065
20260911_131106_302206,6,256,8,NM,2,233,0.6732757007703185,0.44411929976195097,0.4441503006964922
20260911_131106_302206,6,256,8,NM,2,234,0.6761231999844313,0.454169899225235,0.45420200005173683
20260911_131106_302206,6,256,8,NM,2,235,0.7441899999976158,0.47286610025912523,0.47290150076150894
20260911_131106_302206,6,256,8,NM,2,236,0.8116530999541283,0.4717036001384258,0.4717349000275135
20260911_131106_302206,6,256,8,NM,2,237,0.772796300239861,0.4632520005106926,0.4632835993543267
20260911_131106_302206,6,256,8,NM,2,238,0.7096049999818206,0.45766699966043234,0.45773740019649267
20260911_131106_302206,6,256,8,NM,2,239,0.681406700052321,0.44962119963020086,0.44965509977191687
20260911_131106_302206,6,256,8,NM,2,240,0.6853975998237729,0.4443004997447133,0.44434050004929304
20260911_131106_302206,6,256,8,NM,2,241,0.7151763001456857,0.4745412999764085,0.4745747996494174
20260911_131106_302206,6,256,8,NM,2,242,0.7161802994087338,0.4601221000775695,0.4601556994020939
20260911_131106_302206,6,256,8,NM,2,243,0.6903246995061636,0.4505662005394697,0.4505994999781251
20260911_131106_302206,6,256,8,NM,2,244,0.6891737999394536,0.4513346999883652,0.45136959943920374
20260911_131106_302206,6,256,8,NM,2,245,0.6859726998955011,0.4497235994786024,0.4497563000768423
20260911_131106_302206,6,256,8,NM,2,246,0.6899842005223036,0.44587349984794855,0.44590730033814907
20260911_131106_302206,6,256,8,NM,2,247,0.686021700501442,0.44599249958992004,0.44602559972554445
20260911_131106_302206,6,256,8,NM,2,248,0.6904841996729374,0.4492415999993682,0.4492778005078435
20260911_131106_302206,6,256,8,NM,2,249,0.6944745006039739,0.44536460004746914,0.4453990999609232
20260911_131106_302206,6,256,8,NM,2,250,0.6788960993289948,0.457914499565959,0.4579470995813608
20260911_131106_302206,6,256,8,NM,2,251,0.6841268995776772,0.45197270065546036,0.4520068997517228
20260911_131106_302206,6,256,8,NM,2,252,0.6802444001659751,0.45762320049107075,0.4576557008549571
20260911_131106_302206,6,256,8,NM,2,253,0.7012347001582384,0.4550094995647669,0.4550537997856736
20260911_131106_302206,6,256,8,NM,2,254,0.6931850994005799,0.44319930020719767,0.44323759991675615
20260911_131106_302206,6,256,8,NM,2,255,0.7018512999638915,0.4801463996991515,0.48018000088632107
